[14-Jul-2025 01:51:49 Europe/Berlin] === Simple Upload Working Started ===
[14-Jul-2025 01:51:49 Europe/Berlin] Request Method: GET
[14-Jul-2025 01:51:49 Europe/Berlin] POST Data: []
[14-Jul-2025 01:51:49 Europe/Berlin] FILES Data: []
[14-Jul-2025 01:51:49 Europe/Berlin] Database connection successful
[14-Jul-2025 01:51:49 Europe/Berlin] Error in simple upload working: Invalid request method: GET
[14-Jul-2025 01:51:49 Europe/Berlin] Stack trace: #0 {main}
[14-Jul-2025 01:51:49 Europe/Berlin] === Simple Upload Working Ended ===
[14-Jul-2025 01:51:49 Europe/Berlin] === Simple Upload Working Started ===
[14-Jul-2025 01:51:49 Europe/Berlin] Request Method: GET
[14-Jul-2025 01:51:49 Europe/Berlin] POST Data: []
[14-Jul-2025 01:51:49 Europe/Berlin] FILES Data: []
[14-Jul-2025 01:51:49 Europe/Berlin] Database connection successful
[14-Jul-2025 01:51:49 Europe/Berlin] Error in simple upload working: Invalid request method: GET
[14-Jul-2025 01:51:49 Europe/Berlin] Stack trace: #0 {main}
[14-Jul-2025 01:51:49 Europe/Berlin] === Simple Upload Working Ended ===
[16-Jul-2025 21:24:31 Europe/Berlin] === Simple Upload Working Started ===
[16-Jul-2025 21:24:31 Europe/Berlin] Request Method: POST
[16-Jul-2025 21:24:31 Europe/Berlin] POST Data: {"conversationTurn":"1","questionType":"feedback_response","currentEssentialQuestion":"0","duration":"13.662","token":"2391841ac840b92e67a21cd41f695afcce49089b46e3ad895b35b71f3314b3d4","registrationId":"9"}
[16-Jul-2025 21:24:31 Europe/Berlin] FILES Data: {"video":{"name":"conversation_turn_1_feedback_response.webm","full_path":"conversation_turn_1_feedback_response.webm","type":"video\/webm","tmp_name":"C:\\xampp\\tmp\\php2566.tmp","error":0,"size":2007887}}
[16-Jul-2025 21:24:31 Europe/Berlin] Database connection successful
[16-Jul-2025 21:24:31 Europe/Berlin] Token received: 2391841ac840b92e67a21cd41f695afcce49089b46e3ad895b35b71f3314b3d4
[16-Jul-2025 21:24:31 Europe/Berlin] Token validated successfully
[16-Jul-2025 21:24:31 Europe/Berlin] Moving file from C:\xampp\tmp\php2566.tmp to uploads/interviews/9/conversation_turn_1_feedback_response.webm
[16-Jul-2025 21:24:31 Europe/Berlin] Database SQL: INSERT INTO tblinterviewrecordings 
            (REGISTRATIONID, QUESTION_NUMBER, FILE_PATH, DURATION, RECORDED_AT, CONVERSATION_TURN, QUESTION_TYPE) 
            VALUES 
            ('9', 0, 'uploads/interviews/9/conversation_turn_1_feedback_response.webm', 13.662, NOW(), 1, 'feedback_response')
[16-Jul-2025 21:24:31 Europe/Berlin] Upload completed successfully
[16-Jul-2025 21:24:31 Europe/Berlin] === Simple Upload Working Ended ===
[16-Jul-2025 21:25:31 Europe/Berlin] === Simple Upload Working Started ===
[16-Jul-2025 21:25:31 Europe/Berlin] Request Method: POST
[16-Jul-2025 21:25:31 Europe/Berlin] POST Data: {"conversationTurn":"1","questionType":"feedback_response","currentEssentialQuestion":"0","duration":"14.148","token":"2391841ac840b92e67a21cd41f695afcce49089b46e3ad895b35b71f3314b3d4","registrationId":"9"}
[16-Jul-2025 21:25:31 Europe/Berlin] FILES Data: {"video":{"name":"conversation_turn_1_feedback_response.webm","full_path":"conversation_turn_1_feedback_response.webm","type":"video\/webm","tmp_name":"C:\\xampp\\tmp\\phpE23.tmp","error":0,"size":2096381}}
[16-Jul-2025 21:25:31 Europe/Berlin] Database connection successful
[16-Jul-2025 21:25:31 Europe/Berlin] Token received: 2391841ac840b92e67a21cd41f695afcce49089b46e3ad895b35b71f3314b3d4
[16-Jul-2025 21:25:31 Europe/Berlin] Token validated successfully
[16-Jul-2025 21:25:31 Europe/Berlin] Moving file from C:\xampp\tmp\phpE23.tmp to uploads/interviews/9/conversation_turn_1_feedback_response.webm
[16-Jul-2025 21:25:31 Europe/Berlin] Database SQL: INSERT INTO tblinterviewrecordings 
            (REGISTRATIONID, QUESTION_NUMBER, FILE_PATH, DURATION, RECORDED_AT, CONVERSATION_TURN, QUESTION_TYPE) 
            VALUES 
            ('9', 0, 'uploads/interviews/9/conversation_turn_1_feedback_response.webm', 14.148, NOW(), 1, 'feedback_response')
[16-Jul-2025 21:25:31 Europe/Berlin] Upload completed successfully
[16-Jul-2025 21:25:31 Europe/Berlin] === Simple Upload Working Ended ===
[16-Jul-2025 21:27:26 Europe/Berlin] === Simple Upload Working Started ===
[16-Jul-2025 21:27:26 Europe/Berlin] Request Method: POST
[16-Jul-2025 21:27:26 Europe/Berlin] POST Data: {"conversationTurn":"1","questionType":"feedback_response","currentEssentialQuestion":"0","duration":"11.575","token":"2391841ac840b92e67a21cd41f695afcce49089b46e3ad895b35b71f3314b3d4","registrationId":"9"}
[16-Jul-2025 21:27:26 Europe/Berlin] FILES Data: {"video":{"name":"conversation_turn_1_feedback_response.webm","full_path":"conversation_turn_1_feedback_response.webm","type":"video\/webm","tmp_name":"C:\\xampp\\tmp\\phpCED2.tmp","error":0,"size":1704594}}
[16-Jul-2025 21:27:26 Europe/Berlin] Database connection successful
[16-Jul-2025 21:27:26 Europe/Berlin] Token received: 2391841ac840b92e67a21cd41f695afcce49089b46e3ad895b35b71f3314b3d4
[16-Jul-2025 21:27:26 Europe/Berlin] Token validated successfully
[16-Jul-2025 21:27:26 Europe/Berlin] Moving file from C:\xampp\tmp\phpCED2.tmp to uploads/interviews/9/conversation_turn_1_feedback_response.webm
[16-Jul-2025 21:27:26 Europe/Berlin] Database SQL: INSERT INTO tblinterviewrecordings 
            (REGISTRATIONID, QUESTION_NUMBER, FILE_PATH, DURATION, RECORDED_AT, CONVERSATION_TURN, QUESTION_TYPE) 
            VALUES 
            ('9', 0, 'uploads/interviews/9/conversation_turn_1_feedback_response.webm', 11.575, NOW(), 1, 'feedback_response')
[16-Jul-2025 21:27:26 Europe/Berlin] Upload completed successfully
[16-Jul-2025 21:27:26 Europe/Berlin] === Simple Upload Working Ended ===
[16-Jul-2025 21:28:21 Europe/Berlin] === Simple Upload Working Started ===
[16-Jul-2025 21:28:21 Europe/Berlin] Request Method: POST
[16-Jul-2025 21:28:21 Europe/Berlin] POST Data: {"conversationTurn":"1","questionType":"feedback_response","currentEssentialQuestion":"0","duration":"11.583","token":"2391841ac840b92e67a21cd41f695afcce49089b46e3ad895b35b71f3314b3d4","registrationId":"9"}
[16-Jul-2025 21:28:21 Europe/Berlin] FILES Data: {"video":{"name":"conversation_turn_1_feedback_response.webm","full_path":"conversation_turn_1_feedback_response.webm","type":"video\/webm","tmp_name":"C:\\xampp\\tmp\\phpA7DF.tmp","error":0,"size":1701254}}
[16-Jul-2025 21:28:21 Europe/Berlin] Database connection successful
[16-Jul-2025 21:28:21 Europe/Berlin] Token received: 2391841ac840b92e67a21cd41f695afcce49089b46e3ad895b35b71f3314b3d4
[16-Jul-2025 21:28:21 Europe/Berlin] Token validated successfully
[16-Jul-2025 21:28:21 Europe/Berlin] Moving file from C:\xampp\tmp\phpA7DF.tmp to uploads/interviews/9/conversation_turn_1_feedback_response.webm
[16-Jul-2025 21:28:21 Europe/Berlin] Database SQL: INSERT INTO tblinterviewrecordings 
            (REGISTRATIONID, QUESTION_NUMBER, FILE_PATH, DURATION, RECORDED_AT, CONVERSATION_TURN, QUESTION_TYPE) 
            VALUES 
            ('9', 0, 'uploads/interviews/9/conversation_turn_1_feedback_response.webm', 11.583, NOW(), 1, 'feedback_response')
[16-Jul-2025 21:28:21 Europe/Berlin] Upload completed successfully
[16-Jul-2025 21:28:21 Europe/Berlin] === Simple Upload Working Ended ===
[16-Jul-2025 21:30:15 Europe/Berlin] === Simple Upload Working Started ===
[16-Jul-2025 21:30:15 Europe/Berlin] Request Method: POST
[16-Jul-2025 21:30:15 Europe/Berlin] POST Data: {"conversationTurn":"1","questionType":"feedback_response","currentEssentialQuestion":"0","duration":"10.768","token":"2391841ac840b92e67a21cd41f695afcce49089b46e3ad895b35b71f3314b3d4","registrationId":"9"}
[16-Jul-2025 21:30:15 Europe/Berlin] FILES Data: {"video":{"name":"conversation_turn_1_feedback_response.webm","full_path":"conversation_turn_1_feedback_response.webm","type":"video\/webm","tmp_name":"C:\\xampp\\tmp\\php63FA.tmp","error":0,"size":1572710}}
[16-Jul-2025 21:30:15 Europe/Berlin] Database connection successful
[16-Jul-2025 21:30:15 Europe/Berlin] Token received: 2391841ac840b92e67a21cd41f695afcce49089b46e3ad895b35b71f3314b3d4
[16-Jul-2025 21:30:15 Europe/Berlin] Token validated successfully
[16-Jul-2025 21:30:15 Europe/Berlin] Moving file from C:\xampp\tmp\php63FA.tmp to uploads/interviews/9/conversation_turn_1_feedback_response.webm
[16-Jul-2025 21:30:15 Europe/Berlin] Database SQL: INSERT INTO tblinterviewrecordings 
            (REGISTRATIONID, QUESTION_NUMBER, FILE_PATH, DURATION, RECORDED_AT, CONVERSATION_TURN, QUESTION_TYPE) 
            VALUES 
            ('9', 0, 'uploads/interviews/9/conversation_turn_1_feedback_response.webm', 10.768, NOW(), 1, 'feedback_response')
[16-Jul-2025 21:30:15 Europe/Berlin] Upload completed successfully
[16-Jul-2025 21:30:15 Europe/Berlin] === Simple Upload Working Ended ===
[16-Jul-2025 21:34:10 Europe/Berlin] === Simple Upload Working Started ===
[16-Jul-2025 21:34:10 Europe/Berlin] Request Method: POST
[16-Jul-2025 21:34:10 Europe/Berlin] POST Data: {"conversationTurn":"1","questionType":"feedback_response","currentEssentialQuestion":"0","duration":"11.515","token":"2391841ac840b92e67a21cd41f695afcce49089b46e3ad895b35b71f3314b3d4","registrationId":"9"}
[16-Jul-2025 21:34:10 Europe/Berlin] FILES Data: {"video":{"name":"conversation_turn_1_feedback_response.webm","full_path":"conversation_turn_1_feedback_response.webm","type":"video\/webm","tmp_name":"C:\\xampp\\tmp\\phpFA72.tmp","error":0,"size":1685834}}
[16-Jul-2025 21:34:10 Europe/Berlin] Database connection successful
[16-Jul-2025 21:34:10 Europe/Berlin] Token received: 2391841ac840b92e67a21cd41f695afcce49089b46e3ad895b35b71f3314b3d4
[16-Jul-2025 21:34:10 Europe/Berlin] Token validated successfully
[16-Jul-2025 21:34:10 Europe/Berlin] Moving file from C:\xampp\tmp\phpFA72.tmp to uploads/interviews/9/conversation_turn_1_feedback_response.webm
[16-Jul-2025 21:34:10 Europe/Berlin] Database SQL: INSERT INTO tblinterviewrecordings 
            (REGISTRATIONID, QUESTION_NUMBER, FILE_PATH, DURATION, RECORDED_AT, CONVERSATION_TURN, QUESTION_TYPE) 
            VALUES 
            ('9', 0, 'uploads/interviews/9/conversation_turn_1_feedback_response.webm', 11.515, NOW(), 1, 'feedback_response')
[16-Jul-2025 21:34:10 Europe/Berlin] Upload completed successfully
[16-Jul-2025 21:34:10 Europe/Berlin] === Simple Upload Working Ended ===
[16-Jul-2025 21:39:34 Europe/Berlin] === Simple Upload Working Started ===
[16-Jul-2025 21:39:34 Europe/Berlin] Request Method: POST
[16-Jul-2025 21:39:34 Europe/Berlin] POST Data: {"conversationTurn":"1","questionType":"feedback_response","currentEssentialQuestion":"0","duration":"-0.114","token":"0ca913b83eae460f6fcb715b2943907fd30ff251a47733438638bb4a32f61c55","registrationId":"9"}
[16-Jul-2025 21:39:34 Europe/Berlin] FILES Data: {"video":{"name":"conversation_turn_1_feedback_response.webm","full_path":"conversation_turn_1_feedback_response.webm","type":"video\/webm","tmp_name":"C:\\xampp\\tmp\\phpEC44.tmp","error":0,"size":71018}}
[16-Jul-2025 21:39:34 Europe/Berlin] Database connection successful
[16-Jul-2025 21:39:34 Europe/Berlin] Token received: 0ca913b83eae460f6fcb715b2943907fd30ff251a47733438638bb4a32f61c55
[16-Jul-2025 21:39:34 Europe/Berlin] Token validated successfully
[16-Jul-2025 21:39:34 Europe/Berlin] Moving file from C:\xampp\tmp\phpEC44.tmp to uploads/interviews/9/conversation_turn_1_feedback_response.webm
[16-Jul-2025 21:39:34 Europe/Berlin] Database SQL: INSERT INTO tblinterviewrecordings 
            (REGISTRATIONID, QUESTION_NUMBER, FILE_PATH, DURATION, RECORDED_AT, CONVERSATION_TURN, QUESTION_TYPE) 
            VALUES 
            ('9', 0, 'uploads/interviews/9/conversation_turn_1_feedback_response.webm', -0.114, NOW(), 1, 'feedback_response')
[16-Jul-2025 21:39:34 Europe/Berlin] Upload completed successfully
[16-Jul-2025 21:39:34 Europe/Berlin] === Simple Upload Working Ended ===
[16-Jul-2025 21:39:41 Europe/Berlin] === Simple Upload Working Started ===
[16-Jul-2025 21:39:41 Europe/Berlin] Request Method: POST
[16-Jul-2025 21:39:41 Europe/Berlin] POST Data: {"conversationTurn":"1","questionType":"initial_answer","currentEssentialQuestion":"0","duration":"7.28","token":"0ca913b83eae460f6fcb715b2943907fd30ff251a47733438638bb4a32f61c55","registrationId":"9"}
[16-Jul-2025 21:39:41 Europe/Berlin] FILES Data: {"video":{"name":"conversation_turn_1_initial_answer.webm","full_path":"conversation_turn_1_initial_answer.webm","type":"video\/webm","tmp_name":"C:\\xampp\\tmp\\php57C.tmp","error":0,"size":1141036}}
[16-Jul-2025 21:39:41 Europe/Berlin] Database connection successful
[16-Jul-2025 21:39:41 Europe/Berlin] Token received: 0ca913b83eae460f6fcb715b2943907fd30ff251a47733438638bb4a32f61c55
[16-Jul-2025 21:39:41 Europe/Berlin] Token validated successfully
[16-Jul-2025 21:39:41 Europe/Berlin] Moving file from C:\xampp\tmp\php57C.tmp to uploads/interviews/9/conversation_turn_1_initial_answer.webm
[16-Jul-2025 21:39:41 Europe/Berlin] Database SQL: INSERT INTO tblinterviewrecordings 
            (REGISTRATIONID, QUESTION_NUMBER, FILE_PATH, DURATION, RECORDED_AT, CONVERSATION_TURN, QUESTION_TYPE) 
            VALUES 
            ('9', 0, 'uploads/interviews/9/conversation_turn_1_initial_answer.webm', 7.28, NOW(), 1, 'initial_answer')
[16-Jul-2025 21:39:41 Europe/Berlin] Upload completed successfully
[16-Jul-2025 21:39:41 Europe/Berlin] === Simple Upload Working Ended ===
[16-Jul-2025 21:45:26 Europe/Berlin] === Simple Upload Working Started ===
[16-Jul-2025 21:45:26 Europe/Berlin] Request Method: POST
[16-Jul-2025 21:45:26 Europe/Berlin] POST Data: {"conversationTurn":"1","questionType":"feedback_response","currentEssentialQuestion":"0","duration":"12.582","token":"0ca913b83eae460f6fcb715b2943907fd30ff251a47733438638bb4a32f61c55","registrationId":"9"}
[16-Jul-2025 21:45:26 Europe/Berlin] FILES Data: {"video":{"name":"conversation_turn_1_feedback_response.webm","full_path":"conversation_turn_1_feedback_response.webm","type":"video\/webm","tmp_name":"C:\\xampp\\tmp\\php4A8E.tmp","error":0,"size":1845999}}
[16-Jul-2025 21:45:26 Europe/Berlin] Database connection successful
[16-Jul-2025 21:45:26 Europe/Berlin] Token received: 0ca913b83eae460f6fcb715b2943907fd30ff251a47733438638bb4a32f61c55
[16-Jul-2025 21:45:26 Europe/Berlin] Token validated successfully
[16-Jul-2025 21:45:26 Europe/Berlin] Moving file from C:\xampp\tmp\php4A8E.tmp to uploads/interviews/9/conversation_turn_1_feedback_response.webm
[16-Jul-2025 21:45:26 Europe/Berlin] Database SQL: INSERT INTO tblinterviewrecordings 
            (REGISTRATIONID, QUESTION_NUMBER, FILE_PATH, DURATION, RECORDED_AT, CONVERSATION_TURN, QUESTION_TYPE) 
            VALUES 
            ('9', 0, 'uploads/interviews/9/conversation_turn_1_feedback_response.webm', 12.582, NOW(), 1, 'feedback_response')
[16-Jul-2025 21:45:26 Europe/Berlin] Upload completed successfully
[16-Jul-2025 21:45:26 Europe/Berlin] === Simple Upload Working Ended ===
[16-Jul-2025 21:47:44 Europe/Berlin] === Simple Upload Working Started ===
[16-Jul-2025 21:47:44 Europe/Berlin] Request Method: POST
[16-Jul-2025 21:47:44 Europe/Berlin] POST Data: {"conversationTurn":"1","questionType":"feedback_response","currentEssentialQuestion":"0","duration":"11.991","token":"0ca913b83eae460f6fcb715b2943907fd30ff251a47733438638bb4a32f61c55","registrationId":"9"}
[16-Jul-2025 21:47:44 Europe/Berlin] FILES Data: {"video":{"name":"conversation_turn_1_feedback_response.webm","full_path":"conversation_turn_1_feedback_response.webm","type":"video\/webm","tmp_name":"C:\\xampp\\tmp\\php669B.tmp","error":0,"size":1758877}}
[16-Jul-2025 21:47:44 Europe/Berlin] Database connection successful
[16-Jul-2025 21:47:44 Europe/Berlin] Token received: 0ca913b83eae460f6fcb715b2943907fd30ff251a47733438638bb4a32f61c55
[16-Jul-2025 21:47:44 Europe/Berlin] Token validated successfully
[16-Jul-2025 21:47:44 Europe/Berlin] Moving file from C:\xampp\tmp\php669B.tmp to uploads/interviews/9/conversation_turn_1_feedback_response.webm
[16-Jul-2025 21:47:44 Europe/Berlin] Database SQL: INSERT INTO tblinterviewrecordings 
            (REGISTRATIONID, QUESTION_NUMBER, FILE_PATH, DURATION, RECORDED_AT, CONVERSATION_TURN, QUESTION_TYPE) 
            VALUES 
            ('9', 0, 'uploads/interviews/9/conversation_turn_1_feedback_response.webm', 11.991, NOW(), 1, 'feedback_response')
[16-Jul-2025 21:47:44 Europe/Berlin] Upload completed successfully
[16-Jul-2025 21:47:44 Europe/Berlin] === Simple Upload Working Ended ===
[16-Jul-2025 21:49:33 Europe/Berlin] === Simple Upload Working Started ===
[16-Jul-2025 21:49:33 Europe/Berlin] Request Method: POST
[16-Jul-2025 21:49:33 Europe/Berlin] POST Data: {"conversationTurn":"1","questionType":"feedback_response","currentEssentialQuestion":"0","duration":"13.813","token":"0ca913b83eae460f6fcb715b2943907fd30ff251a47733438638bb4a32f61c55","registrationId":"9"}
[16-Jul-2025 21:49:33 Europe/Berlin] FILES Data: {"video":{"name":"conversation_turn_1_feedback_response.webm","full_path":"conversation_turn_1_feedback_response.webm","type":"video\/webm","tmp_name":"C:\\xampp\\tmp\\phpFF9.tmp","error":0,"size":2036775}}
[16-Jul-2025 21:49:33 Europe/Berlin] Database connection successful
[16-Jul-2025 21:49:33 Europe/Berlin] Token received: 0ca913b83eae460f6fcb715b2943907fd30ff251a47733438638bb4a32f61c55
[16-Jul-2025 21:49:33 Europe/Berlin] Token validated successfully
[16-Jul-2025 21:49:33 Europe/Berlin] Moving file from C:\xampp\tmp\phpFF9.tmp to uploads/interviews/9/conversation_turn_1_feedback_response.webm
[16-Jul-2025 21:49:33 Europe/Berlin] Database SQL: INSERT INTO tblinterviewrecordings 
            (REGISTRATIONID, QUESTION_NUMBER, FILE_PATH, DURATION, RECORDED_AT, CONVERSATION_TURN, QUESTION_TYPE) 
            VALUES 
            ('9', 0, 'uploads/interviews/9/conversation_turn_1_feedback_response.webm', 13.813, NOW(), 1, 'feedback_response')
[16-Jul-2025 21:49:33 Europe/Berlin] Upload completed successfully
[16-Jul-2025 21:49:33 Europe/Berlin] === Simple Upload Working Ended ===
[16-Jul-2025 21:50:22 Europe/Berlin] === Simple Upload Working Started ===
[16-Jul-2025 21:50:22 Europe/Berlin] Request Method: POST
[16-Jul-2025 21:50:22 Europe/Berlin] POST Data: {"conversationTurn":"2","questionType":"feedback_response","currentEssentialQuestion":"0","duration":"14.03","token":"0ca913b83eae460f6fcb715b2943907fd30ff251a47733438638bb4a32f61c55","registrationId":"9"}
[16-Jul-2025 21:50:22 Europe/Berlin] FILES Data: {"video":{"name":"conversation_turn_2_feedback_response.webm","full_path":"conversation_turn_2_feedback_response.webm","type":"video\/webm","tmp_name":"C:\\xampp\\tmp\\phpCD7F.tmp","error":0,"size":2068520}}
[16-Jul-2025 21:50:22 Europe/Berlin] Database connection successful
[16-Jul-2025 21:50:22 Europe/Berlin] Token received: 0ca913b83eae460f6fcb715b2943907fd30ff251a47733438638bb4a32f61c55
[16-Jul-2025 21:50:22 Europe/Berlin] Token validated successfully
[16-Jul-2025 21:50:22 Europe/Berlin] Moving file from C:\xampp\tmp\phpCD7F.tmp to uploads/interviews/9/conversation_turn_2_feedback_response.webm
[16-Jul-2025 21:50:22 Europe/Berlin] Database SQL: INSERT INTO tblinterviewrecordings 
            (REGISTRATIONID, QUESTION_NUMBER, FILE_PATH, DURATION, RECORDED_AT, CONVERSATION_TURN, QUESTION_TYPE) 
            VALUES 
            ('9', 0, 'uploads/interviews/9/conversation_turn_2_feedback_response.webm', 14.03, NOW(), 2, 'feedback_response')
[16-Jul-2025 21:50:22 Europe/Berlin] Upload completed successfully
[16-Jul-2025 21:50:22 Europe/Berlin] === Simple Upload Working Ended ===
[16-Jul-2025 21:50:39 Europe/Berlin] === Simple Upload Working Started ===
[16-Jul-2025 21:50:39 Europe/Berlin] Request Method: POST
[16-Jul-2025 21:50:39 Europe/Berlin] POST Data: {"conversationTurn":"3","questionType":"initial_answer","currentEssentialQuestion":"0","duration":"6.502","token":"0ca913b83eae460f6fcb715b2943907fd30ff251a47733438638bb4a32f61c55","registrationId":"9"}
[16-Jul-2025 21:50:39 Europe/Berlin] FILES Data: {"video":{"name":"conversation_turn_3_initial_answer.webm","full_path":"conversation_turn_3_initial_answer.webm","type":"video\/webm","tmp_name":"C:\\xampp\\tmp\\phpF7D.tmp","error":0,"size":957020}}
[16-Jul-2025 21:50:39 Europe/Berlin] Database connection successful
[16-Jul-2025 21:50:39 Europe/Berlin] Token received: 0ca913b83eae460f6fcb715b2943907fd30ff251a47733438638bb4a32f61c55
[16-Jul-2025 21:50:39 Europe/Berlin] Token validated successfully
[16-Jul-2025 21:50:39 Europe/Berlin] Moving file from C:\xampp\tmp\phpF7D.tmp to uploads/interviews/9/conversation_turn_3_initial_answer.webm
[16-Jul-2025 21:50:39 Europe/Berlin] Database SQL: INSERT INTO tblinterviewrecordings 
            (REGISTRATIONID, QUESTION_NUMBER, FILE_PATH, DURATION, RECORDED_AT, CONVERSATION_TURN, QUESTION_TYPE) 
            VALUES 
            ('9', 0, 'uploads/interviews/9/conversation_turn_3_initial_answer.webm', 6.502, NOW(), 3, 'initial_answer')
[16-Jul-2025 21:50:39 Europe/Berlin] Upload completed successfully
[16-Jul-2025 21:50:39 Europe/Berlin] === Simple Upload Working Ended ===
[16-Jul-2025 21:51:16 Europe/Berlin] === Simple Upload Working Started ===
[16-Jul-2025 21:51:16 Europe/Berlin] Request Method: POST
[16-Jul-2025 21:51:16 Europe/Berlin] POST Data: {"conversationTurn":"4","questionType":"feedback_response","currentEssentialQuestion":"1","duration":"16.981","token":"0ca913b83eae460f6fcb715b2943907fd30ff251a47733438638bb4a32f61c55","registrationId":"9"}
[16-Jul-2025 21:51:16 Europe/Berlin] FILES Data: {"video":{"name":"conversation_turn_4_feedback_response.webm","full_path":"conversation_turn_4_feedback_response.webm","type":"video\/webm","tmp_name":"C:\\xampp\\tmp\\phpA1CD.tmp","error":0,"size":2496035}}
[16-Jul-2025 21:51:16 Europe/Berlin] Database connection successful
[16-Jul-2025 21:51:16 Europe/Berlin] Token received: 0ca913b83eae460f6fcb715b2943907fd30ff251a47733438638bb4a32f61c55
[16-Jul-2025 21:51:16 Europe/Berlin] Token validated successfully
[16-Jul-2025 21:51:16 Europe/Berlin] Moving file from C:\xampp\tmp\phpA1CD.tmp to uploads/interviews/9/conversation_turn_4_feedback_response.webm
[16-Jul-2025 21:51:16 Europe/Berlin] Database SQL: INSERT INTO tblinterviewrecordings 
            (REGISTRATIONID, QUESTION_NUMBER, FILE_PATH, DURATION, RECORDED_AT, CONVERSATION_TURN, QUESTION_TYPE) 
            VALUES 
            ('9', 1, 'uploads/interviews/9/conversation_turn_4_feedback_response.webm', 16.981, NOW(), 4, 'feedback_response')
[16-Jul-2025 21:51:16 Europe/Berlin] Upload completed successfully
[16-Jul-2025 21:51:16 Europe/Berlin] === Simple Upload Working Ended ===
[16-Jul-2025 21:51:51 Europe/Berlin] === Simple Upload Working Started ===
[16-Jul-2025 21:51:51 Europe/Berlin] Request Method: POST
[16-Jul-2025 21:51:51 Europe/Berlin] POST Data: {"conversationTurn":"5","questionType":"initial_answer","currentEssentialQuestion":"1","duration":"24.554","token":"0ca913b83eae460f6fcb715b2943907fd30ff251a47733438638bb4a32f61c55","registrationId":"9"}
[16-Jul-2025 21:51:51 Europe/Berlin] FILES Data: {"video":{"name":"conversation_turn_5_initial_answer.webm","full_path":"conversation_turn_5_initial_answer.webm","type":"video\/webm","tmp_name":"C:\\xampp\\tmp\\php2B34.tmp","error":0,"size":3590951}}
[16-Jul-2025 21:51:51 Europe/Berlin] Database connection successful
[16-Jul-2025 21:51:51 Europe/Berlin] Token received: 0ca913b83eae460f6fcb715b2943907fd30ff251a47733438638bb4a32f61c55
[16-Jul-2025 21:51:51 Europe/Berlin] Token validated successfully
[16-Jul-2025 21:51:51 Europe/Berlin] Moving file from C:\xampp\tmp\php2B34.tmp to uploads/interviews/9/conversation_turn_5_initial_answer.webm
[16-Jul-2025 21:51:51 Europe/Berlin] Database SQL: INSERT INTO tblinterviewrecordings 
            (REGISTRATIONID, QUESTION_NUMBER, FILE_PATH, DURATION, RECORDED_AT, CONVERSATION_TURN, QUESTION_TYPE) 
            VALUES 
            ('9', 1, 'uploads/interviews/9/conversation_turn_5_initial_answer.webm', 24.554, NOW(), 5, 'initial_answer')
[16-Jul-2025 21:51:51 Europe/Berlin] Upload completed successfully
[16-Jul-2025 21:51:51 Europe/Berlin] === Simple Upload Working Ended ===
[16-Jul-2025 21:52:37 Europe/Berlin] === Simple Upload Working Started ===
[16-Jul-2025 21:52:37 Europe/Berlin] Request Method: POST
[16-Jul-2025 21:52:37 Europe/Berlin] POST Data: {"conversationTurn":"6","questionType":"feedback_response","currentEssentialQuestion":"2","duration":"23.381","token":"0ca913b83eae460f6fcb715b2943907fd30ff251a47733438638bb4a32f61c55","registrationId":"9"}
[16-Jul-2025 21:52:37 Europe/Berlin] FILES Data: {"video":{"name":"conversation_turn_6_feedback_response.webm","full_path":"conversation_turn_6_feedback_response.webm","type":"video\/webm","tmp_name":"C:\\xampp\\tmp\\phpDE2B.tmp","error":0,"size":3429473}}
[16-Jul-2025 21:52:37 Europe/Berlin] Database connection successful
[16-Jul-2025 21:52:37 Europe/Berlin] Token received: 0ca913b83eae460f6fcb715b2943907fd30ff251a47733438638bb4a32f61c55
[16-Jul-2025 21:52:37 Europe/Berlin] Token validated successfully
[16-Jul-2025 21:52:37 Europe/Berlin] Moving file from C:\xampp\tmp\phpDE2B.tmp to uploads/interviews/9/conversation_turn_6_feedback_response.webm
[16-Jul-2025 21:52:37 Europe/Berlin] Database SQL: INSERT INTO tblinterviewrecordings 
            (REGISTRATIONID, QUESTION_NUMBER, FILE_PATH, DURATION, RECORDED_AT, CONVERSATION_TURN, QUESTION_TYPE) 
            VALUES 
            ('9', 2, 'uploads/interviews/9/conversation_turn_6_feedback_response.webm', 23.381, NOW(), 6, 'feedback_response')
[16-Jul-2025 21:52:37 Europe/Berlin] Upload completed successfully
[16-Jul-2025 21:52:37 Europe/Berlin] === Simple Upload Working Ended ===
[16-Jul-2025 21:52:59 Europe/Berlin] === Simple Upload Working Started ===
[16-Jul-2025 21:52:59 Europe/Berlin] Request Method: POST
[16-Jul-2025 21:52:59 Europe/Berlin] POST Data: {"conversationTurn":"7","questionType":"initial_answer","currentEssentialQuestion":"2","duration":"12.176","token":"0ca913b83eae460f6fcb715b2943907fd30ff251a47733438638bb4a32f61c55","registrationId":"9"}
[16-Jul-2025 21:52:59 Europe/Berlin] FILES Data: {"video":{"name":"conversation_turn_7_initial_answer.webm","full_path":"conversation_turn_7_initial_answer.webm","type":"video\/webm","tmp_name":"C:\\xampp\\tmp\\php3392.tmp","error":0,"size":1786705}}
[16-Jul-2025 21:52:59 Europe/Berlin] Database connection successful
[16-Jul-2025 21:52:59 Europe/Berlin] Token received: 0ca913b83eae460f6fcb715b2943907fd30ff251a47733438638bb4a32f61c55
[16-Jul-2025 21:52:59 Europe/Berlin] Token validated successfully
[16-Jul-2025 21:52:59 Europe/Berlin] Moving file from C:\xampp\tmp\php3392.tmp to uploads/interviews/9/conversation_turn_7_initial_answer.webm
[16-Jul-2025 21:52:59 Europe/Berlin] Database SQL: INSERT INTO tblinterviewrecordings 
            (REGISTRATIONID, QUESTION_NUMBER, FILE_PATH, DURATION, RECORDED_AT, CONVERSATION_TURN, QUESTION_TYPE) 
            VALUES 
            ('9', 2, 'uploads/interviews/9/conversation_turn_7_initial_answer.webm', 12.176, NOW(), 7, 'initial_answer')
[16-Jul-2025 21:52:59 Europe/Berlin] Upload completed successfully
[16-Jul-2025 21:52:59 Europe/Berlin] === Simple Upload Working Ended ===
[16-Jul-2025 21:53:38 Europe/Berlin] === Simple Upload Working Started ===
[16-Jul-2025 21:53:38 Europe/Berlin] Request Method: POST
[16-Jul-2025 21:53:38 Europe/Berlin] POST Data: {"conversationTurn":"8","questionType":"feedback_response","currentEssentialQuestion":"3","duration":"18.313","token":"0ca913b83eae460f6fcb715b2943907fd30ff251a47733438638bb4a32f61c55","registrationId":"9"}
[16-Jul-2025 21:53:38 Europe/Berlin] FILES Data: {"video":{"name":"conversation_turn_8_feedback_response.webm","full_path":"conversation_turn_8_feedback_response.webm","type":"video\/webm","tmp_name":"C:\\xampp\\tmp\\phpCA18.tmp","error":0,"size":2684192}}
[16-Jul-2025 21:53:38 Europe/Berlin] Database connection successful
[16-Jul-2025 21:53:38 Europe/Berlin] Token received: 0ca913b83eae460f6fcb715b2943907fd30ff251a47733438638bb4a32f61c55
[16-Jul-2025 21:53:38 Europe/Berlin] Token validated successfully
[16-Jul-2025 21:53:38 Europe/Berlin] Moving file from C:\xampp\tmp\phpCA18.tmp to uploads/interviews/9/conversation_turn_8_feedback_response.webm
[16-Jul-2025 21:53:38 Europe/Berlin] Database SQL: INSERT INTO tblinterviewrecordings 
            (REGISTRATIONID, QUESTION_NUMBER, FILE_PATH, DURATION, RECORDED_AT, CONVERSATION_TURN, QUESTION_TYPE) 
            VALUES 
            ('9', 3, 'uploads/interviews/9/conversation_turn_8_feedback_response.webm', 18.313, NOW(), 8, 'feedback_response')
[16-Jul-2025 21:53:38 Europe/Berlin] Upload completed successfully
[16-Jul-2025 21:53:38 Europe/Berlin] === Simple Upload Working Ended ===
[16-Jul-2025 21:54:01 Europe/Berlin] === Simple Upload Working Started ===
[16-Jul-2025 21:54:01 Europe/Berlin] Request Method: POST
[16-Jul-2025 21:54:01 Europe/Berlin] POST Data: {"conversationTurn":"9","questionType":"initial_answer","currentEssentialQuestion":"3","duration":"12.912","token":"0ca913b83eae460f6fcb715b2943907fd30ff251a47733438638bb4a32f61c55","registrationId":"9"}
[16-Jul-2025 21:54:01 Europe/Berlin] FILES Data: {"video":{"name":"conversation_turn_9_initial_answer.webm","full_path":"conversation_turn_9_initial_answer.webm","type":"video\/webm","tmp_name":"C:\\xampp\\tmp\\php2654.tmp","error":0,"size":1889622}}
[16-Jul-2025 21:54:01 Europe/Berlin] Database connection successful
[16-Jul-2025 21:54:01 Europe/Berlin] Token received: 0ca913b83eae460f6fcb715b2943907fd30ff251a47733438638bb4a32f61c55
[16-Jul-2025 21:54:01 Europe/Berlin] Token validated successfully
[16-Jul-2025 21:54:01 Europe/Berlin] Moving file from C:\xampp\tmp\php2654.tmp to uploads/interviews/9/conversation_turn_9_initial_answer.webm
[16-Jul-2025 21:54:01 Europe/Berlin] Database SQL: INSERT INTO tblinterviewrecordings 
            (REGISTRATIONID, QUESTION_NUMBER, FILE_PATH, DURATION, RECORDED_AT, CONVERSATION_TURN, QUESTION_TYPE) 
            VALUES 
            ('9', 3, 'uploads/interviews/9/conversation_turn_9_initial_answer.webm', 12.912, NOW(), 9, 'initial_answer')
[16-Jul-2025 21:54:01 Europe/Berlin] Upload completed successfully
[16-Jul-2025 21:54:01 Europe/Berlin] === Simple Upload Working Ended ===
[16-Jul-2025 21:54:39 Europe/Berlin] === Simple Upload Working Started ===
[16-Jul-2025 21:54:39 Europe/Berlin] Request Method: POST
[16-Jul-2025 21:54:39 Europe/Berlin] POST Data: {"conversationTurn":"10","questionType":"feedback_response","currentEssentialQuestion":"4","duration":"15.792","token":"0ca913b83eae460f6fcb715b2943907fd30ff251a47733438638bb4a32f61c55","registrationId":"9"}
[16-Jul-2025 21:54:39 Europe/Berlin] FILES Data: {"video":{"name":"conversation_turn_10_feedback_response.webm","full_path":"conversation_turn_10_feedback_response.webm","type":"video\/webm","tmp_name":"C:\\xampp\\tmp\\phpBB83.tmp","error":0,"size":2317116}}
[16-Jul-2025 21:54:39 Europe/Berlin] Database connection successful
[16-Jul-2025 21:54:39 Europe/Berlin] Token received: 0ca913b83eae460f6fcb715b2943907fd30ff251a47733438638bb4a32f61c55
[16-Jul-2025 21:54:39 Europe/Berlin] Token validated successfully
[16-Jul-2025 21:54:39 Europe/Berlin] Moving file from C:\xampp\tmp\phpBB83.tmp to uploads/interviews/9/conversation_turn_10_feedback_response.webm
[16-Jul-2025 21:54:39 Europe/Berlin] Database SQL: INSERT INTO tblinterviewrecordings 
            (REGISTRATIONID, QUESTION_NUMBER, FILE_PATH, DURATION, RECORDED_AT, CONVERSATION_TURN, QUESTION_TYPE) 
            VALUES 
            ('9', 4, 'uploads/interviews/9/conversation_turn_10_feedback_response.webm', 15.792, NOW(), 10, 'feedback_response')
[16-Jul-2025 21:54:39 Europe/Berlin] Upload completed successfully
[16-Jul-2025 21:54:39 Europe/Berlin] === Simple Upload Working Ended ===
[16-Jul-2025 21:55:17 Europe/Berlin] === Simple Upload Working Started ===
[16-Jul-2025 21:55:17 Europe/Berlin] Request Method: POST
[16-Jul-2025 21:55:17 Europe/Berlin] POST Data: {"conversationTurn":"11","questionType":"initial_answer","currentEssentialQuestion":"4","duration":"27.49","token":"0ca913b83eae460f6fcb715b2943907fd30ff251a47733438638bb4a32f61c55","registrationId":"9"}
[16-Jul-2025 21:55:17 Europe/Berlin] FILES Data: {"video":{"name":"conversation_turn_11_initial_answer.webm","full_path":"conversation_turn_11_initial_answer.webm","type":"video\/webm","tmp_name":"C:\\xampp\\tmp\\php4F69.tmp","error":0,"size":4030048}}
[16-Jul-2025 21:55:17 Europe/Berlin] Database connection successful
[16-Jul-2025 21:55:17 Europe/Berlin] Token received: 0ca913b83eae460f6fcb715b2943907fd30ff251a47733438638bb4a32f61c55
[16-Jul-2025 21:55:17 Europe/Berlin] Token validated successfully
[16-Jul-2025 21:55:17 Europe/Berlin] Moving file from C:\xampp\tmp\php4F69.tmp to uploads/interviews/9/conversation_turn_11_initial_answer.webm
[16-Jul-2025 21:55:17 Europe/Berlin] Database SQL: INSERT INTO tblinterviewrecordings 
            (REGISTRATIONID, QUESTION_NUMBER, FILE_PATH, DURATION, RECORDED_AT, CONVERSATION_TURN, QUESTION_TYPE) 
            VALUES 
            ('9', 4, 'uploads/interviews/9/conversation_turn_11_initial_answer.webm', 27.49, NOW(), 11, 'initial_answer')
[16-Jul-2025 21:55:17 Europe/Berlin] Upload completed successfully
[16-Jul-2025 21:55:17 Europe/Berlin] === Simple Upload Working Ended ===
[16-Jul-2025 21:55:51 Europe/Berlin] === Simple Upload Working Started ===
[16-Jul-2025 21:55:51 Europe/Berlin] Request Method: POST
[16-Jul-2025 21:55:51 Europe/Berlin] POST Data: {"conversationTurn":"12","questionType":"feedback_response","currentEssentialQuestion":"5","duration":"14.879","token":"0ca913b83eae460f6fcb715b2943907fd30ff251a47733438638bb4a32f61c55","registrationId":"9"}
[16-Jul-2025 21:55:51 Europe/Berlin] FILES Data: {"video":{"name":"conversation_turn_12_feedback_response.webm","full_path":"conversation_turn_12_feedback_response.webm","type":"video\/webm","tmp_name":"C:\\xampp\\tmp\\phpD47B.tmp","error":0,"size":2184374}}
[16-Jul-2025 21:55:51 Europe/Berlin] Database connection successful
[16-Jul-2025 21:55:51 Europe/Berlin] Token received: 0ca913b83eae460f6fcb715b2943907fd30ff251a47733438638bb4a32f61c55
[16-Jul-2025 21:55:51 Europe/Berlin] Token validated successfully
[16-Jul-2025 21:55:51 Europe/Berlin] Moving file from C:\xampp\tmp\phpD47B.tmp to uploads/interviews/9/conversation_turn_12_feedback_response.webm
[16-Jul-2025 21:55:51 Europe/Berlin] Database SQL: INSERT INTO tblinterviewrecordings 
            (REGISTRATIONID, QUESTION_NUMBER, FILE_PATH, DURATION, RECORDED_AT, CONVERSATION_TURN, QUESTION_TYPE) 
            VALUES 
            ('9', 5, 'uploads/interviews/9/conversation_turn_12_feedback_response.webm', 14.879, NOW(), 12, 'feedback_response')
[16-Jul-2025 21:55:51 Europe/Berlin] Upload completed successfully
[16-Jul-2025 21:55:51 Europe/Berlin] === Simple Upload Working Ended ===
[16-Jul-2025 21:56:13 Europe/Berlin] === Simple Upload Working Started ===
[16-Jul-2025 21:56:13 Europe/Berlin] Request Method: POST
[16-Jul-2025 21:56:13 Europe/Berlin] POST Data: {"conversationTurn":"13","questionType":"initial_answer","currentEssentialQuestion":"5","duration":"12.106","token":"0ca913b83eae460f6fcb715b2943907fd30ff251a47733438638bb4a32f61c55","registrationId":"9"}
[16-Jul-2025 21:56:13 Europe/Berlin] FILES Data: {"video":{"name":"conversation_turn_13_initial_answer.webm","full_path":"conversation_turn_13_initial_answer.webm","type":"video\/webm","tmp_name":"C:\\xampp\\tmp\\php28A9.tmp","error":0,"size":1774485}}
[16-Jul-2025 21:56:13 Europe/Berlin] Database connection successful
[16-Jul-2025 21:56:13 Europe/Berlin] Token received: 0ca913b83eae460f6fcb715b2943907fd30ff251a47733438638bb4a32f61c55
[16-Jul-2025 21:56:13 Europe/Berlin] Token validated successfully
[16-Jul-2025 21:56:13 Europe/Berlin] Moving file from C:\xampp\tmp\php28A9.tmp to uploads/interviews/9/conversation_turn_13_initial_answer.webm
[16-Jul-2025 21:56:13 Europe/Berlin] Database SQL: INSERT INTO tblinterviewrecordings 
            (REGISTRATIONID, QUESTION_NUMBER, FILE_PATH, DURATION, RECORDED_AT, CONVERSATION_TURN, QUESTION_TYPE) 
            VALUES 
            ('9', 5, 'uploads/interviews/9/conversation_turn_13_initial_answer.webm', 12.106, NOW(), 13, 'initial_answer')
[16-Jul-2025 21:56:13 Europe/Berlin] Upload completed successfully
[16-Jul-2025 21:56:13 Europe/Berlin] === Simple Upload Working Ended ===
[16-Jul-2025 21:56:46 Europe/Berlin] === Simple Upload Working Started ===
[16-Jul-2025 21:56:46 Europe/Berlin] Request Method: POST
[16-Jul-2025 21:56:46 Europe/Berlin] POST Data: {"conversationTurn":"13","questionType":"feedback_response","currentEssentialQuestion":"6","duration":"11.717","token":"0ca913b83eae460f6fcb715b2943907fd30ff251a47733438638bb4a32f61c55","registrationId":"9"}
[16-Jul-2025 21:56:46 Europe/Berlin] FILES Data: {"video":{"name":"conversation_turn_13_feedback_response.webm","full_path":"conversation_turn_13_feedback_response.webm","type":"video\/webm","tmp_name":"C:\\xampp\\tmp\\phpA87A.tmp","error":0,"size":1716228}}
[16-Jul-2025 21:56:46 Europe/Berlin] Database connection successful
[16-Jul-2025 21:56:46 Europe/Berlin] Token received: 0ca913b83eae460f6fcb715b2943907fd30ff251a47733438638bb4a32f61c55
[16-Jul-2025 21:56:46 Europe/Berlin] Token validated successfully
[16-Jul-2025 21:56:46 Europe/Berlin] Moving file from C:\xampp\tmp\phpA87A.tmp to uploads/interviews/9/conversation_turn_13_feedback_response.webm
[16-Jul-2025 21:56:46 Europe/Berlin] Database SQL: INSERT INTO tblinterviewrecordings 
            (REGISTRATIONID, QUESTION_NUMBER, FILE_PATH, DURATION, RECORDED_AT, CONVERSATION_TURN, QUESTION_TYPE) 
            VALUES 
            ('9', 6, 'uploads/interviews/9/conversation_turn_13_feedback_response.webm', 11.717, NOW(), 13, 'feedback_response')
[16-Jul-2025 21:56:46 Europe/Berlin] Upload completed successfully
[16-Jul-2025 21:56:46 Europe/Berlin] === Simple Upload Working Ended ===
[16-Jul-2025 22:03:46 Europe/Berlin] === Simple Upload Working Started ===
[16-Jul-2025 22:03:46 Europe/Berlin] Request Method: POST
[16-Jul-2025 22:03:46 Europe/Berlin] POST Data: {"conversationTurn":"1","questionType":"initial_answer","currentEssentialQuestion":"1","duration":"14.192","token":"0ca913b83eae460f6fcb715b2943907fd30ff251a47733438638bb4a32f61c55","registrationId":"9"}
[16-Jul-2025 22:03:46 Europe/Berlin] FILES Data: {"video":{"name":"conversation_turn_1_initial_answer.webm","full_path":"conversation_turn_1_initial_answer.webm","type":"video\/webm","tmp_name":"C:\\xampp\\tmp\\php139E.tmp","error":0,"size":2085322}}
[16-Jul-2025 22:03:46 Europe/Berlin] Database connection successful
[16-Jul-2025 22:03:46 Europe/Berlin] Token received: 0ca913b83eae460f6fcb715b2943907fd30ff251a47733438638bb4a32f61c55
[16-Jul-2025 22:03:46 Europe/Berlin] Token validated successfully
[16-Jul-2025 22:03:46 Europe/Berlin] Moving file from C:\xampp\tmp\php139E.tmp to uploads/interviews/9/conversation_turn_1_initial_answer.webm
[16-Jul-2025 22:03:46 Europe/Berlin] Database SQL: INSERT INTO tblinterviewrecordings 
            (REGISTRATIONID, QUESTION_NUMBER, FILE_PATH, DURATION, RECORDED_AT, CONVERSATION_TURN, QUESTION_TYPE) 
            VALUES 
            ('9', 1, 'uploads/interviews/9/conversation_turn_1_initial_answer.webm', 14.192, NOW(), 1, 'initial_answer')
[16-Jul-2025 22:03:46 Europe/Berlin] Upload completed successfully
[16-Jul-2025 22:03:46 Europe/Berlin] === Simple Upload Working Ended ===
[16-Jul-2025 22:05:18 Europe/Berlin] === Simple Upload Working Started ===
[16-Jul-2025 22:05:18 Europe/Berlin] Request Method: POST
[16-Jul-2025 22:05:18 Europe/Berlin] POST Data: {"conversationTurn":"2","questionType":"feedback_response","currentEssentialQuestion":"0","duration":"13.613","token":"0ca913b83eae460f6fcb715b2943907fd30ff251a47733438638bb4a32f61c55","registrationId":"9"}
[16-Jul-2025 22:05:18 Europe/Berlin] FILES Data: {"video":{"name":"conversation_turn_2_feedback_response.webm","full_path":"conversation_turn_2_feedback_response.webm","type":"video\/webm","tmp_name":"C:\\xampp\\tmp\\php791D.tmp","error":0,"size":2007198}}
[16-Jul-2025 22:05:18 Europe/Berlin] Database connection successful
[16-Jul-2025 22:05:18 Europe/Berlin] Token received: 0ca913b83eae460f6fcb715b2943907fd30ff251a47733438638bb4a32f61c55
[16-Jul-2025 22:05:18 Europe/Berlin] Token validated successfully
[16-Jul-2025 22:05:18 Europe/Berlin] Moving file from C:\xampp\tmp\php791D.tmp to uploads/interviews/9/conversation_turn_2_feedback_response.webm
[16-Jul-2025 22:05:18 Europe/Berlin] Database SQL: INSERT INTO tblinterviewrecordings 
            (REGISTRATIONID, QUESTION_NUMBER, FILE_PATH, DURATION, RECORDED_AT, CONVERSATION_TURN, QUESTION_TYPE) 
            VALUES 
            ('9', 0, 'uploads/interviews/9/conversation_turn_2_feedback_response.webm', 13.613, NOW(), 2, 'feedback_response')
[16-Jul-2025 22:05:18 Europe/Berlin] Upload completed successfully
[16-Jul-2025 22:05:18 Europe/Berlin] === Simple Upload Working Ended ===
[16-Jul-2025 22:05:32 Europe/Berlin] === Simple Upload Working Started ===
[16-Jul-2025 22:05:32 Europe/Berlin] Request Method: POST
[16-Jul-2025 22:05:32 Europe/Berlin] POST Data: {"conversationTurn":"3","questionType":"initial_answer","currentEssentialQuestion":"0","duration":"8.153","token":"0ca913b83eae460f6fcb715b2943907fd30ff251a47733438638bb4a32f61c55","registrationId":"9"}
[16-Jul-2025 22:05:32 Europe/Berlin] FILES Data: {"video":{"name":"conversation_turn_3_initial_answer.webm","full_path":"conversation_turn_3_initial_answer.webm","type":"video\/webm","tmp_name":"C:\\xampp\\tmp\\phpAFCF.tmp","error":0,"size":1202717}}
[16-Jul-2025 22:05:32 Europe/Berlin] Database connection successful
[16-Jul-2025 22:05:32 Europe/Berlin] Token received: 0ca913b83eae460f6fcb715b2943907fd30ff251a47733438638bb4a32f61c55
[16-Jul-2025 22:05:32 Europe/Berlin] Token validated successfully
[16-Jul-2025 22:05:32 Europe/Berlin] Moving file from C:\xampp\tmp\phpAFCF.tmp to uploads/interviews/9/conversation_turn_3_initial_answer.webm
[16-Jul-2025 22:05:32 Europe/Berlin] Database SQL: INSERT INTO tblinterviewrecordings 
            (REGISTRATIONID, QUESTION_NUMBER, FILE_PATH, DURATION, RECORDED_AT, CONVERSATION_TURN, QUESTION_TYPE) 
            VALUES 
            ('9', 0, 'uploads/interviews/9/conversation_turn_3_initial_answer.webm', 8.153, NOW(), 3, 'initial_answer')
[16-Jul-2025 22:05:32 Europe/Berlin] Upload completed successfully
[16-Jul-2025 22:05:32 Europe/Berlin] === Simple Upload Working Ended ===
[16-Jul-2025 22:06:01 Europe/Berlin] === Simple Upload Working Started ===
[16-Jul-2025 22:06:01 Europe/Berlin] Request Method: POST
[16-Jul-2025 22:06:01 Europe/Berlin] POST Data: {"conversationTurn":"3","questionType":"initial_answer","currentEssentialQuestion":"2","duration":"8.702","token":"0ca913b83eae460f6fcb715b2943907fd30ff251a47733438638bb4a32f61c55","registrationId":"9"}
[16-Jul-2025 22:06:01 Europe/Berlin] FILES Data: {"video":{"name":"conversation_turn_3_initial_answer.webm","full_path":"conversation_turn_3_initial_answer.webm","type":"video\/webm","tmp_name":"C:\\xampp\\tmp\\php208C.tmp","error":0,"size":1280256}}
[16-Jul-2025 22:06:01 Europe/Berlin] Database connection successful
[16-Jul-2025 22:06:01 Europe/Berlin] Token received: 0ca913b83eae460f6fcb715b2943907fd30ff251a47733438638bb4a32f61c55
[16-Jul-2025 22:06:01 Europe/Berlin] Token validated successfully
[16-Jul-2025 22:06:01 Europe/Berlin] Moving file from C:\xampp\tmp\php208C.tmp to uploads/interviews/9/conversation_turn_3_initial_answer.webm
[16-Jul-2025 22:06:01 Europe/Berlin] Database SQL: INSERT INTO tblinterviewrecordings 
            (REGISTRATIONID, QUESTION_NUMBER, FILE_PATH, DURATION, RECORDED_AT, CONVERSATION_TURN, QUESTION_TYPE) 
            VALUES 
            ('9', 2, 'uploads/interviews/9/conversation_turn_3_initial_answer.webm', 8.702, NOW(), 3, 'initial_answer')
[16-Jul-2025 22:06:01 Europe/Berlin] Upload completed successfully
[16-Jul-2025 22:06:01 Europe/Berlin] === Simple Upload Working Ended ===
[16-Jul-2025 22:08:31 Europe/Berlin] === Simple Upload Working Started ===
[16-Jul-2025 22:08:31 Europe/Berlin] Request Method: POST
[16-Jul-2025 22:08:31 Europe/Berlin] POST Data: {"conversationTurn":"2","questionType":"feedback_response","currentEssentialQuestion":"0","duration":"14.642","token":"0ca913b83eae460f6fcb715b2943907fd30ff251a47733438638bb4a32f61c55","registrationId":"9"}
[16-Jul-2025 22:08:31 Europe/Berlin] FILES Data: {"video":{"name":"conversation_turn_2_feedback_response.webm","full_path":"conversation_turn_2_feedback_response.webm","type":"video\/webm","tmp_name":"C:\\xampp\\tmp\\php6D5C.tmp","error":0,"size":2153736}}
[16-Jul-2025 22:08:31 Europe/Berlin] Database connection successful
[16-Jul-2025 22:08:31 Europe/Berlin] Token received: 0ca913b83eae460f6fcb715b2943907fd30ff251a47733438638bb4a32f61c55
[16-Jul-2025 22:08:31 Europe/Berlin] Token validated successfully
[16-Jul-2025 22:08:31 Europe/Berlin] Moving file from C:\xampp\tmp\php6D5C.tmp to uploads/interviews/9/conversation_turn_2_feedback_response.webm
[16-Jul-2025 22:08:31 Europe/Berlin] Database SQL: INSERT INTO tblinterviewrecordings 
            (REGISTRATIONID, QUESTION_NUMBER, FILE_PATH, DURATION, RECORDED_AT, CONVERSATION_TURN, QUESTION_TYPE) 
            VALUES 
            ('9', 0, 'uploads/interviews/9/conversation_turn_2_feedback_response.webm', 14.642, NOW(), 2, 'feedback_response')
[16-Jul-2025 22:08:31 Europe/Berlin] Upload completed successfully
[16-Jul-2025 22:08:31 Europe/Berlin] === Simple Upload Working Ended ===
[16-Jul-2025 22:10:49 Europe/Berlin] === Simple Upload Working Started ===
[16-Jul-2025 22:10:49 Europe/Berlin] Request Method: POST
[16-Jul-2025 22:10:49 Europe/Berlin] POST Data: {"conversationTurn":"1","questionType":"feedback_response","currentEssentialQuestion":"0","duration":"19.282","token":"0ca913b83eae460f6fcb715b2943907fd30ff251a47733438638bb4a32f61c55","registrationId":"9"}
[16-Jul-2025 22:10:49 Europe/Berlin] FILES Data: {"video":{"name":"conversation_turn_1_feedback_response.webm","full_path":"conversation_turn_1_feedback_response.webm","type":"video\/webm","tmp_name":"C:\\xampp\\tmp\\php8801.tmp","error":0,"size":2826886}}
[16-Jul-2025 22:10:49 Europe/Berlin] Database connection successful
[16-Jul-2025 22:10:49 Europe/Berlin] Token received: 0ca913b83eae460f6fcb715b2943907fd30ff251a47733438638bb4a32f61c55
[16-Jul-2025 22:10:49 Europe/Berlin] Token validated successfully
[16-Jul-2025 22:10:49 Europe/Berlin] Moving file from C:\xampp\tmp\php8801.tmp to uploads/interviews/9/conversation_turn_1_feedback_response.webm
[16-Jul-2025 22:10:49 Europe/Berlin] Database SQL: INSERT INTO tblinterviewrecordings 
            (REGISTRATIONID, QUESTION_NUMBER, FILE_PATH, DURATION, RECORDED_AT, CONVERSATION_TURN, QUESTION_TYPE) 
            VALUES 
            ('9', 0, 'uploads/interviews/9/conversation_turn_1_feedback_response.webm', 19.282, NOW(), 1, 'feedback_response')
[16-Jul-2025 22:10:49 Europe/Berlin] Upload completed successfully
[16-Jul-2025 22:10:49 Europe/Berlin] === Simple Upload Working Ended ===
[16-Jul-2025 22:13:22 Europe/Berlin] === Simple Upload Working Started ===
[16-Jul-2025 22:13:22 Europe/Berlin] Request Method: POST
[16-Jul-2025 22:13:22 Europe/Berlin] POST Data: {"conversationTurn":"2","questionType":"feedback_response","currentEssentialQuestion":"0","duration":"15.147","token":"0ca913b83eae460f6fcb715b2943907fd30ff251a47733438638bb4a32f61c55","registrationId":"9"}
[16-Jul-2025 22:13:22 Europe/Berlin] FILES Data: {"video":{"name":"conversation_turn_2_feedback_response.webm","full_path":"conversation_turn_2_feedback_response.webm","type":"video\/webm","tmp_name":"C:\\xampp\\tmp\\phpDC45.tmp","error":0,"size":2228538}}
[16-Jul-2025 22:13:22 Europe/Berlin] Database connection successful
[16-Jul-2025 22:13:22 Europe/Berlin] Token received: 0ca913b83eae460f6fcb715b2943907fd30ff251a47733438638bb4a32f61c55
[16-Jul-2025 22:13:22 Europe/Berlin] Token validated successfully
[16-Jul-2025 22:13:22 Europe/Berlin] Moving file from C:\xampp\tmp\phpDC45.tmp to uploads/interviews/9/conversation_turn_2_feedback_response.webm
[16-Jul-2025 22:13:22 Europe/Berlin] Database SQL: INSERT INTO tblinterviewrecordings 
            (REGISTRATIONID, QUESTION_NUMBER, FILE_PATH, DURATION, RECORDED_AT, CONVERSATION_TURN, QUESTION_TYPE) 
            VALUES 
            ('9', 0, 'uploads/interviews/9/conversation_turn_2_feedback_response.webm', 15.147, NOW(), 2, 'feedback_response')
[16-Jul-2025 22:13:22 Europe/Berlin] Upload completed successfully
[16-Jul-2025 22:13:22 Europe/Berlin] === Simple Upload Working Ended ===
[16-Jul-2025 22:15:59 Europe/Berlin] === Simple Upload Working Started ===
[16-Jul-2025 22:15:59 Europe/Berlin] Request Method: POST
[16-Jul-2025 22:15:59 Europe/Berlin] POST Data: {"conversationTurn":"1","questionType":"feedback_response","currentEssentialQuestion":"0","duration":"11.809","token":"0ca913b83eae460f6fcb715b2943907fd30ff251a47733438638bb4a32f61c55","registrationId":"9"}
[16-Jul-2025 22:15:59 Europe/Berlin] FILES Data: {"video":{"name":"conversation_turn_1_feedback_response.webm","full_path":"conversation_turn_1_feedback_response.webm","type":"video\/webm","tmp_name":"C:\\xampp\\tmp\\php4374.tmp","error":0,"size":1730668}}
[16-Jul-2025 22:15:59 Europe/Berlin] Database connection successful
[16-Jul-2025 22:15:59 Europe/Berlin] Token received: 0ca913b83eae460f6fcb715b2943907fd30ff251a47733438638bb4a32f61c55
[16-Jul-2025 22:15:59 Europe/Berlin] Token validated successfully
[16-Jul-2025 22:15:59 Europe/Berlin] Moving file from C:\xampp\tmp\php4374.tmp to uploads/interviews/9/conversation_turn_1_feedback_response.webm
[16-Jul-2025 22:15:59 Europe/Berlin] Database SQL: INSERT INTO tblinterviewrecordings 
            (REGISTRATIONID, QUESTION_NUMBER, FILE_PATH, DURATION, RECORDED_AT, CONVERSATION_TURN, QUESTION_TYPE) 
            VALUES 
            ('9', 0, 'uploads/interviews/9/conversation_turn_1_feedback_response.webm', 11.809, NOW(), 1, 'feedback_response')
[16-Jul-2025 22:15:59 Europe/Berlin] Upload completed successfully
[16-Jul-2025 22:15:59 Europe/Berlin] === Simple Upload Working Ended ===
[16-Jul-2025 22:17:33 Europe/Berlin] === Simple Upload Working Started ===
[16-Jul-2025 22:17:33 Europe/Berlin] Request Method: POST
[16-Jul-2025 22:17:33 Europe/Berlin] POST Data: {"conversationTurn":"1","questionType":"feedback_response","currentEssentialQuestion":"0","duration":"13.221","token":"0ca913b83eae460f6fcb715b2943907fd30ff251a47733438638bb4a32f61c55","registrationId":"9"}
[16-Jul-2025 22:17:33 Europe/Berlin] FILES Data: {"video":{"name":"conversation_turn_1_feedback_response.webm","full_path":"conversation_turn_1_feedback_response.webm","type":"video\/webm","tmp_name":"C:\\xampp\\tmp\\phpB2B7.tmp","error":0,"size":1951861}}
[16-Jul-2025 22:17:33 Europe/Berlin] Database connection successful
[16-Jul-2025 22:17:33 Europe/Berlin] Token received: 0ca913b83eae460f6fcb715b2943907fd30ff251a47733438638bb4a32f61c55
[16-Jul-2025 22:17:33 Europe/Berlin] Token validated successfully
[16-Jul-2025 22:17:33 Europe/Berlin] Moving file from C:\xampp\tmp\phpB2B7.tmp to uploads/interviews/9/conversation_turn_1_feedback_response.webm
[16-Jul-2025 22:17:33 Europe/Berlin] Database SQL: INSERT INTO tblinterviewrecordings 
            (REGISTRATIONID, QUESTION_NUMBER, FILE_PATH, DURATION, RECORDED_AT, CONVERSATION_TURN, QUESTION_TYPE) 
            VALUES 
            ('9', 0, 'uploads/interviews/9/conversation_turn_1_feedback_response.webm', 13.221, NOW(), 1, 'feedback_response')
[16-Jul-2025 22:17:33 Europe/Berlin] Upload completed successfully
[16-Jul-2025 22:17:33 Europe/Berlin] === Simple Upload Working Ended ===
[16-Jul-2025 22:21:06 Europe/Berlin] === Simple Upload Working Started ===
[16-Jul-2025 22:21:06 Europe/Berlin] Request Method: POST
[16-Jul-2025 22:21:06 Europe/Berlin] POST Data: {"conversationTurn":"1","questionType":"feedback_response","currentEssentialQuestion":"0","duration":"15.984","token":"0ca913b83eae460f6fcb715b2943907fd30ff251a47733438638bb4a32f61c55","registrationId":"9"}
[16-Jul-2025 22:21:06 Europe/Berlin] FILES Data: {"video":{"name":"conversation_turn_1_feedback_response.webm","full_path":"conversation_turn_1_feedback_response.webm","type":"video\/webm","tmp_name":"C:\\xampp\\tmp\\phpF310.tmp","error":0,"size":2360988}}
[16-Jul-2025 22:21:06 Europe/Berlin] Database connection successful
[16-Jul-2025 22:21:06 Europe/Berlin] Token received: 0ca913b83eae460f6fcb715b2943907fd30ff251a47733438638bb4a32f61c55
[16-Jul-2025 22:21:06 Europe/Berlin] Token validated successfully
[16-Jul-2025 22:21:06 Europe/Berlin] Moving file from C:\xampp\tmp\phpF310.tmp to uploads/interviews/9/conversation_turn_1_feedback_response.webm
[16-Jul-2025 22:21:06 Europe/Berlin] Database SQL: INSERT INTO tblinterviewrecordings 
            (REGISTRATIONID, QUESTION_NUMBER, FILE_PATH, DURATION, RECORDED_AT, CONVERSATION_TURN, QUESTION_TYPE) 
            VALUES 
            ('9', 0, 'uploads/interviews/9/conversation_turn_1_feedback_response.webm', 15.984, NOW(), 1, 'feedback_response')
[16-Jul-2025 22:21:06 Europe/Berlin] Upload completed successfully
[16-Jul-2025 22:21:06 Europe/Berlin] === Simple Upload Working Ended ===
[22-Jul-2025 22:50:45 Europe/Berlin] === Simple Upload Working Started ===
[22-Jul-2025 22:50:45 Europe/Berlin] Request Method: POST
[22-Jul-2025 22:50:45 Europe/Berlin] POST Data: {"conversationTurn":"1","questionType":"initial_answer","currentEssentialQuestion":"1","duration":"13.406","token":"8f0754b188d2d8f95a48e86876a0cfc6240eb6b16bf659b4c2042ce5b03f90a0","registrationId":"9"}
[22-Jul-2025 22:50:45 Europe/Berlin] FILES Data: {"video":{"name":"conversation_turn_1_initial_answer.webm","full_path":"conversation_turn_1_initial_answer.webm","type":"video\/webm","tmp_name":"C:\\xampp\\tmp\\php4DB3.tmp","error":0,"size":1978287}}
[22-Jul-2025 22:50:45 Europe/Berlin] Database connection successful
[22-Jul-2025 22:50:45 Europe/Berlin] Token received: 8f0754b188d2d8f95a48e86876a0cfc6240eb6b16bf659b4c2042ce5b03f90a0
[22-Jul-2025 22:50:45 Europe/Berlin] Token validated successfully
[22-Jul-2025 22:50:45 Europe/Berlin] Moving file from C:\xampp\tmp\php4DB3.tmp to uploads/interviews/9/conversation_turn_1_initial_answer.webm
[22-Jul-2025 22:50:45 Europe/Berlin] Database SQL: INSERT INTO tblinterviewrecordings 
            (REGISTRATIONID, QUESTION_NUMBER, FILE_PATH, DURATION, RECORDED_AT, CONVERSATION_TURN, QUESTION_TYPE) 
            VALUES 
            ('9', 1, 'uploads/interviews/9/conversation_turn_1_initial_answer.webm', 13.406, NOW(), 1, 'initial_answer')
[22-Jul-2025 22:50:45 Europe/Berlin] Upload completed successfully
[22-Jul-2025 22:50:45 Europe/Berlin] === Simple Upload Working Ended ===
[22-Jul-2025 22:55:33 Europe/Berlin] === Simple Upload Working Started ===
[22-Jul-2025 22:55:33 Europe/Berlin] Request Method: POST
[22-Jul-2025 22:55:33 Europe/Berlin] POST Data: {"conversationTurn":"1","questionType":"feedback_response","currentEssentialQuestion":"0","duration":"20.567","token":"8f0754b188d2d8f95a48e86876a0cfc6240eb6b16bf659b4c2042ce5b03f90a0","registrationId":"9"}
[22-Jul-2025 22:55:33 Europe/Berlin] FILES Data: {"video":{"name":"conversation_turn_1_feedback_response.webm","full_path":"conversation_turn_1_feedback_response.webm","type":"video\/webm","tmp_name":"C:\\xampp\\tmp\\phpB2B6.tmp","error":0,"size":3016590}}
[22-Jul-2025 22:55:33 Europe/Berlin] Database connection successful
[22-Jul-2025 22:55:33 Europe/Berlin] Token received: 8f0754b188d2d8f95a48e86876a0cfc6240eb6b16bf659b4c2042ce5b03f90a0
[22-Jul-2025 22:55:33 Europe/Berlin] Token validated successfully
[22-Jul-2025 22:55:33 Europe/Berlin] Moving file from C:\xampp\tmp\phpB2B6.tmp to uploads/interviews/9/conversation_turn_1_feedback_response.webm
[22-Jul-2025 22:55:33 Europe/Berlin] Database SQL: INSERT INTO tblinterviewrecordings 
            (REGISTRATIONID, QUESTION_NUMBER, FILE_PATH, DURATION, RECORDED_AT, CONVERSATION_TURN, QUESTION_TYPE) 
            VALUES 
            ('9', 0, 'uploads/interviews/9/conversation_turn_1_feedback_response.webm', 20.567, NOW(), 1, 'feedback_response')
[22-Jul-2025 22:55:33 Europe/Berlin] Upload completed successfully
[22-Jul-2025 22:55:33 Europe/Berlin] === Simple Upload Working Ended ===
[22-Jul-2025 22:56:24 Europe/Berlin] === Simple Upload Working Started ===
[22-Jul-2025 22:56:24 Europe/Berlin] Request Method: POST
[22-Jul-2025 22:56:24 Europe/Berlin] POST Data: {"conversationTurn":"1","questionType":"feedback_response","currentEssentialQuestion":"0","duration":"20.321","token":"8f0754b188d2d8f95a48e86876a0cfc6240eb6b16bf659b4c2042ce5b03f90a0","registrationId":"9"}
[22-Jul-2025 22:56:24 Europe/Berlin] FILES Data: {"video":{"name":"conversation_turn_1_feedback_response.webm","full_path":"conversation_turn_1_feedback_response.webm","type":"video\/webm","tmp_name":"C:\\xampp\\tmp\\php7A30.tmp","error":0,"size":2987579}}
[22-Jul-2025 22:56:24 Europe/Berlin] Database connection successful
[22-Jul-2025 22:56:24 Europe/Berlin] Token received: 8f0754b188d2d8f95a48e86876a0cfc6240eb6b16bf659b4c2042ce5b03f90a0
[22-Jul-2025 22:56:24 Europe/Berlin] Token validated successfully
[22-Jul-2025 22:56:24 Europe/Berlin] Moving file from C:\xampp\tmp\php7A30.tmp to uploads/interviews/9/conversation_turn_1_feedback_response.webm
[22-Jul-2025 22:56:24 Europe/Berlin] Database SQL: INSERT INTO tblinterviewrecordings 
            (REGISTRATIONID, QUESTION_NUMBER, FILE_PATH, DURATION, RECORDED_AT, CONVERSATION_TURN, QUESTION_TYPE) 
            VALUES 
            ('9', 0, 'uploads/interviews/9/conversation_turn_1_feedback_response.webm', 20.321, NOW(), 1, 'feedback_response')
[22-Jul-2025 22:56:24 Europe/Berlin] Upload completed successfully
[22-Jul-2025 22:56:24 Europe/Berlin] === Simple Upload Working Ended ===
[22-Jul-2025 23:00:48 Europe/Berlin] === Simple Upload Working Started ===
[22-Jul-2025 23:00:48 Europe/Berlin] Request Method: POST
[22-Jul-2025 23:00:48 Europe/Berlin] POST Data: {"conversationTurn":"1","questionType":"feedback_response","currentEssentialQuestion":"0","duration":"7.262","token":"8f0754b188d2d8f95a48e86876a0cfc6240eb6b16bf659b4c2042ce5b03f90a0","registrationId":"9"}
[22-Jul-2025 23:00:48 Europe/Berlin] FILES Data: {"video":{"name":"conversation_turn_1_feedback_response.webm","full_path":"conversation_turn_1_feedback_response.webm","type":"video\/webm","tmp_name":"C:\\xampp\\tmp\\php7EF1.tmp","error":0,"size":1070705}}
[22-Jul-2025 23:00:48 Europe/Berlin] Database connection successful
[22-Jul-2025 23:00:48 Europe/Berlin] Token received: 8f0754b188d2d8f95a48e86876a0cfc6240eb6b16bf659b4c2042ce5b03f90a0
[22-Jul-2025 23:00:48 Europe/Berlin] Token validated successfully
[22-Jul-2025 23:00:48 Europe/Berlin] Moving file from C:\xampp\tmp\php7EF1.tmp to uploads/interviews/9/conversation_turn_1_feedback_response.webm
[22-Jul-2025 23:00:48 Europe/Berlin] Database SQL: INSERT INTO tblinterviewrecordings 
            (REGISTRATIONID, QUESTION_NUMBER, FILE_PATH, DURATION, RECORDED_AT, CONVERSATION_TURN, QUESTION_TYPE) 
            VALUES 
            ('9', 0, 'uploads/interviews/9/conversation_turn_1_feedback_response.webm', 7.262, NOW(), 1, 'feedback_response')
[22-Jul-2025 23:00:48 Europe/Berlin] Upload completed successfully
[22-Jul-2025 23:00:48 Europe/Berlin] === Simple Upload Working Ended ===
[22-Jul-2025 23:08:16 Europe/Berlin] === Simple Upload Working Started ===
[22-Jul-2025 23:08:16 Europe/Berlin] Request Method: POST
[22-Jul-2025 23:08:16 Europe/Berlin] POST Data: {"conversationTurn":"1","questionType":"feedback_response","currentEssentialQuestion":"0","duration":"17.444","token":"a1f313af8768b1c6e23d8fc6c7733bf7b5b5b6990409a1f2e6911a2060fb802d","registrationId":"9"}
[22-Jul-2025 23:08:16 Europe/Berlin] FILES Data: {"video":{"name":"conversation_turn_1_feedback_response.webm","full_path":"conversation_turn_1_feedback_response.webm","type":"video\/webm","tmp_name":"C:\\xampp\\tmp\\php57B1.tmp","error":0,"size":2567520}}
[22-Jul-2025 23:08:16 Europe/Berlin] Database connection successful
[22-Jul-2025 23:08:16 Europe/Berlin] Token received: a1f313af8768b1c6e23d8fc6c7733bf7b5b5b6990409a1f2e6911a2060fb802d
[22-Jul-2025 23:08:16 Europe/Berlin] Token validated successfully
[22-Jul-2025 23:08:16 Europe/Berlin] Moving file from C:\xampp\tmp\php57B1.tmp to uploads/interviews/9/conversation_turn_1_feedback_response.webm
[22-Jul-2025 23:08:16 Europe/Berlin] Database SQL: INSERT INTO tblinterviewrecordings 
            (REGISTRATIONID, QUESTION_NUMBER, FILE_PATH, DURATION, RECORDED_AT, CONVERSATION_TURN, QUESTION_TYPE) 
            VALUES 
            ('9', 0, 'uploads/interviews/9/conversation_turn_1_feedback_response.webm', 17.444, NOW(), 1, 'feedback_response')
[22-Jul-2025 23:08:16 Europe/Berlin] Upload completed successfully
[22-Jul-2025 23:08:16 Europe/Berlin] === Simple Upload Working Ended ===
[22-Jul-2025 23:31:08 Europe/Berlin] === Simple Upload Working Started ===
[22-Jul-2025 23:31:08 Europe/Berlin] Request Method: POST
[22-Jul-2025 23:31:08 Europe/Berlin] POST Data: {"conversationTurn":"1","questionType":"initial_answer","currentEssentialQuestion":"1","duration":"2.403","token":"a1f313af8768b1c6e23d8fc6c7733bf7b5b5b6990409a1f2e6911a2060fb802d","registrationId":"9"}
[22-Jul-2025 23:31:08 Europe/Berlin] FILES Data: {"video":{"name":"conversation_turn_1_initial_answer.webm","full_path":"conversation_turn_1_initial_answer.webm","type":"video\/webm","tmp_name":"C:\\xampp\\tmp\\php45AB.tmp","error":0,"size":291116}}
[22-Jul-2025 23:31:08 Europe/Berlin] Database connection successful
[22-Jul-2025 23:31:08 Europe/Berlin] Token received: a1f313af8768b1c6e23d8fc6c7733bf7b5b5b6990409a1f2e6911a2060fb802d
[22-Jul-2025 23:31:08 Europe/Berlin] Token validated successfully
[22-Jul-2025 23:31:08 Europe/Berlin] Moving file from C:\xampp\tmp\php45AB.tmp to uploads/interviews/9/conversation_turn_1_initial_answer.webm
[22-Jul-2025 23:31:08 Europe/Berlin] Database SQL: INSERT INTO tblinterviewrecordings 
            (REGISTRATIONID, QUESTION_NUMBER, FILE_PATH, DURATION, RECORDED_AT, CONVERSATION_TURN, QUESTION_TYPE) 
            VALUES 
            ('9', 1, 'uploads/interviews/9/conversation_turn_1_initial_answer.webm', 2.403, NOW(), 1, 'initial_answer')
[22-Jul-2025 23:31:08 Europe/Berlin] Upload completed successfully
[22-Jul-2025 23:31:08 Europe/Berlin] === Simple Upload Working Ended ===
[22-Jul-2025 23:32:22 Europe/Berlin] === Simple Upload Working Started ===
[22-Jul-2025 23:32:22 Europe/Berlin] Request Method: POST
[22-Jul-2025 23:32:22 Europe/Berlin] POST Data: {"conversationTurn":"1","questionType":"initial_answer","currentEssentialQuestion":"2","duration":"2.362","token":"a1f313af8768b1c6e23d8fc6c7733bf7b5b5b6990409a1f2e6911a2060fb802d","registrationId":"9"}
[22-Jul-2025 23:32:22 Europe/Berlin] FILES Data: {"video":{"name":"conversation_turn_1_initial_answer.webm","full_path":"conversation_turn_1_initial_answer.webm","type":"video\/webm","tmp_name":"C:\\xampp\\tmp\\php6719.tmp","error":0,"size":309282}}
[22-Jul-2025 23:32:22 Europe/Berlin] Database connection successful
[22-Jul-2025 23:32:22 Europe/Berlin] Token received: a1f313af8768b1c6e23d8fc6c7733bf7b5b5b6990409a1f2e6911a2060fb802d
[22-Jul-2025 23:32:22 Europe/Berlin] Token validated successfully
[22-Jul-2025 23:32:22 Europe/Berlin] Moving file from C:\xampp\tmp\php6719.tmp to uploads/interviews/9/conversation_turn_1_initial_answer.webm
[22-Jul-2025 23:32:22 Europe/Berlin] Database SQL: INSERT INTO tblinterviewrecordings 
            (REGISTRATIONID, QUESTION_NUMBER, FILE_PATH, DURATION, RECORDED_AT, CONVERSATION_TURN, QUESTION_TYPE) 
            VALUES 
            ('9', 2, 'uploads/interviews/9/conversation_turn_1_initial_answer.webm', 2.362, NOW(), 1, 'initial_answer')
[22-Jul-2025 23:32:22 Europe/Berlin] Upload completed successfully
[22-Jul-2025 23:32:22 Europe/Berlin] === Simple Upload Working Ended ===
[23-Jul-2025 01:49:33 Europe/Berlin] === Simple Upload Working Started ===
[23-Jul-2025 01:49:33 Europe/Berlin] Request Method: POST
[23-Jul-2025 01:49:33 Europe/Berlin] POST Data: {"conversationTurn":"1","questionType":"initial_answer","currentEssentialQuestion":"1","duration":"2.413","token":"a1f313af8768b1c6e23d8fc6c7733bf7b5b5b6990409a1f2e6911a2060fb802d","registrationId":"9"}
[23-Jul-2025 01:49:33 Europe/Berlin] FILES Data: {"video":{"name":"conversation_turn_1_initial_answer.webm","full_path":"conversation_turn_1_initial_answer.webm","type":"video\/webm","tmp_name":"C:\\xampp\\tmp\\php5D.tmp","error":0,"size":282589}}
[23-Jul-2025 01:49:33 Europe/Berlin] Database connection successful
[23-Jul-2025 01:49:33 Europe/Berlin] Token received: a1f313af8768b1c6e23d8fc6c7733bf7b5b5b6990409a1f2e6911a2060fb802d
[23-Jul-2025 01:49:33 Europe/Berlin] Token validated successfully
[23-Jul-2025 01:49:33 Europe/Berlin] Moving file from C:\xampp\tmp\php5D.tmp to uploads/interviews/9/conversation_turn_1_initial_answer.webm
[23-Jul-2025 01:49:33 Europe/Berlin] Database SQL: INSERT INTO tblinterviewrecordings 
            (REGISTRATIONID, QUESTION_NUMBER, FILE_PATH, DURATION, RECORDED_AT, CONVERSATION_TURN, QUESTION_TYPE) 
            VALUES 
            ('9', 1, 'uploads/interviews/9/conversation_turn_1_initial_answer.webm', 2.413, NOW(), 1, 'initial_answer')
[23-Jul-2025 01:49:33 Europe/Berlin] Upload completed successfully
[23-Jul-2025 01:49:33 Europe/Berlin] === Simple Upload Working Ended ===
[23-Jul-2025 02:01:52 Europe/Berlin] === Simple Upload Working Started ===
[23-Jul-2025 02:01:52 Europe/Berlin] Request Method: POST
[23-Jul-2025 02:01:52 Europe/Berlin] POST Data: {"conversationTurn":"1","questionType":"feedback_response","currentEssentialQuestion":"0","duration":"12.753","token":"a1f313af8768b1c6e23d8fc6c7733bf7b5b5b6990409a1f2e6911a2060fb802d","registrationId":"9"}
[23-Jul-2025 02:01:52 Europe/Berlin] FILES Data: {"video":{"name":"conversation_turn_1_feedback_response.webm","full_path":"conversation_turn_1_feedback_response.webm","type":"video\/webm","tmp_name":"C:\\xampp\\tmp\\php4476.tmp","error":0,"size":1877144}}
[23-Jul-2025 02:01:52 Europe/Berlin] Database connection successful
[23-Jul-2025 02:01:52 Europe/Berlin] Token received: a1f313af8768b1c6e23d8fc6c7733bf7b5b5b6990409a1f2e6911a2060fb802d
[23-Jul-2025 02:01:52 Europe/Berlin] Token validated successfully
[23-Jul-2025 02:01:52 Europe/Berlin] Moving file from C:\xampp\tmp\php4476.tmp to uploads/interviews/9/conversation_turn_1_feedback_response.webm
[23-Jul-2025 02:01:52 Europe/Berlin] Database SQL: INSERT INTO tblinterviewrecordings 
            (REGISTRATIONID, QUESTION_NUMBER, FILE_PATH, DURATION, RECORDED_AT, CONVERSATION_TURN, QUESTION_TYPE) 
            VALUES 
            ('9', 0, 'uploads/interviews/9/conversation_turn_1_feedback_response.webm', 12.753, NOW(), 1, 'feedback_response')
[23-Jul-2025 02:01:52 Europe/Berlin] Upload completed successfully
[23-Jul-2025 02:01:52 Europe/Berlin] === Simple Upload Working Ended ===
[26-Jul-2025 16:32:39 Europe/Berlin] === Simple Upload Working Started ===
[26-Jul-2025 16:32:39 Europe/Berlin] Request Method: POST
[26-Jul-2025 16:32:39 Europe/Berlin] POST Data: {"conversationTurn":"1","questionType":"initial_answer","currentEssentialQuestion":"1","duration":"2.39","token":"a1f313af8768b1c6e23d8fc6c7733bf7b5b5b6990409a1f2e6911a2060fb802d","registrationId":"9"}
[26-Jul-2025 16:32:39 Europe/Berlin] FILES Data: {"video":{"name":"conversation_turn_1_initial_answer.webm","full_path":"conversation_turn_1_initial_answer.webm","type":"video\/webm","tmp_name":"C:\\xampp\\tmp\\php9404.tmp","error":0,"size":274816}}
[26-Jul-2025 16:32:39 Europe/Berlin] Database connection successful
[26-Jul-2025 16:32:39 Europe/Berlin] Token received: a1f313af8768b1c6e23d8fc6c7733bf7b5b5b6990409a1f2e6911a2060fb802d
[26-Jul-2025 16:32:39 Europe/Berlin] Token validated successfully
[26-Jul-2025 16:32:39 Europe/Berlin] Moving file from C:\xampp\tmp\php9404.tmp to uploads/interviews/9/conversation_turn_1_initial_answer.webm
[26-Jul-2025 16:32:39 Europe/Berlin] Database SQL: INSERT INTO tblinterviewrecordings 
            (REGISTRATIONID, QUESTION_NUMBER, FILE_PATH, DURATION, RECORDED_AT, CONVERSATION_TURN, QUESTION_TYPE) 
            VALUES 
            ('9', 1, 'uploads/interviews/9/conversation_turn_1_initial_answer.webm', 2.39, NOW(), 1, 'initial_answer')
[26-Jul-2025 16:32:39 Europe/Berlin] Upload completed successfully
[26-Jul-2025 16:32:39 Europe/Berlin] === Simple Upload Working Ended ===
[26-Jul-2025 16:36:02 Europe/Berlin] === Simple Upload Working Started ===
[26-Jul-2025 16:36:02 Europe/Berlin] Request Method: POST
[26-Jul-2025 16:36:02 Europe/Berlin] POST Data: {"conversationTurn":"2","questionType":"feedback_response","currentEssentialQuestion":"0","duration":"10.351","token":"a1f313af8768b1c6e23d8fc6c7733bf7b5b5b6990409a1f2e6911a2060fb802d","registrationId":"9"}
[26-Jul-2025 16:36:02 Europe/Berlin] FILES Data: {"video":{"name":"conversation_turn_2_feedback_response.webm","full_path":"conversation_turn_2_feedback_response.webm","type":"video\/webm","tmp_name":"C:\\xampp\\tmp\\phpABC5.tmp","error":0,"size":1524882}}
[26-Jul-2025 16:36:02 Europe/Berlin] Database connection successful
[26-Jul-2025 16:36:02 Europe/Berlin] Token received: a1f313af8768b1c6e23d8fc6c7733bf7b5b5b6990409a1f2e6911a2060fb802d
[26-Jul-2025 16:36:02 Europe/Berlin] Token validated successfully
[26-Jul-2025 16:36:02 Europe/Berlin] Moving file from C:\xampp\tmp\phpABC5.tmp to uploads/interviews/9/conversation_turn_2_feedback_response.webm
[26-Jul-2025 16:36:02 Europe/Berlin] Database SQL: INSERT INTO tblinterviewrecordings 
            (REGISTRATIONID, QUESTION_NUMBER, FILE_PATH, DURATION, RECORDED_AT, CONVERSATION_TURN, QUESTION_TYPE) 
            VALUES 
            ('9', 0, 'uploads/interviews/9/conversation_turn_2_feedback_response.webm', 10.351, NOW(), 2, 'feedback_response')
[26-Jul-2025 16:36:02 Europe/Berlin] Upload completed successfully
[26-Jul-2025 16:36:02 Europe/Berlin] === Simple Upload Working Ended ===
[26-Jul-2025 16:43:15 Europe/Berlin] === Simple Upload Working Started ===
[26-Jul-2025 16:43:15 Europe/Berlin] Request Method: POST
[26-Jul-2025 16:43:15 Europe/Berlin] POST Data: {"conversationTurn":"1","questionType":"feedback_response","currentEssentialQuestion":"0","duration":"10.904","token":"dbea7c60e7fbdc544cf2fbd1d36737409efd5dd332ffcf47733fa6573de1bf2e","registrationId":"9"}
[26-Jul-2025 16:43:15 Europe/Berlin] FILES Data: {"video":{"name":"conversation_turn_1_feedback_response.webm","full_path":"conversation_turn_1_feedback_response.webm","type":"video\/webm","tmp_name":"C:\\xampp\\tmp\\php4818.tmp","error":0,"size":1628200}}
[26-Jul-2025 16:43:15 Europe/Berlin] Database connection successful
[26-Jul-2025 16:43:15 Europe/Berlin] Token received: dbea7c60e7fbdc544cf2fbd1d36737409efd5dd332ffcf47733fa6573de1bf2e
[26-Jul-2025 16:43:15 Europe/Berlin] Token validated successfully
[26-Jul-2025 16:43:15 Europe/Berlin] Moving file from C:\xampp\tmp\php4818.tmp to uploads/interviews/9/conversation_turn_1_feedback_response.webm
[26-Jul-2025 16:43:15 Europe/Berlin] Database SQL: INSERT INTO tblinterviewrecordings 
            (REGISTRATIONID, QUESTION_NUMBER, FILE_PATH, DURATION, RECORDED_AT, CONVERSATION_TURN, QUESTION_TYPE) 
            VALUES 
            ('9', 0, 'uploads/interviews/9/conversation_turn_1_feedback_response.webm', 10.904, NOW(), 1, 'feedback_response')
[26-Jul-2025 16:43:15 Europe/Berlin] Upload completed successfully
[26-Jul-2025 16:43:15 Europe/Berlin] === Simple Upload Working Ended ===
[26-Jul-2025 16:48:56 Europe/Berlin] === Simple Upload Working Started ===
[26-Jul-2025 16:48:56 Europe/Berlin] Request Method: POST
[26-Jul-2025 16:48:56 Europe/Berlin] POST Data: {"conversationTurn":"1","questionType":"initial_answer","currentEssentialQuestion":"1","duration":"3.828","token":"dbea7c60e7fbdc544cf2fbd1d36737409efd5dd332ffcf47733fa6573de1bf2e","registrationId":"9"}
[26-Jul-2025 16:48:56 Europe/Berlin] FILES Data: {"video":{"name":"conversation_turn_1_initial_answer.webm","full_path":"conversation_turn_1_initial_answer.webm","type":"video\/webm","tmp_name":"C:\\xampp\\tmp\\php7BD3.tmp","error":0,"size":525390}}
[26-Jul-2025 16:48:56 Europe/Berlin] Database connection successful
[26-Jul-2025 16:48:56 Europe/Berlin] Token received: dbea7c60e7fbdc544cf2fbd1d36737409efd5dd332ffcf47733fa6573de1bf2e
[26-Jul-2025 16:48:56 Europe/Berlin] Token validated successfully
[26-Jul-2025 16:48:56 Europe/Berlin] Moving file from C:\xampp\tmp\php7BD3.tmp to uploads/interviews/9/conversation_turn_1_initial_answer.webm
[26-Jul-2025 16:48:56 Europe/Berlin] Database SQL: INSERT INTO tblinterviewrecordings 
            (REGISTRATIONID, QUESTION_NUMBER, FILE_PATH, DURATION, RECORDED_AT, CONVERSATION_TURN, QUESTION_TYPE) 
            VALUES 
            ('9', 1, 'uploads/interviews/9/conversation_turn_1_initial_answer.webm', 3.828, NOW(), 1, 'initial_answer')
[26-Jul-2025 16:48:56 Europe/Berlin] Upload completed successfully
[26-Jul-2025 16:48:56 Europe/Berlin] === Simple Upload Working Ended ===
[26-Jul-2025 16:51:13 Europe/Berlin] === Simple Upload Working Started ===
[26-Jul-2025 16:51:13 Europe/Berlin] Request Method: POST
[26-Jul-2025 16:51:13 Europe/Berlin] POST Data: {"conversationTurn":"2","questionType":"feedback_response","currentEssentialQuestion":"0","duration":"10.56","token":"dbea7c60e7fbdc544cf2fbd1d36737409efd5dd332ffcf47733fa6573de1bf2e","registrationId":"9"}
[26-Jul-2025 16:51:13 Europe/Berlin] FILES Data: {"video":{"name":"conversation_turn_2_feedback_response.webm","full_path":"conversation_turn_2_feedback_response.webm","type":"video\/webm","tmp_name":"C:\\xampp\\tmp\\php9379.tmp","error":0,"size":1555513}}
[26-Jul-2025 16:51:13 Europe/Berlin] Database connection successful
[26-Jul-2025 16:51:13 Europe/Berlin] Token received: dbea7c60e7fbdc544cf2fbd1d36737409efd5dd332ffcf47733fa6573de1bf2e
[26-Jul-2025 16:51:13 Europe/Berlin] Token validated successfully
[26-Jul-2025 16:51:13 Europe/Berlin] Moving file from C:\xampp\tmp\php9379.tmp to uploads/interviews/9/conversation_turn_2_feedback_response.webm
[26-Jul-2025 16:51:13 Europe/Berlin] Database SQL: INSERT INTO tblinterviewrecordings 
            (REGISTRATIONID, QUESTION_NUMBER, FILE_PATH, DURATION, RECORDED_AT, CONVERSATION_TURN, QUESTION_TYPE) 
            VALUES 
            ('9', 0, 'uploads/interviews/9/conversation_turn_2_feedback_response.webm', 10.56, NOW(), 2, 'feedback_response')
[26-Jul-2025 16:51:13 Europe/Berlin] Upload completed successfully
[26-Jul-2025 16:51:13 Europe/Berlin] === Simple Upload Working Ended ===
[26-Jul-2025 16:51:41 Europe/Berlin] === Simple Upload Working Started ===
[26-Jul-2025 16:51:41 Europe/Berlin] Request Method: POST
[26-Jul-2025 16:51:41 Europe/Berlin] POST Data: {"conversationTurn":"3","questionType":"initial_answer","currentEssentialQuestion":"1","duration":"8.84","token":"dbea7c60e7fbdc544cf2fbd1d36737409efd5dd332ffcf47733fa6573de1bf2e","registrationId":"9"}
[26-Jul-2025 16:51:41 Europe/Berlin] FILES Data: {"video":{"name":"conversation_turn_3_initial_answer.webm","full_path":"conversation_turn_3_initial_answer.webm","type":"video\/webm","tmp_name":"C:\\xampp\\tmp\\php1B5.tmp","error":0,"size":1318558}}
[26-Jul-2025 16:51:41 Europe/Berlin] Database connection successful
[26-Jul-2025 16:51:41 Europe/Berlin] Token received: dbea7c60e7fbdc544cf2fbd1d36737409efd5dd332ffcf47733fa6573de1bf2e
[26-Jul-2025 16:51:41 Europe/Berlin] Token validated successfully
[26-Jul-2025 16:51:41 Europe/Berlin] Moving file from C:\xampp\tmp\php1B5.tmp to uploads/interviews/9/conversation_turn_3_initial_answer.webm
[26-Jul-2025 16:51:41 Europe/Berlin] Database SQL: INSERT INTO tblinterviewrecordings 
            (REGISTRATIONID, QUESTION_NUMBER, FILE_PATH, DURATION, RECORDED_AT, CONVERSATION_TURN, QUESTION_TYPE) 
            VALUES 
            ('9', 1, 'uploads/interviews/9/conversation_turn_3_initial_answer.webm', 8.84, NOW(), 3, 'initial_answer')
[26-Jul-2025 16:51:41 Europe/Berlin] Upload completed successfully
[26-Jul-2025 16:51:41 Europe/Berlin] === Simple Upload Working Ended ===
[26-Jul-2025 16:52:05 Europe/Berlin] === Simple Upload Working Started ===
[26-Jul-2025 16:52:05 Europe/Berlin] Request Method: POST
[26-Jul-2025 16:52:05 Europe/Berlin] POST Data: {"conversationTurn":"4","questionType":"feedback_response","currentEssentialQuestion":"2","duration":"2.388","token":"dbea7c60e7fbdc544cf2fbd1d36737409efd5dd332ffcf47733fa6573de1bf2e","registrationId":"9"}
[26-Jul-2025 16:52:05 Europe/Berlin] FILES Data: {"video":{"name":"conversation_turn_4_feedback_response.webm","full_path":"conversation_turn_4_feedback_response.webm","type":"video\/webm","tmp_name":"C:\\xampp\\tmp\\php5E3D.tmp","error":0,"size":278749}}
[26-Jul-2025 16:52:05 Europe/Berlin] Database connection successful
[26-Jul-2025 16:52:05 Europe/Berlin] Token received: dbea7c60e7fbdc544cf2fbd1d36737409efd5dd332ffcf47733fa6573de1bf2e
[26-Jul-2025 16:52:05 Europe/Berlin] Token validated successfully
[26-Jul-2025 16:52:05 Europe/Berlin] Moving file from C:\xampp\tmp\php5E3D.tmp to uploads/interviews/9/conversation_turn_4_feedback_response.webm
[26-Jul-2025 16:52:05 Europe/Berlin] Database SQL: INSERT INTO tblinterviewrecordings 
            (REGISTRATIONID, QUESTION_NUMBER, FILE_PATH, DURATION, RECORDED_AT, CONVERSATION_TURN, QUESTION_TYPE) 
            VALUES 
            ('9', 2, 'uploads/interviews/9/conversation_turn_4_feedback_response.webm', 2.388, NOW(), 4, 'feedback_response')
[26-Jul-2025 16:52:05 Europe/Berlin] Upload completed successfully
[26-Jul-2025 16:52:05 Europe/Berlin] === Simple Upload Working Ended ===
[26-Jul-2025 16:52:33 Europe/Berlin] === Simple Upload Working Started ===
[26-Jul-2025 16:52:33 Europe/Berlin] Request Method: POST
[26-Jul-2025 16:52:33 Europe/Berlin] POST Data: {"conversationTurn":"5","questionType":"initial_answer","currentEssentialQuestion":"3","duration":"8.591","token":"dbea7c60e7fbdc544cf2fbd1d36737409efd5dd332ffcf47733fa6573de1bf2e","registrationId":"9"}
[26-Jul-2025 16:52:33 Europe/Berlin] FILES Data: {"video":{"name":"conversation_turn_5_initial_answer.webm","full_path":"conversation_turn_5_initial_answer.webm","type":"video\/webm","tmp_name":"C:\\xampp\\tmp\\phpCA85.tmp","error":0,"size":1280259}}
[26-Jul-2025 16:52:33 Europe/Berlin] Database connection successful
[26-Jul-2025 16:52:33 Europe/Berlin] Token received: dbea7c60e7fbdc544cf2fbd1d36737409efd5dd332ffcf47733fa6573de1bf2e
[26-Jul-2025 16:52:33 Europe/Berlin] Token validated successfully
[26-Jul-2025 16:52:33 Europe/Berlin] Moving file from C:\xampp\tmp\phpCA85.tmp to uploads/interviews/9/conversation_turn_5_initial_answer.webm
[26-Jul-2025 16:52:33 Europe/Berlin] Database SQL: INSERT INTO tblinterviewrecordings 
            (REGISTRATIONID, QUESTION_NUMBER, FILE_PATH, DURATION, RECORDED_AT, CONVERSATION_TURN, QUESTION_TYPE) 
            VALUES 
            ('9', 3, 'uploads/interviews/9/conversation_turn_5_initial_answer.webm', 8.591, NOW(), 5, 'initial_answer')
[26-Jul-2025 16:52:33 Europe/Berlin] Upload completed successfully
[26-Jul-2025 16:52:33 Europe/Berlin] === Simple Upload Working Ended ===
[26-Jul-2025 17:04:47 Europe/Berlin] === Simple Upload Working Started ===
[26-Jul-2025 17:04:47 Europe/Berlin] Request Method: POST
[26-Jul-2025 17:04:47 Europe/Berlin] POST Data: {"conversationTurn":"1","questionType":"initial_answer","currentEssentialQuestion":"1","duration":"3.246","token":"dbea7c60e7fbdc544cf2fbd1d36737409efd5dd332ffcf47733fa6573de1bf2e","registrationId":"9"}
[26-Jul-2025 17:04:47 Europe/Berlin] FILES Data: {"video":{"name":"conversation_turn_1_initial_answer.webm","full_path":"conversation_turn_1_initial_answer.webm","type":"video\/webm","tmp_name":"C:\\xampp\\tmp\\phpFE91.tmp","error":0,"size":428789}}
[26-Jul-2025 17:04:47 Europe/Berlin] Database connection successful
[26-Jul-2025 17:04:47 Europe/Berlin] Token received: dbea7c60e7fbdc544cf2fbd1d36737409efd5dd332ffcf47733fa6573de1bf2e
[26-Jul-2025 17:04:47 Europe/Berlin] Token validated successfully
[26-Jul-2025 17:04:47 Europe/Berlin] Moving file from C:\xampp\tmp\phpFE91.tmp to uploads/interviews/9/conversation_turn_1_initial_answer.webm
[26-Jul-2025 17:04:47 Europe/Berlin] Database SQL: INSERT INTO tblinterviewrecordings 
            (REGISTRATIONID, QUESTION_NUMBER, FILE_PATH, DURATION, RECORDED_AT, CONVERSATION_TURN, QUESTION_TYPE) 
            VALUES 
            ('9', 1, 'uploads/interviews/9/conversation_turn_1_initial_answer.webm', 3.246, NOW(), 1, 'initial_answer')
[26-Jul-2025 17:04:47 Europe/Berlin] Upload completed successfully
[26-Jul-2025 17:04:47 Europe/Berlin] === Simple Upload Working Ended ===
[26-Jul-2025 17:05:41 Europe/Berlin] === Simple Upload Working Started ===
[26-Jul-2025 17:05:41 Europe/Berlin] Request Method: POST
[26-Jul-2025 17:05:41 Europe/Berlin] POST Data: {"conversationTurn":"1","questionType":"initial_answer","currentEssentialQuestion":"1","duration":"4.402","token":"dbea7c60e7fbdc544cf2fbd1d36737409efd5dd332ffcf47733fa6573de1bf2e","registrationId":"9"}
[26-Jul-2025 17:05:41 Europe/Berlin] FILES Data: {"video":{"name":"conversation_turn_1_initial_answer.webm","full_path":"conversation_turn_1_initial_answer.webm","type":"video\/webm","tmp_name":"C:\\xampp\\tmp\\phpD0D6.tmp","error":0,"size":646117}}
[26-Jul-2025 17:05:41 Europe/Berlin] Database connection successful
[26-Jul-2025 17:05:41 Europe/Berlin] Token received: dbea7c60e7fbdc544cf2fbd1d36737409efd5dd332ffcf47733fa6573de1bf2e
[26-Jul-2025 17:05:41 Europe/Berlin] Token validated successfully
[26-Jul-2025 17:05:41 Europe/Berlin] Moving file from C:\xampp\tmp\phpD0D6.tmp to uploads/interviews/9/conversation_turn_1_initial_answer.webm
[26-Jul-2025 17:05:41 Europe/Berlin] Database SQL: INSERT INTO tblinterviewrecordings 
            (REGISTRATIONID, QUESTION_NUMBER, FILE_PATH, DURATION, RECORDED_AT, CONVERSATION_TURN, QUESTION_TYPE) 
            VALUES 
            ('9', 1, 'uploads/interviews/9/conversation_turn_1_initial_answer.webm', 4.402, NOW(), 1, 'initial_answer')
[26-Jul-2025 17:05:41 Europe/Berlin] Upload completed successfully
[26-Jul-2025 17:05:41 Europe/Berlin] === Simple Upload Working Ended ===
[26-Jul-2025 17:09:11 Europe/Berlin] === Simple Upload Working Started ===
[26-Jul-2025 17:09:11 Europe/Berlin] Request Method: POST
[26-Jul-2025 17:09:11 Europe/Berlin] POST Data: {"conversationTurn":"2","questionType":"feedback_response","currentEssentialQuestion":"0","duration":"9.592","token":"dbea7c60e7fbdc544cf2fbd1d36737409efd5dd332ffcf47733fa6573de1bf2e","registrationId":"9"}
[26-Jul-2025 17:09:11 Europe/Berlin] FILES Data: {"video":{"name":"conversation_turn_2_feedback_response.webm","full_path":"conversation_turn_2_feedback_response.webm","type":"video\/webm","tmp_name":"C:\\xampp\\tmp\\php769.tmp","error":0,"size":1410334}}
[26-Jul-2025 17:09:11 Europe/Berlin] Database connection successful
[26-Jul-2025 17:09:11 Europe/Berlin] Token received: dbea7c60e7fbdc544cf2fbd1d36737409efd5dd332ffcf47733fa6573de1bf2e
[26-Jul-2025 17:09:11 Europe/Berlin] Token validated successfully
[26-Jul-2025 17:09:11 Europe/Berlin] Moving file from C:\xampp\tmp\php769.tmp to uploads/interviews/9/conversation_turn_2_feedback_response.webm
[26-Jul-2025 17:09:11 Europe/Berlin] Database SQL: INSERT INTO tblinterviewrecordings 
            (REGISTRATIONID, QUESTION_NUMBER, FILE_PATH, DURATION, RECORDED_AT, CONVERSATION_TURN, QUESTION_TYPE) 
            VALUES 
            ('9', 0, 'uploads/interviews/9/conversation_turn_2_feedback_response.webm', 9.592, NOW(), 2, 'feedback_response')
[26-Jul-2025 17:09:11 Europe/Berlin] Upload completed successfully
[26-Jul-2025 17:09:11 Europe/Berlin] === Simple Upload Working Ended ===
[26-Jul-2025 17:09:39 Europe/Berlin] === Simple Upload Working Started ===
[26-Jul-2025 17:09:39 Europe/Berlin] Request Method: POST
[26-Jul-2025 17:09:39 Europe/Berlin] POST Data: {"conversationTurn":"2","questionType":"initial_answer","currentEssentialQuestion":"1","duration":"7.136","token":"dbea7c60e7fbdc544cf2fbd1d36737409efd5dd332ffcf47733fa6573de1bf2e","registrationId":"9"}
[26-Jul-2025 17:09:39 Europe/Berlin] FILES Data: {"video":{"name":"conversation_turn_2_initial_answer.webm","full_path":"conversation_turn_2_initial_answer.webm","type":"video\/webm","tmp_name":"C:\\xampp\\tmp\\php720B.tmp","error":0,"size":1074049}}
[26-Jul-2025 17:09:39 Europe/Berlin] Database connection successful
[26-Jul-2025 17:09:39 Europe/Berlin] Token received: dbea7c60e7fbdc544cf2fbd1d36737409efd5dd332ffcf47733fa6573de1bf2e
[26-Jul-2025 17:09:39 Europe/Berlin] Token validated successfully
[26-Jul-2025 17:09:39 Europe/Berlin] Moving file from C:\xampp\tmp\php720B.tmp to uploads/interviews/9/conversation_turn_2_initial_answer.webm
[26-Jul-2025 17:09:39 Europe/Berlin] Database SQL: INSERT INTO tblinterviewrecordings 
            (REGISTRATIONID, QUESTION_NUMBER, FILE_PATH, DURATION, RECORDED_AT, CONVERSATION_TURN, QUESTION_TYPE) 
            VALUES 
            ('9', 1, 'uploads/interviews/9/conversation_turn_2_initial_answer.webm', 7.136, NOW(), 2, 'initial_answer')
[26-Jul-2025 17:09:39 Europe/Berlin] Upload completed successfully
[26-Jul-2025 17:09:39 Europe/Berlin] === Simple Upload Working Ended ===
[26-Jul-2025 17:09:53 Europe/Berlin] === Simple Upload Working Started ===
[26-Jul-2025 17:09:53 Europe/Berlin] Request Method: POST
[26-Jul-2025 17:09:53 Europe/Berlin] POST Data: {"conversationTurn":"2","questionType":"initial_answer","currentEssentialQuestion":"3","duration":"2.391","token":"dbea7c60e7fbdc544cf2fbd1d36737409efd5dd332ffcf47733fa6573de1bf2e","registrationId":"9"}
[26-Jul-2025 17:09:53 Europe/Berlin] FILES Data: {"video":{"name":"conversation_turn_2_initial_answer.webm","full_path":"conversation_turn_2_initial_answer.webm","type":"video\/webm","tmp_name":"C:\\xampp\\tmp\\phpAB1D.tmp","error":0,"size":296842}}
[26-Jul-2025 17:09:53 Europe/Berlin] Database connection successful
[26-Jul-2025 17:09:53 Europe/Berlin] Token received: dbea7c60e7fbdc544cf2fbd1d36737409efd5dd332ffcf47733fa6573de1bf2e
[26-Jul-2025 17:09:53 Europe/Berlin] Token validated successfully
[26-Jul-2025 17:09:53 Europe/Berlin] Moving file from C:\xampp\tmp\phpAB1D.tmp to uploads/interviews/9/conversation_turn_2_initial_answer.webm
[26-Jul-2025 17:09:53 Europe/Berlin] Database SQL: INSERT INTO tblinterviewrecordings 
            (REGISTRATIONID, QUESTION_NUMBER, FILE_PATH, DURATION, RECORDED_AT, CONVERSATION_TURN, QUESTION_TYPE) 
            VALUES 
            ('9', 3, 'uploads/interviews/9/conversation_turn_2_initial_answer.webm', 2.391, NOW(), 2, 'initial_answer')
[26-Jul-2025 17:09:53 Europe/Berlin] Upload completed successfully
[26-Jul-2025 17:09:53 Europe/Berlin] === Simple Upload Working Ended ===
[27-Jul-2025 23:05:25 Europe/Berlin] === Simple Upload Working Started ===
[27-Jul-2025 23:05:25 Europe/Berlin] Request Method: POST
[27-Jul-2025 23:05:25 Europe/Berlin] POST Data: {"conversationTurn":"1","questionType":"feedback_response","currentEssentialQuestion":"0","duration":"6.82","token":"dbea7c60e7fbdc544cf2fbd1d36737409efd5dd332ffcf47733fa6573de1bf2e","registrationId":"9"}
[27-Jul-2025 23:05:25 Europe/Berlin] FILES Data: {"video":{"name":"conversation_turn_1_feedback_response.webm","full_path":"conversation_turn_1_feedback_response.webm","type":"video\/webm","tmp_name":"C:\\xampp\\tmp\\php84BE.tmp","error":0,"size":1013871}}
[27-Jul-2025 23:05:25 Europe/Berlin] Database connection successful
[27-Jul-2025 23:05:25 Europe/Berlin] Token received: dbea7c60e7fbdc544cf2fbd1d36737409efd5dd332ffcf47733fa6573de1bf2e
[27-Jul-2025 23:05:25 Europe/Berlin] Token validated successfully
[27-Jul-2025 23:05:25 Europe/Berlin] Moving file from C:\xampp\tmp\php84BE.tmp to uploads/interviews/9/conversation_turn_1_feedback_response.webm
[27-Jul-2025 23:05:25 Europe/Berlin] Database SQL: INSERT INTO tblinterviewrecordings 
            (REGISTRATIONID, QUESTION_NUMBER, FILE_PATH, DURATION, RECORDED_AT, CONVERSATION_TURN, QUESTION_TYPE) 
            VALUES 
            ('9', 0, 'uploads/interviews/9/conversation_turn_1_feedback_response.webm', 6.82, NOW(), 1, 'feedback_response')
[27-Jul-2025 23:05:25 Europe/Berlin] Upload completed successfully
[27-Jul-2025 23:05:25 Europe/Berlin] === Simple Upload Working Ended ===
[28-Jul-2025 20:20:08 Europe/Berlin] === Simple Upload Working Started ===
[28-Jul-2025 20:20:08 Europe/Berlin] Request Method: POST
[28-Jul-2025 20:20:08 Europe/Berlin] POST Data: {"conversationTurn":"1","questionType":"feedback_response","currentEssentialQuestion":"0","duration":"12.723","token":"dbea7c60e7fbdc544cf2fbd1d36737409efd5dd332ffcf47733fa6573de1bf2e","registrationId":"9"}
[28-Jul-2025 20:20:08 Europe/Berlin] FILES Data: {"video":{"name":"conversation_turn_1_feedback_response.webm","full_path":"conversation_turn_1_feedback_response.webm","type":"video\/webm","tmp_name":"C:\\xampp\\tmp\\php8F32.tmp","error":0,"size":1877359}}
[28-Jul-2025 20:20:08 Europe/Berlin] Database connection successful
[28-Jul-2025 20:20:08 Europe/Berlin] Token received: dbea7c60e7fbdc544cf2fbd1d36737409efd5dd332ffcf47733fa6573de1bf2e
[28-Jul-2025 20:20:08 Europe/Berlin] Token validated successfully
[28-Jul-2025 20:20:08 Europe/Berlin] Moving file from C:\xampp\tmp\php8F32.tmp to uploads/interviews/9/conversation_turn_1_feedback_response.webm
[28-Jul-2025 20:20:08 Europe/Berlin] Database SQL: INSERT INTO tblinterviewrecordings 
            (REGISTRATIONID, QUESTION_NUMBER, FILE_PATH, DURATION, RECORDED_AT, CONVERSATION_TURN, QUESTION_TYPE) 
            VALUES 
            ('9', 0, 'uploads/interviews/9/conversation_turn_1_feedback_response.webm', 12.723, NOW(), 1, 'feedback_response')
[28-Jul-2025 20:20:08 Europe/Berlin] Upload completed successfully
[28-Jul-2025 20:20:08 Europe/Berlin] === Simple Upload Working Ended ===
[28-Jul-2025 20:24:31 Europe/Berlin] === Simple Upload Working Started ===
[28-Jul-2025 20:24:31 Europe/Berlin] Request Method: POST
[28-Jul-2025 20:24:31 Europe/Berlin] POST Data: {"conversationTurn":"1","questionType":"feedback_response","currentEssentialQuestion":"0","duration":"15.335","token":"dbea7c60e7fbdc544cf2fbd1d36737409efd5dd332ffcf47733fa6573de1bf2e","registrationId":"9"}
[28-Jul-2025 20:24:31 Europe/Berlin] FILES Data: {"video":{"name":"conversation_turn_1_feedback_response.webm","full_path":"conversation_turn_1_feedback_response.webm","type":"video\/webm","tmp_name":"C:\\xampp\\tmp\\php9412.tmp","error":0,"size":2257918}}
[28-Jul-2025 20:24:31 Europe/Berlin] Database connection successful
[28-Jul-2025 20:24:31 Europe/Berlin] Token received: dbea7c60e7fbdc544cf2fbd1d36737409efd5dd332ffcf47733fa6573de1bf2e
[28-Jul-2025 20:24:31 Europe/Berlin] Token validated successfully
[28-Jul-2025 20:24:31 Europe/Berlin] Moving file from C:\xampp\tmp\php9412.tmp to uploads/interviews/9/conversation_turn_1_feedback_response.webm
[28-Jul-2025 20:24:31 Europe/Berlin] Database SQL: INSERT INTO tblinterviewrecordings 
            (REGISTRATIONID, QUESTION_NUMBER, FILE_PATH, DURATION, RECORDED_AT, CONVERSATION_TURN, QUESTION_TYPE) 
            VALUES 
            ('9', 0, 'uploads/interviews/9/conversation_turn_1_feedback_response.webm', 15.335, NOW(), 1, 'feedback_response')
[28-Jul-2025 20:24:31 Europe/Berlin] Upload completed successfully
[28-Jul-2025 20:24:31 Europe/Berlin] === Simple Upload Working Ended ===
[28-Jul-2025 20:31:42 Europe/Berlin] === Simple Upload Working Started ===
[28-Jul-2025 20:31:42 Europe/Berlin] Request Method: POST
[28-Jul-2025 20:31:42 Europe/Berlin] POST Data: {"conversationTurn":"1","questionType":"feedback_response","currentEssentialQuestion":"0","duration":"12.389","token":"dbea7c60e7fbdc544cf2fbd1d36737409efd5dd332ffcf47733fa6573de1bf2e","registrationId":"9"}
[28-Jul-2025 20:31:42 Europe/Berlin] FILES Data: {"video":{"name":"conversation_turn_1_feedback_response.webm","full_path":"conversation_turn_1_feedback_response.webm","type":"video\/webm","tmp_name":"C:\\xampp\\tmp\\php26B1.tmp","error":0,"size":1821230}}
[28-Jul-2025 20:31:42 Europe/Berlin] Database connection successful
[28-Jul-2025 20:31:42 Europe/Berlin] Token received: dbea7c60e7fbdc544cf2fbd1d36737409efd5dd332ffcf47733fa6573de1bf2e
[28-Jul-2025 20:31:42 Europe/Berlin] Token validated successfully
[28-Jul-2025 20:31:42 Europe/Berlin] Moving file from C:\xampp\tmp\php26B1.tmp to uploads/interviews/9/conversation_turn_1_feedback_response.webm
[28-Jul-2025 20:31:42 Europe/Berlin] Database SQL: INSERT INTO tblinterviewrecordings 
            (REGISTRATIONID, QUESTION_NUMBER, FILE_PATH, DURATION, RECORDED_AT, CONVERSATION_TURN, QUESTION_TYPE) 
            VALUES 
            ('9', 0, 'uploads/interviews/9/conversation_turn_1_feedback_response.webm', 12.389, NOW(), 1, 'feedback_response')
[28-Jul-2025 20:31:42 Europe/Berlin] Upload completed successfully
[28-Jul-2025 20:31:42 Europe/Berlin] === Simple Upload Working Ended ===
[28-Jul-2025 20:32:55 Europe/Berlin] === Simple Upload Working Started ===
[28-Jul-2025 20:32:55 Europe/Berlin] Request Method: POST
[28-Jul-2025 20:32:55 Europe/Berlin] POST Data: {"conversationTurn":"1","questionType":"feedback_response","currentEssentialQuestion":"0","duration":"17.151","token":"3c5c3de18221398b6e2bfb168442f0c56d4be13a7a29cc9c91574d694187e3a5","registrationId":"9"}
[28-Jul-2025 20:32:55 Europe/Berlin] FILES Data: {"video":{"name":"conversation_turn_1_feedback_response.webm","full_path":"conversation_turn_1_feedback_response.webm","type":"video\/webm","tmp_name":"C:\\xampp\\tmp\\php4253.tmp","error":0,"size":2521737}}
[28-Jul-2025 20:32:55 Europe/Berlin] Database connection successful
[28-Jul-2025 20:32:55 Europe/Berlin] Token received: 3c5c3de18221398b6e2bfb168442f0c56d4be13a7a29cc9c91574d694187e3a5
[28-Jul-2025 20:32:55 Europe/Berlin] Token validated successfully
[28-Jul-2025 20:32:55 Europe/Berlin] Moving file from C:\xampp\tmp\php4253.tmp to uploads/interviews/9/conversation_turn_1_feedback_response.webm
[28-Jul-2025 20:32:55 Europe/Berlin] Database SQL: INSERT INTO tblinterviewrecordings 
            (REGISTRATIONID, QUESTION_NUMBER, FILE_PATH, DURATION, RECORDED_AT, CONVERSATION_TURN, QUESTION_TYPE) 
            VALUES 
            ('9', 0, 'uploads/interviews/9/conversation_turn_1_feedback_response.webm', 17.151, NOW(), 1, 'feedback_response')
[28-Jul-2025 20:32:55 Europe/Berlin] Upload completed successfully
[28-Jul-2025 20:32:55 Europe/Berlin] === Simple Upload Working Ended ===
[28-Jul-2025 20:34:09 Europe/Berlin] === Simple Upload Working Started ===
[28-Jul-2025 20:34:09 Europe/Berlin] Request Method: POST
[28-Jul-2025 20:34:09 Europe/Berlin] POST Data: {"conversationTurn":"1","questionType":"initial_answer","currentEssentialQuestion":"1","duration":"5.795","token":"3c5c3de18221398b6e2bfb168442f0c56d4be13a7a29cc9c91574d694187e3a5","registrationId":"9"}
[28-Jul-2025 20:34:09 Europe/Berlin] FILES Data: {"video":{"name":"conversation_turn_1_initial_answer.webm","full_path":"conversation_turn_1_initial_answer.webm","type":"video\/webm","tmp_name":"C:\\xampp\\tmp\\php65B6.tmp","error":0,"size":853095}}
[28-Jul-2025 20:34:09 Europe/Berlin] Database connection successful
[28-Jul-2025 20:34:09 Europe/Berlin] Token received: 3c5c3de18221398b6e2bfb168442f0c56d4be13a7a29cc9c91574d694187e3a5
[28-Jul-2025 20:34:09 Europe/Berlin] Token validated successfully
[28-Jul-2025 20:34:09 Europe/Berlin] Moving file from C:\xampp\tmp\php65B6.tmp to uploads/interviews/9/conversation_turn_1_initial_answer.webm
[28-Jul-2025 20:34:09 Europe/Berlin] Database SQL: INSERT INTO tblinterviewrecordings 
            (REGISTRATIONID, QUESTION_NUMBER, FILE_PATH, DURATION, RECORDED_AT, CONVERSATION_TURN, QUESTION_TYPE) 
            VALUES 
            ('9', 1, 'uploads/interviews/9/conversation_turn_1_initial_answer.webm', 5.795, NOW(), 1, 'initial_answer')
[28-Jul-2025 20:34:09 Europe/Berlin] Upload completed successfully
[28-Jul-2025 20:34:09 Europe/Berlin] === Simple Upload Working Ended ===
[28-Jul-2025 20:37:15 Europe/Berlin] === Simple Upload Working Started ===
[28-Jul-2025 20:37:15 Europe/Berlin] Request Method: POST
[28-Jul-2025 20:37:15 Europe/Berlin] POST Data: {"conversationTurn":"1","questionType":"feedback_response","currentEssentialQuestion":"0","duration":"12.103","token":"3c5c3de18221398b6e2bfb168442f0c56d4be13a7a29cc9c91574d694187e3a5","registrationId":"9"}
[28-Jul-2025 20:37:15 Europe/Berlin] FILES Data: {"video":{"name":"conversation_turn_1_feedback_response.webm","full_path":"conversation_turn_1_feedback_response.webm","type":"video\/webm","tmp_name":"C:\\xampp\\tmp\\php3B7C.tmp","error":0,"size":1777770}}
[28-Jul-2025 20:37:15 Europe/Berlin] Database connection successful
[28-Jul-2025 20:37:15 Europe/Berlin] Token received: 3c5c3de18221398b6e2bfb168442f0c56d4be13a7a29cc9c91574d694187e3a5
[28-Jul-2025 20:37:15 Europe/Berlin] Token validated successfully
[28-Jul-2025 20:37:15 Europe/Berlin] Moving file from C:\xampp\tmp\php3B7C.tmp to uploads/interviews/9/conversation_turn_1_feedback_response.webm
[28-Jul-2025 20:37:15 Europe/Berlin] Database SQL: INSERT INTO tblinterviewrecordings 
            (REGISTRATIONID, QUESTION_NUMBER, FILE_PATH, DURATION, RECORDED_AT, CONVERSATION_TURN, QUESTION_TYPE) 
            VALUES 
            ('9', 0, 'uploads/interviews/9/conversation_turn_1_feedback_response.webm', 12.103, NOW(), 1, 'feedback_response')
[28-Jul-2025 20:37:15 Europe/Berlin] Upload completed successfully
[28-Jul-2025 20:37:15 Europe/Berlin] === Simple Upload Working Ended ===
[28-Jul-2025 20:37:58 Europe/Berlin] === Simple Upload Working Started ===
[28-Jul-2025 20:37:58 Europe/Berlin] Request Method: POST
[28-Jul-2025 20:37:58 Europe/Berlin] POST Data: {"conversationTurn":"1","questionType":"feedback_response","currentEssentialQuestion":"0","duration":"11.438","token":"3c5c3de18221398b6e2bfb168442f0c56d4be13a7a29cc9c91574d694187e3a5","registrationId":"9"}
[28-Jul-2025 20:37:58 Europe/Berlin] FILES Data: {"video":{"name":"conversation_turn_1_feedback_response.webm","full_path":"conversation_turn_1_feedback_response.webm","type":"video\/webm","tmp_name":"C:\\xampp\\tmp\\phpE375.tmp","error":0,"size":1673800}}
[28-Jul-2025 20:37:58 Europe/Berlin] Database connection successful
[28-Jul-2025 20:37:58 Europe/Berlin] Token received: 3c5c3de18221398b6e2bfb168442f0c56d4be13a7a29cc9c91574d694187e3a5
[28-Jul-2025 20:37:58 Europe/Berlin] Token validated successfully
[28-Jul-2025 20:37:58 Europe/Berlin] Moving file from C:\xampp\tmp\phpE375.tmp to uploads/interviews/9/conversation_turn_1_feedback_response.webm
[28-Jul-2025 20:37:58 Europe/Berlin] Database SQL: INSERT INTO tblinterviewrecordings 
            (REGISTRATIONID, QUESTION_NUMBER, FILE_PATH, DURATION, RECORDED_AT, CONVERSATION_TURN, QUESTION_TYPE) 
            VALUES 
            ('9', 0, 'uploads/interviews/9/conversation_turn_1_feedback_response.webm', 11.438, NOW(), 1, 'feedback_response')
[28-Jul-2025 20:37:58 Europe/Berlin] Upload completed successfully
[28-Jul-2025 20:37:58 Europe/Berlin] === Simple Upload Working Ended ===
[28-Jul-2025 20:42:42 Europe/Berlin] === Simple Upload Working Started ===
[28-Jul-2025 20:42:42 Europe/Berlin] Request Method: POST
[28-Jul-2025 20:42:42 Europe/Berlin] POST Data: {"conversationTurn":"2","questionType":"feedback_response","currentEssentialQuestion":"0","duration":"13.521","token":"3c5c3de18221398b6e2bfb168442f0c56d4be13a7a29cc9c91574d694187e3a5","registrationId":"9"}
[28-Jul-2025 20:42:42 Europe/Berlin] FILES Data: {"video":{"name":"conversation_turn_2_feedback_response.webm","full_path":"conversation_turn_2_feedback_response.webm","type":"video\/webm","tmp_name":"C:\\xampp\\tmp\\php3A9B.tmp","error":0,"size":1980705}}
[28-Jul-2025 20:42:42 Europe/Berlin] Database connection successful
[28-Jul-2025 20:42:42 Europe/Berlin] Token received: 3c5c3de18221398b6e2bfb168442f0c56d4be13a7a29cc9c91574d694187e3a5
[28-Jul-2025 20:42:42 Europe/Berlin] Token validated successfully
[28-Jul-2025 20:42:42 Europe/Berlin] Moving file from C:\xampp\tmp\php3A9B.tmp to uploads/interviews/9/conversation_turn_2_feedback_response.webm
[28-Jul-2025 20:42:42 Europe/Berlin] Database SQL: INSERT INTO tblinterviewrecordings 
            (REGISTRATIONID, QUESTION_NUMBER, FILE_PATH, DURATION, RECORDED_AT, CONVERSATION_TURN, QUESTION_TYPE) 
            VALUES 
            ('9', 0, 'uploads/interviews/9/conversation_turn_2_feedback_response.webm', 13.521, NOW(), 2, 'feedback_response')
[28-Jul-2025 20:42:42 Europe/Berlin] Upload completed successfully
[28-Jul-2025 20:42:42 Europe/Berlin] === Simple Upload Working Ended ===
[28-Jul-2025 20:43:14 Europe/Berlin] === Simple Upload Working Started ===
[28-Jul-2025 20:43:14 Europe/Berlin] Request Method: POST
[28-Jul-2025 20:43:14 Europe/Berlin] POST Data: {"conversationTurn":"3","questionType":"initial_answer","currentEssentialQuestion":"1","duration":"11.726","token":"3c5c3de18221398b6e2bfb168442f0c56d4be13a7a29cc9c91574d694187e3a5","registrationId":"9"}
[28-Jul-2025 20:43:14 Europe/Berlin] FILES Data: {"video":{"name":"conversation_turn_3_initial_answer.webm","full_path":"conversation_turn_3_initial_answer.webm","type":"video\/webm","tmp_name":"C:\\xampp\\tmp\\phpB7BB.tmp","error":0,"size":1731766}}
[28-Jul-2025 20:43:14 Europe/Berlin] Database connection successful
[28-Jul-2025 20:43:14 Europe/Berlin] Token received: 3c5c3de18221398b6e2bfb168442f0c56d4be13a7a29cc9c91574d694187e3a5
[28-Jul-2025 20:43:14 Europe/Berlin] Token validated successfully
[28-Jul-2025 20:43:14 Europe/Berlin] Moving file from C:\xampp\tmp\phpB7BB.tmp to uploads/interviews/9/conversation_turn_3_initial_answer.webm
[28-Jul-2025 20:43:14 Europe/Berlin] Database SQL: INSERT INTO tblinterviewrecordings 
            (REGISTRATIONID, QUESTION_NUMBER, FILE_PATH, DURATION, RECORDED_AT, CONVERSATION_TURN, QUESTION_TYPE) 
            VALUES 
            ('9', 1, 'uploads/interviews/9/conversation_turn_3_initial_answer.webm', 11.726, NOW(), 3, 'initial_answer')
[28-Jul-2025 20:43:14 Europe/Berlin] Upload completed successfully
[28-Jul-2025 20:43:14 Europe/Berlin] === Simple Upload Working Ended ===
[28-Jul-2025 20:43:59 Europe/Berlin] === Simple Upload Working Started ===
[28-Jul-2025 20:43:59 Europe/Berlin] Request Method: POST
[28-Jul-2025 20:43:59 Europe/Berlin] POST Data: {"conversationTurn":"4","questionType":"feedback_response","currentEssentialQuestion":"2","duration":"22.638","token":"3c5c3de18221398b6e2bfb168442f0c56d4be13a7a29cc9c91574d694187e3a5","registrationId":"9"}
[28-Jul-2025 20:43:59 Europe/Berlin] FILES Data: {"video":{"name":"conversation_turn_4_feedback_response.webm","full_path":"conversation_turn_4_feedback_response.webm","type":"video\/webm","tmp_name":"C:\\xampp\\tmp\\php65DE.tmp","error":0,"size":3327321}}
[28-Jul-2025 20:43:59 Europe/Berlin] Database connection successful
[28-Jul-2025 20:43:59 Europe/Berlin] Token received: 3c5c3de18221398b6e2bfb168442f0c56d4be13a7a29cc9c91574d694187e3a5
[28-Jul-2025 20:43:59 Europe/Berlin] Token validated successfully
[28-Jul-2025 20:43:59 Europe/Berlin] Moving file from C:\xampp\tmp\php65DE.tmp to uploads/interviews/9/conversation_turn_4_feedback_response.webm
[28-Jul-2025 20:43:59 Europe/Berlin] Database SQL: INSERT INTO tblinterviewrecordings 
            (REGISTRATIONID, QUESTION_NUMBER, FILE_PATH, DURATION, RECORDED_AT, CONVERSATION_TURN, QUESTION_TYPE) 
            VALUES 
            ('9', 2, 'uploads/interviews/9/conversation_turn_4_feedback_response.webm', 22.638, NOW(), 4, 'feedback_response')
[28-Jul-2025 20:43:59 Europe/Berlin] Upload completed successfully
[28-Jul-2025 20:43:59 Europe/Berlin] === Simple Upload Working Ended ===
[28-Jul-2025 20:44:40 Europe/Berlin] === Simple Upload Working Started ===
[28-Jul-2025 20:44:40 Europe/Berlin] Request Method: POST
[28-Jul-2025 20:44:40 Europe/Berlin] POST Data: {"conversationTurn":"4","questionType":"initial_answer","currentEssentialQuestion":"3","duration":"21.302","token":"3c5c3de18221398b6e2bfb168442f0c56d4be13a7a29cc9c91574d694187e3a5","registrationId":"9"}
[28-Jul-2025 20:44:40 Europe/Berlin] FILES Data: {"video":{"name":"conversation_turn_4_initial_answer.webm","full_path":"conversation_turn_4_initial_answer.webm","type":"video\/webm","tmp_name":"C:\\xampp\\tmp\\php4EE.tmp","error":0,"size":3123304}}
[28-Jul-2025 20:44:40 Europe/Berlin] Database connection successful
[28-Jul-2025 20:44:40 Europe/Berlin] Token received: 3c5c3de18221398b6e2bfb168442f0c56d4be13a7a29cc9c91574d694187e3a5
[28-Jul-2025 20:44:40 Europe/Berlin] Token validated successfully
[28-Jul-2025 20:44:40 Europe/Berlin] Moving file from C:\xampp\tmp\php4EE.tmp to uploads/interviews/9/conversation_turn_4_initial_answer.webm
[28-Jul-2025 20:44:40 Europe/Berlin] Database SQL: INSERT INTO tblinterviewrecordings 
            (REGISTRATIONID, QUESTION_NUMBER, FILE_PATH, DURATION, RECORDED_AT, CONVERSATION_TURN, QUESTION_TYPE) 
            VALUES 
            ('9', 3, 'uploads/interviews/9/conversation_turn_4_initial_answer.webm', 21.302, NOW(), 4, 'initial_answer')
[28-Jul-2025 20:44:40 Europe/Berlin] Upload completed successfully
[28-Jul-2025 20:44:40 Europe/Berlin] === Simple Upload Working Ended ===
[28-Jul-2025 20:45:01 Europe/Berlin] === Simple Upload Working Started ===
[28-Jul-2025 20:45:01 Europe/Berlin] Request Method: POST
[28-Jul-2025 20:45:01 Europe/Berlin] POST Data: {"conversationTurn":"5","questionType":"feedback_response","currentEssentialQuestion":"4","duration":"9.89","token":"3c5c3de18221398b6e2bfb168442f0c56d4be13a7a29cc9c91574d694187e3a5","registrationId":"9"}
[28-Jul-2025 20:45:01 Europe/Berlin] FILES Data: {"video":{"name":"conversation_turn_5_feedback_response.webm","full_path":"conversation_turn_5_feedback_response.webm","type":"video\/webm","tmp_name":"C:\\xampp\\tmp\\php588D.tmp","error":0,"size":1453126}}
[28-Jul-2025 20:45:01 Europe/Berlin] Database connection successful
[28-Jul-2025 20:45:01 Europe/Berlin] Token received: 3c5c3de18221398b6e2bfb168442f0c56d4be13a7a29cc9c91574d694187e3a5
[28-Jul-2025 20:45:01 Europe/Berlin] Token validated successfully
[28-Jul-2025 20:45:01 Europe/Berlin] Moving file from C:\xampp\tmp\php588D.tmp to uploads/interviews/9/conversation_turn_5_feedback_response.webm
[28-Jul-2025 20:45:01 Europe/Berlin] Database SQL: INSERT INTO tblinterviewrecordings 
            (REGISTRATIONID, QUESTION_NUMBER, FILE_PATH, DURATION, RECORDED_AT, CONVERSATION_TURN, QUESTION_TYPE) 
            VALUES 
            ('9', 4, 'uploads/interviews/9/conversation_turn_5_feedback_response.webm', 9.89, NOW(), 5, 'feedback_response')
[28-Jul-2025 20:45:01 Europe/Berlin] Upload completed successfully
[28-Jul-2025 20:45:01 Europe/Berlin] === Simple Upload Working Ended ===
[28-Jul-2025 20:45:27 Europe/Berlin] === Simple Upload Working Started ===
[28-Jul-2025 20:45:27 Europe/Berlin] Request Method: POST
[28-Jul-2025 20:45:27 Europe/Berlin] POST Data: {"conversationTurn":"6","questionType":"initial_answer","currentEssentialQuestion":"5","duration":"7.77","token":"3c5c3de18221398b6e2bfb168442f0c56d4be13a7a29cc9c91574d694187e3a5","registrationId":"9"}
[28-Jul-2025 20:45:27 Europe/Berlin] FILES Data: {"video":{"name":"conversation_turn_6_initial_answer.webm","full_path":"conversation_turn_6_initial_answer.webm","type":"video\/webm","tmp_name":"C:\\xampp\\tmp\\phpBF18.tmp","error":0,"size":1158640}}
[28-Jul-2025 20:45:27 Europe/Berlin] Database connection successful
[28-Jul-2025 20:45:27 Europe/Berlin] Token received: 3c5c3de18221398b6e2bfb168442f0c56d4be13a7a29cc9c91574d694187e3a5
[28-Jul-2025 20:45:27 Europe/Berlin] Token validated successfully
[28-Jul-2025 20:45:27 Europe/Berlin] Moving file from C:\xampp\tmp\phpBF18.tmp to uploads/interviews/9/conversation_turn_6_initial_answer.webm
[28-Jul-2025 20:45:27 Europe/Berlin] Database SQL: INSERT INTO tblinterviewrecordings 
            (REGISTRATIONID, QUESTION_NUMBER, FILE_PATH, DURATION, RECORDED_AT, CONVERSATION_TURN, QUESTION_TYPE) 
            VALUES 
            ('9', 5, 'uploads/interviews/9/conversation_turn_6_initial_answer.webm', 7.77, NOW(), 6, 'initial_answer')
[28-Jul-2025 20:45:27 Europe/Berlin] Upload completed successfully
[28-Jul-2025 20:45:27 Europe/Berlin] === Simple Upload Working Ended ===
[28-Jul-2025 20:45:50 Europe/Berlin] === Simple Upload Working Started ===
[28-Jul-2025 20:45:50 Europe/Berlin] Request Method: POST
[28-Jul-2025 20:45:50 Europe/Berlin] POST Data: {"conversationTurn":"6","questionType":"initial_answer","currentEssentialQuestion":"6","duration":"2.405","token":"3c5c3de18221398b6e2bfb168442f0c56d4be13a7a29cc9c91574d694187e3a5","registrationId":"9"}
[28-Jul-2025 20:45:50 Europe/Berlin] FILES Data: {"video":{"name":"conversation_turn_6_initial_answer.webm","full_path":"conversation_turn_6_initial_answer.webm","type":"video\/webm","tmp_name":"C:\\xampp\\tmp\\php1632.tmp","error":0,"size":305971}}
[28-Jul-2025 20:45:50 Europe/Berlin] Database connection successful
[28-Jul-2025 20:45:50 Europe/Berlin] Token received: 3c5c3de18221398b6e2bfb168442f0c56d4be13a7a29cc9c91574d694187e3a5
[28-Jul-2025 20:45:50 Europe/Berlin] Token validated successfully
[28-Jul-2025 20:45:50 Europe/Berlin] Moving file from C:\xampp\tmp\php1632.tmp to uploads/interviews/9/conversation_turn_6_initial_answer.webm
[28-Jul-2025 20:45:50 Europe/Berlin] Database SQL: INSERT INTO tblinterviewrecordings 
            (REGISTRATIONID, QUESTION_NUMBER, FILE_PATH, DURATION, RECORDED_AT, CONVERSATION_TURN, QUESTION_TYPE) 
            VALUES 
            ('9', 6, 'uploads/interviews/9/conversation_turn_6_initial_answer.webm', 2.405, NOW(), 6, 'initial_answer')
[28-Jul-2025 20:45:50 Europe/Berlin] Upload completed successfully
[28-Jul-2025 20:45:50 Europe/Berlin] === Simple Upload Working Ended ===
[28-Jul-2025 20:46:23 Europe/Berlin] === Simple Upload Working Started ===
[28-Jul-2025 20:46:23 Europe/Berlin] Request Method: POST
[28-Jul-2025 20:46:23 Europe/Berlin] POST Data: {"conversationTurn":"7","questionType":"feedback_response","currentEssentialQuestion":"6","duration":"16.782","token":"3c5c3de18221398b6e2bfb168442f0c56d4be13a7a29cc9c91574d694187e3a5","registrationId":"9"}
[28-Jul-2025 20:46:23 Europe/Berlin] FILES Data: {"video":{"name":"conversation_turn_7_feedback_response.webm","full_path":"conversation_turn_7_feedback_response.webm","type":"video\/webm","tmp_name":"C:\\xampp\\tmp\\php98E0.tmp","error":0,"size":2464754}}
[28-Jul-2025 20:46:23 Europe/Berlin] Database connection successful
[28-Jul-2025 20:46:23 Europe/Berlin] Token received: 3c5c3de18221398b6e2bfb168442f0c56d4be13a7a29cc9c91574d694187e3a5
[28-Jul-2025 20:46:23 Europe/Berlin] Token validated successfully
[28-Jul-2025 20:46:23 Europe/Berlin] Moving file from C:\xampp\tmp\php98E0.tmp to uploads/interviews/9/conversation_turn_7_feedback_response.webm
[28-Jul-2025 20:46:23 Europe/Berlin] Database SQL: INSERT INTO tblinterviewrecordings 
            (REGISTRATIONID, QUESTION_NUMBER, FILE_PATH, DURATION, RECORDED_AT, CONVERSATION_TURN, QUESTION_TYPE) 
            VALUES 
            ('9', 6, 'uploads/interviews/9/conversation_turn_7_feedback_response.webm', 16.782, NOW(), 7, 'feedback_response')
[28-Jul-2025 20:46:23 Europe/Berlin] Upload completed successfully
[28-Jul-2025 20:46:23 Europe/Berlin] === Simple Upload Working Ended ===
[28-Jul-2025 20:46:59 Europe/Berlin] === Simple Upload Working Started ===
[28-Jul-2025 20:46:59 Europe/Berlin] Request Method: POST
[28-Jul-2025 20:46:59 Europe/Berlin] POST Data: {"conversationTurn":"7","questionType":"initial_answer","currentEssentialQuestion":"6","duration":"2.382","token":"3c5c3de18221398b6e2bfb168442f0c56d4be13a7a29cc9c91574d694187e3a5","registrationId":"9"}
[28-Jul-2025 20:46:59 Europe/Berlin] FILES Data: {"video":{"name":"conversation_turn_7_initial_answer.webm","full_path":"conversation_turn_7_initial_answer.webm","type":"video\/webm","tmp_name":"C:\\xampp\\tmp\\php235F.tmp","error":0,"size":304536}}
[28-Jul-2025 20:46:59 Europe/Berlin] Database connection successful
[28-Jul-2025 20:46:59 Europe/Berlin] Token received: 3c5c3de18221398b6e2bfb168442f0c56d4be13a7a29cc9c91574d694187e3a5
[28-Jul-2025 20:46:59 Europe/Berlin] Token validated successfully
[28-Jul-2025 20:46:59 Europe/Berlin] Moving file from C:\xampp\tmp\php235F.tmp to uploads/interviews/9/conversation_turn_7_initial_answer.webm
[28-Jul-2025 20:46:59 Europe/Berlin] Database SQL: INSERT INTO tblinterviewrecordings 
            (REGISTRATIONID, QUESTION_NUMBER, FILE_PATH, DURATION, RECORDED_AT, CONVERSATION_TURN, QUESTION_TYPE) 
            VALUES 
            ('9', 6, 'uploads/interviews/9/conversation_turn_7_initial_answer.webm', 2.382, NOW(), 7, 'initial_answer')
[28-Jul-2025 20:46:59 Europe/Berlin] Upload completed successfully
[28-Jul-2025 20:46:59 Europe/Berlin] === Simple Upload Working Ended ===
[28-Jul-2025 20:47:18 Europe/Berlin] === Simple Upload Working Started ===
[28-Jul-2025 20:47:18 Europe/Berlin] Request Method: POST
[28-Jul-2025 20:47:18 Europe/Berlin] POST Data: {"conversationTurn":"7","questionType":"initial_answer","currentEssentialQuestion":"6","duration":"2.303","token":"3c5c3de18221398b6e2bfb168442f0c56d4be13a7a29cc9c91574d694187e3a5","registrationId":"9"}
[28-Jul-2025 20:47:18 Europe/Berlin] FILES Data: {"video":{"name":"conversation_turn_7_initial_answer.webm","full_path":"conversation_turn_7_initial_answer.webm","type":"video\/webm","tmp_name":"C:\\xampp\\tmp\\php7018.tmp","error":0,"size":284271}}
[28-Jul-2025 20:47:18 Europe/Berlin] Database connection successful
[28-Jul-2025 20:47:18 Europe/Berlin] Token received: 3c5c3de18221398b6e2bfb168442f0c56d4be13a7a29cc9c91574d694187e3a5
[28-Jul-2025 20:47:18 Europe/Berlin] Token validated successfully
[28-Jul-2025 20:47:18 Europe/Berlin] Moving file from C:\xampp\tmp\php7018.tmp to uploads/interviews/9/conversation_turn_7_initial_answer.webm
[28-Jul-2025 20:47:18 Europe/Berlin] Database SQL: INSERT INTO tblinterviewrecordings 
            (REGISTRATIONID, QUESTION_NUMBER, FILE_PATH, DURATION, RECORDED_AT, CONVERSATION_TURN, QUESTION_TYPE) 
            VALUES 
            ('9', 6, 'uploads/interviews/9/conversation_turn_7_initial_answer.webm', 2.303, NOW(), 7, 'initial_answer')
[28-Jul-2025 20:47:18 Europe/Berlin] Upload completed successfully
[28-Jul-2025 20:47:18 Europe/Berlin] === Simple Upload Working Ended ===
[28-Jul-2025 20:50:01 Europe/Berlin] === Simple Upload Working Started ===
[28-Jul-2025 20:50:01 Europe/Berlin] Request Method: POST
[28-Jul-2025 20:50:01 Europe/Berlin] POST Data: {"conversationTurn":"2","questionType":"feedback_response","currentEssentialQuestion":"0","duration":"11.82","token":"3c5c3de18221398b6e2bfb168442f0c56d4be13a7a29cc9c91574d694187e3a5","registrationId":"9"}
[28-Jul-2025 20:50:01 Europe/Berlin] FILES Data: {"video":{"name":"conversation_turn_2_feedback_response.webm","full_path":"conversation_turn_2_feedback_response.webm","type":"video\/webm","tmp_name":"C:\\xampp\\tmp\\phpEC83.tmp","error":0,"size":1747567}}
[28-Jul-2025 20:50:01 Europe/Berlin] Database connection successful
[28-Jul-2025 20:50:01 Europe/Berlin] Token received: 3c5c3de18221398b6e2bfb168442f0c56d4be13a7a29cc9c91574d694187e3a5
[28-Jul-2025 20:50:01 Europe/Berlin] Token validated successfully
[28-Jul-2025 20:50:01 Europe/Berlin] Moving file from C:\xampp\tmp\phpEC83.tmp to uploads/interviews/9/conversation_turn_2_feedback_response.webm
[28-Jul-2025 20:50:01 Europe/Berlin] Database SQL: INSERT INTO tblinterviewrecordings 
            (REGISTRATIONID, QUESTION_NUMBER, FILE_PATH, DURATION, RECORDED_AT, CONVERSATION_TURN, QUESTION_TYPE) 
            VALUES 
            ('9', 0, 'uploads/interviews/9/conversation_turn_2_feedback_response.webm', 11.82, NOW(), 2, 'feedback_response')
[28-Jul-2025 20:50:01 Europe/Berlin] Upload completed successfully
[28-Jul-2025 20:50:01 Europe/Berlin] === Simple Upload Working Ended ===
[28-Jul-2025 20:50:31 Europe/Berlin] === Simple Upload Working Started ===
[28-Jul-2025 20:50:31 Europe/Berlin] Request Method: POST
[28-Jul-2025 20:50:31 Europe/Berlin] POST Data: {"conversationTurn":"3","questionType":"initial_answer","currentEssentialQuestion":"1","duration":"9.365","token":"3c5c3de18221398b6e2bfb168442f0c56d4be13a7a29cc9c91574d694187e3a5","registrationId":"9"}
[28-Jul-2025 20:50:31 Europe/Berlin] FILES Data: {"video":{"name":"conversation_turn_3_initial_answer.webm","full_path":"conversation_turn_3_initial_answer.webm","type":"video\/webm","tmp_name":"C:\\xampp\\tmp\\php5F72.tmp","error":0,"size":1394609}}
[28-Jul-2025 20:50:31 Europe/Berlin] Database connection successful
[28-Jul-2025 20:50:31 Europe/Berlin] Token received: 3c5c3de18221398b6e2bfb168442f0c56d4be13a7a29cc9c91574d694187e3a5
[28-Jul-2025 20:50:31 Europe/Berlin] Token validated successfully
[28-Jul-2025 20:50:31 Europe/Berlin] Moving file from C:\xampp\tmp\php5F72.tmp to uploads/interviews/9/conversation_turn_3_initial_answer.webm
[28-Jul-2025 20:50:31 Europe/Berlin] Database SQL: INSERT INTO tblinterviewrecordings 
            (REGISTRATIONID, QUESTION_NUMBER, FILE_PATH, DURATION, RECORDED_AT, CONVERSATION_TURN, QUESTION_TYPE) 
            VALUES 
            ('9', 1, 'uploads/interviews/9/conversation_turn_3_initial_answer.webm', 9.365, NOW(), 3, 'initial_answer')
[28-Jul-2025 20:50:31 Europe/Berlin] Upload completed successfully
[28-Jul-2025 20:50:31 Europe/Berlin] === Simple Upload Working Ended ===
[28-Jul-2025 20:51:07 Europe/Berlin] === Simple Upload Working Started ===
[28-Jul-2025 20:51:07 Europe/Berlin] Request Method: POST
[28-Jul-2025 20:51:07 Europe/Berlin] POST Data: {"conversationTurn":"3","questionType":"initial_answer","currentEssentialQuestion":"3","duration":"14.969","token":"3c5c3de18221398b6e2bfb168442f0c56d4be13a7a29cc9c91574d694187e3a5","registrationId":"9"}
[28-Jul-2025 20:51:07 Europe/Berlin] FILES Data: {"video":{"name":"conversation_turn_3_initial_answer.webm","full_path":"conversation_turn_3_initial_answer.webm","type":"video\/webm","tmp_name":"C:\\xampp\\tmp\\phpEF20.tmp","error":0,"size":2213555}}
[28-Jul-2025 20:51:07 Europe/Berlin] Database connection successful
[28-Jul-2025 20:51:07 Europe/Berlin] Token received: 3c5c3de18221398b6e2bfb168442f0c56d4be13a7a29cc9c91574d694187e3a5
[28-Jul-2025 20:51:07 Europe/Berlin] Token validated successfully
[28-Jul-2025 20:51:07 Europe/Berlin] Moving file from C:\xampp\tmp\phpEF20.tmp to uploads/interviews/9/conversation_turn_3_initial_answer.webm
[28-Jul-2025 20:51:07 Europe/Berlin] Database SQL: INSERT INTO tblinterviewrecordings 
            (REGISTRATIONID, QUESTION_NUMBER, FILE_PATH, DURATION, RECORDED_AT, CONVERSATION_TURN, QUESTION_TYPE) 
            VALUES 
            ('9', 3, 'uploads/interviews/9/conversation_turn_3_initial_answer.webm', 14.969, NOW(), 3, 'initial_answer')
[28-Jul-2025 20:51:07 Europe/Berlin] Upload completed successfully
[28-Jul-2025 20:51:07 Europe/Berlin] === Simple Upload Working Ended ===
[28-Jul-2025 20:57:07 Europe/Berlin] === Simple Upload Working Started ===
[28-Jul-2025 20:57:07 Europe/Berlin] Request Method: POST
[28-Jul-2025 20:57:07 Europe/Berlin] POST Data: {"conversationTurn":"1","questionType":"feedback_response","currentEssentialQuestion":"0","duration":"17.276","token":"3c5c3de18221398b6e2bfb168442f0c56d4be13a7a29cc9c91574d694187e3a5","registrationId":"9"}
[28-Jul-2025 20:57:07 Europe/Berlin] FILES Data: {"video":{"name":"conversation_turn_1_feedback_response.webm","full_path":"conversation_turn_1_feedback_response.webm","type":"video\/webm","tmp_name":"C:\\xampp\\tmp\\php6C67.tmp","error":0,"size":2546365}}
[28-Jul-2025 20:57:07 Europe/Berlin] Database connection successful
[28-Jul-2025 20:57:07 Europe/Berlin] Token received: 3c5c3de18221398b6e2bfb168442f0c56d4be13a7a29cc9c91574d694187e3a5
[28-Jul-2025 20:57:07 Europe/Berlin] Token validated successfully
[28-Jul-2025 20:57:07 Europe/Berlin] Moving file from C:\xampp\tmp\php6C67.tmp to uploads/interviews/9/conversation_turn_1_feedback_response.webm
[28-Jul-2025 20:57:07 Europe/Berlin] Database SQL: INSERT INTO tblinterviewrecordings 
            (REGISTRATIONID, QUESTION_NUMBER, FILE_PATH, DURATION, RECORDED_AT, CONVERSATION_TURN, QUESTION_TYPE) 
            VALUES 
            ('9', 0, 'uploads/interviews/9/conversation_turn_1_feedback_response.webm', 17.276, NOW(), 1, 'feedback_response')
[28-Jul-2025 20:57:07 Europe/Berlin] Upload completed successfully
[28-Jul-2025 20:57:07 Europe/Berlin] === Simple Upload Working Ended ===
[28-Jul-2025 20:57:48 Europe/Berlin] === Simple Upload Working Started ===
[28-Jul-2025 20:57:48 Europe/Berlin] Request Method: POST
[28-Jul-2025 20:57:48 Europe/Berlin] POST Data: {"conversationTurn":"1","questionType":"feedback_response","currentEssentialQuestion":"0","duration":"13.993","token":"3c5c3de18221398b6e2bfb168442f0c56d4be13a7a29cc9c91574d694187e3a5","registrationId":"9"}
[28-Jul-2025 20:57:48 Europe/Berlin] FILES Data: {"video":{"name":"conversation_turn_1_feedback_response.webm","full_path":"conversation_turn_1_feedback_response.webm","type":"video\/webm","tmp_name":"C:\\xampp\\tmp\\phpB0A.tmp","error":0,"size":2067012}}
[28-Jul-2025 20:57:48 Europe/Berlin] Database connection successful
[28-Jul-2025 20:57:48 Europe/Berlin] Token received: 3c5c3de18221398b6e2bfb168442f0c56d4be13a7a29cc9c91574d694187e3a5
[28-Jul-2025 20:57:48 Europe/Berlin] Token validated successfully
[28-Jul-2025 20:57:48 Europe/Berlin] Moving file from C:\xampp\tmp\phpB0A.tmp to uploads/interviews/9/conversation_turn_1_feedback_response.webm
[28-Jul-2025 20:57:48 Europe/Berlin] Database SQL: INSERT INTO tblinterviewrecordings 
            (REGISTRATIONID, QUESTION_NUMBER, FILE_PATH, DURATION, RECORDED_AT, CONVERSATION_TURN, QUESTION_TYPE) 
            VALUES 
            ('9', 0, 'uploads/interviews/9/conversation_turn_1_feedback_response.webm', 13.993, NOW(), 1, 'feedback_response')
[28-Jul-2025 20:57:48 Europe/Berlin] Upload completed successfully
[28-Jul-2025 20:57:48 Europe/Berlin] === Simple Upload Working Ended ===
[28-Jul-2025 21:02:02 Europe/Berlin] === Simple Upload Working Started ===
[28-Jul-2025 21:02:02 Europe/Berlin] Request Method: POST
[28-Jul-2025 21:02:02 Europe/Berlin] POST Data: {"conversationTurn":"1","questionType":"feedback_response","currentEssentialQuestion":"0","duration":"17.368","token":"3c5c3de18221398b6e2bfb168442f0c56d4be13a7a29cc9c91574d694187e3a5","registrationId":"9"}
[28-Jul-2025 21:02:02 Europe/Berlin] FILES Data: {"video":{"name":"conversation_turn_1_feedback_response.webm","full_path":"conversation_turn_1_feedback_response.webm","type":"video\/webm","tmp_name":"C:\\xampp\\tmp\\phpEB69.tmp","error":0,"size":2590809}}
[28-Jul-2025 21:02:02 Europe/Berlin] Database connection successful
[28-Jul-2025 21:02:02 Europe/Berlin] Token received: 3c5c3de18221398b6e2bfb168442f0c56d4be13a7a29cc9c91574d694187e3a5
[28-Jul-2025 21:02:02 Europe/Berlin] Token validated successfully
[28-Jul-2025 21:02:02 Europe/Berlin] Moving file from C:\xampp\tmp\phpEB69.tmp to uploads/interviews/9/conversation_turn_1_feedback_response.webm
[28-Jul-2025 21:02:02 Europe/Berlin] Database SQL: INSERT INTO tblinterviewrecordings 
            (REGISTRATIONID, QUESTION_NUMBER, FILE_PATH, DURATION, RECORDED_AT, CONVERSATION_TURN, QUESTION_TYPE) 
            VALUES 
            ('9', 0, 'uploads/interviews/9/conversation_turn_1_feedback_response.webm', 17.368, NOW(), 1, 'feedback_response')
[28-Jul-2025 21:02:02 Europe/Berlin] Upload completed successfully
[28-Jul-2025 21:02:02 Europe/Berlin] === Simple Upload Working Ended ===
[28-Jul-2025 21:04:12 Europe/Berlin] === Simple Upload Working Started ===
[28-Jul-2025 21:04:12 Europe/Berlin] Request Method: POST
[28-Jul-2025 21:04:12 Europe/Berlin] POST Data: {"conversationTurn":"1","questionType":"feedback_response","currentEssentialQuestion":"0","duration":"16.798","token":"3c5c3de18221398b6e2bfb168442f0c56d4be13a7a29cc9c91574d694187e3a5","registrationId":"9"}
[28-Jul-2025 21:04:12 Europe/Berlin] FILES Data: {"video":{"name":"conversation_turn_1_feedback_response.webm","full_path":"conversation_turn_1_feedback_response.webm","type":"video\/webm","tmp_name":"C:\\xampp\\tmp\\phpE900.tmp","error":0,"size":2512017}}
[28-Jul-2025 21:04:12 Europe/Berlin] Database connection successful
[28-Jul-2025 21:04:12 Europe/Berlin] Token received: 3c5c3de18221398b6e2bfb168442f0c56d4be13a7a29cc9c91574d694187e3a5
[28-Jul-2025 21:04:12 Europe/Berlin] Token validated successfully
[28-Jul-2025 21:04:12 Europe/Berlin] Moving file from C:\xampp\tmp\phpE900.tmp to uploads/interviews/9/conversation_turn_1_feedback_response.webm
[28-Jul-2025 21:04:12 Europe/Berlin] Database SQL: INSERT INTO tblinterviewrecordings 
            (REGISTRATIONID, QUESTION_NUMBER, FILE_PATH, DURATION, RECORDED_AT, CONVERSATION_TURN, QUESTION_TYPE) 
            VALUES 
            ('9', 0, 'uploads/interviews/9/conversation_turn_1_feedback_response.webm', 16.798, NOW(), 1, 'feedback_response')
[28-Jul-2025 21:04:12 Europe/Berlin] Upload completed successfully
[28-Jul-2025 21:04:12 Europe/Berlin] === Simple Upload Working Ended ===
[28-Jul-2025 21:07:33 Europe/Berlin] === Simple Upload Working Started ===
[28-Jul-2025 21:07:33 Europe/Berlin] Request Method: POST
[28-Jul-2025 21:07:33 Europe/Berlin] POST Data: {"conversationTurn":"2","questionType":"feedback_response","currentEssentialQuestion":"0","duration":"13.715","token":"c4f95a67e7952b9f83cff82fd0a97ef62e2829d478d2b2ae0d00c63c2d2cfc51","registrationId":"9"}
[28-Jul-2025 21:07:33 Europe/Berlin] FILES Data: {"video":{"name":"conversation_turn_2_feedback_response.webm","full_path":"conversation_turn_2_feedback_response.webm","type":"video\/webm","tmp_name":"C:\\xampp\\tmp\\phpF835.tmp","error":0,"size":2049515}}
[28-Jul-2025 21:07:33 Europe/Berlin] Database connection successful
[28-Jul-2025 21:07:33 Europe/Berlin] Token received: c4f95a67e7952b9f83cff82fd0a97ef62e2829d478d2b2ae0d00c63c2d2cfc51
[28-Jul-2025 21:07:33 Europe/Berlin] Token validated successfully
[28-Jul-2025 21:07:33 Europe/Berlin] Moving file from C:\xampp\tmp\phpF835.tmp to uploads/interviews/9/conversation_turn_2_feedback_response.webm
[28-Jul-2025 21:07:33 Europe/Berlin] Database SQL: INSERT INTO tblinterviewrecordings 
            (REGISTRATIONID, QUESTION_NUMBER, FILE_PATH, DURATION, RECORDED_AT, CONVERSATION_TURN, QUESTION_TYPE) 
            VALUES 
            ('9', 0, 'uploads/interviews/9/conversation_turn_2_feedback_response.webm', 13.715, NOW(), 2, 'feedback_response')
[28-Jul-2025 21:07:33 Europe/Berlin] Upload completed successfully
[28-Jul-2025 21:07:33 Europe/Berlin] === Simple Upload Working Ended ===
[28-Jul-2025 21:07:55 Europe/Berlin] === Simple Upload Working Started ===
[28-Jul-2025 21:07:55 Europe/Berlin] Request Method: POST
[28-Jul-2025 21:07:55 Europe/Berlin] POST Data: {"conversationTurn":"2","questionType":"initial_answer","currentEssentialQuestion":"1","duration":"2.356","token":"c4f95a67e7952b9f83cff82fd0a97ef62e2829d478d2b2ae0d00c63c2d2cfc51","registrationId":"9"}
[28-Jul-2025 21:07:55 Europe/Berlin] FILES Data: {"video":{"name":"conversation_turn_2_initial_answer.webm","full_path":"conversation_turn_2_initial_answer.webm","type":"video\/webm","tmp_name":"C:\\xampp\\tmp\\php4FDB.tmp","error":0,"size":304491}}
[28-Jul-2025 21:07:55 Europe/Berlin] Database connection successful
[28-Jul-2025 21:07:55 Europe/Berlin] Token received: c4f95a67e7952b9f83cff82fd0a97ef62e2829d478d2b2ae0d00c63c2d2cfc51
[28-Jul-2025 21:07:55 Europe/Berlin] Token validated successfully
[28-Jul-2025 21:07:55 Europe/Berlin] Moving file from C:\xampp\tmp\php4FDB.tmp to uploads/interviews/9/conversation_turn_2_initial_answer.webm
[28-Jul-2025 21:07:55 Europe/Berlin] Database SQL: INSERT INTO tblinterviewrecordings 
            (REGISTRATIONID, QUESTION_NUMBER, FILE_PATH, DURATION, RECORDED_AT, CONVERSATION_TURN, QUESTION_TYPE) 
            VALUES 
            ('9', 1, 'uploads/interviews/9/conversation_turn_2_initial_answer.webm', 2.356, NOW(), 2, 'initial_answer')
[28-Jul-2025 21:07:55 Europe/Berlin] Upload completed successfully
[28-Jul-2025 21:07:55 Europe/Berlin] === Simple Upload Working Ended ===
[28-Jul-2025 21:09:07 Europe/Berlin] === Simple Upload Working Started ===
[28-Jul-2025 21:09:07 Europe/Berlin] Request Method: POST
[28-Jul-2025 21:09:07 Europe/Berlin] POST Data: {"conversationTurn":"1","questionType":"feedback_response","currentEssentialQuestion":"0","duration":"11.647","token":"c4f95a67e7952b9f83cff82fd0a97ef62e2829d478d2b2ae0d00c63c2d2cfc51","registrationId":"9"}
[28-Jul-2025 21:09:07 Europe/Berlin] FILES Data: {"video":{"name":"conversation_turn_1_feedback_response.webm","full_path":"conversation_turn_1_feedback_response.webm","type":"video\/webm","tmp_name":"C:\\xampp\\tmp\\php6A16.tmp","error":0,"size":1735558}}
[28-Jul-2025 21:09:07 Europe/Berlin] Database connection successful
[28-Jul-2025 21:09:07 Europe/Berlin] Token received: c4f95a67e7952b9f83cff82fd0a97ef62e2829d478d2b2ae0d00c63c2d2cfc51
[28-Jul-2025 21:09:07 Europe/Berlin] Token validated successfully
[28-Jul-2025 21:09:07 Europe/Berlin] Moving file from C:\xampp\tmp\php6A16.tmp to uploads/interviews/9/conversation_turn_1_feedback_response.webm
[28-Jul-2025 21:09:07 Europe/Berlin] Database SQL: INSERT INTO tblinterviewrecordings 
            (REGISTRATIONID, QUESTION_NUMBER, FILE_PATH, DURATION, RECORDED_AT, CONVERSATION_TURN, QUESTION_TYPE) 
            VALUES 
            ('9', 0, 'uploads/interviews/9/conversation_turn_1_feedback_response.webm', 11.647, NOW(), 1, 'feedback_response')
[28-Jul-2025 21:09:07 Europe/Berlin] Upload completed successfully
[28-Jul-2025 21:09:07 Europe/Berlin] === Simple Upload Working Ended ===
[28-Jul-2025 21:10:55 Europe/Berlin] === Simple Upload Working Started ===
[28-Jul-2025 21:10:55 Europe/Berlin] Request Method: POST
[28-Jul-2025 21:10:55 Europe/Berlin] POST Data: {"conversationTurn":"1","questionType":"initial_answer","currentEssentialQuestion":"0","duration":"2.55","token":"c4f95a67e7952b9f83cff82fd0a97ef62e2829d478d2b2ae0d00c63c2d2cfc51","registrationId":"9"}
[28-Jul-2025 21:10:55 Europe/Berlin] FILES Data: {"video":{"name":"conversation_turn_1_initial_answer.webm","full_path":"conversation_turn_1_initial_answer.webm","type":"video\/webm","tmp_name":"C:\\xampp\\tmp\\phpC9C.tmp","error":0,"size":323501}}
[28-Jul-2025 21:10:55 Europe/Berlin] Database connection successful
[28-Jul-2025 21:10:55 Europe/Berlin] Token received: c4f95a67e7952b9f83cff82fd0a97ef62e2829d478d2b2ae0d00c63c2d2cfc51
[28-Jul-2025 21:10:55 Europe/Berlin] Token validated successfully
[28-Jul-2025 21:10:55 Europe/Berlin] Moving file from C:\xampp\tmp\phpC9C.tmp to uploads/interviews/9/conversation_turn_1_initial_answer.webm
[28-Jul-2025 21:10:55 Europe/Berlin] Database SQL: INSERT INTO tblinterviewrecordings 
            (REGISTRATIONID, QUESTION_NUMBER, FILE_PATH, DURATION, RECORDED_AT, CONVERSATION_TURN, QUESTION_TYPE) 
            VALUES 
            ('9', 0, 'uploads/interviews/9/conversation_turn_1_initial_answer.webm', 2.55, NOW(), 1, 'initial_answer')
[28-Jul-2025 21:10:55 Europe/Berlin] Upload completed successfully
[28-Jul-2025 21:10:55 Europe/Berlin] === Simple Upload Working Ended ===
[28-Jul-2025 21:11:22 Europe/Berlin] === Simple Upload Working Started ===
[28-Jul-2025 21:11:22 Europe/Berlin] Request Method: POST
[28-Jul-2025 21:11:22 Europe/Berlin] POST Data: {"conversationTurn":"2","questionType":"initial_answer","currentEssentialQuestion":"0","duration":"15.44","token":"c4f95a67e7952b9f83cff82fd0a97ef62e2829d478d2b2ae0d00c63c2d2cfc51","registrationId":"9"}
[28-Jul-2025 21:11:22 Europe/Berlin] FILES Data: {"video":{"name":"conversation_turn_2_initial_answer.webm","full_path":"conversation_turn_2_initial_answer.webm","type":"video\/webm","tmp_name":"C:\\xampp\\tmp\\php775D.tmp","error":0,"size":2298770}}
[28-Jul-2025 21:11:22 Europe/Berlin] Database connection successful
[28-Jul-2025 21:11:22 Europe/Berlin] Token received: c4f95a67e7952b9f83cff82fd0a97ef62e2829d478d2b2ae0d00c63c2d2cfc51
[28-Jul-2025 21:11:22 Europe/Berlin] Token validated successfully
[28-Jul-2025 21:11:22 Europe/Berlin] Moving file from C:\xampp\tmp\php775D.tmp to uploads/interviews/9/conversation_turn_2_initial_answer.webm
[28-Jul-2025 21:11:22 Europe/Berlin] Database SQL: INSERT INTO tblinterviewrecordings 
            (REGISTRATIONID, QUESTION_NUMBER, FILE_PATH, DURATION, RECORDED_AT, CONVERSATION_TURN, QUESTION_TYPE) 
            VALUES 
            ('9', 0, 'uploads/interviews/9/conversation_turn_2_initial_answer.webm', 15.44, NOW(), 2, 'initial_answer')
[28-Jul-2025 21:11:22 Europe/Berlin] Upload completed successfully
[28-Jul-2025 21:11:22 Europe/Berlin] === Simple Upload Working Ended ===
[28-Jul-2025 21:11:54 Europe/Berlin] === Simple Upload Working Started ===
[28-Jul-2025 21:11:54 Europe/Berlin] Request Method: POST
[28-Jul-2025 21:11:54 Europe/Berlin] POST Data: {"conversationTurn":"2","questionType":"initial_answer","currentEssentialQuestion":"1","duration":"12.516","token":"c4f95a67e7952b9f83cff82fd0a97ef62e2829d478d2b2ae0d00c63c2d2cfc51","registrationId":"9"}
[28-Jul-2025 21:11:54 Europe/Berlin] FILES Data: {"video":{"name":"conversation_turn_2_initial_answer.webm","full_path":"conversation_turn_2_initial_answer.webm","type":"video\/webm","tmp_name":"C:\\xampp\\tmp\\phpF4AC.tmp","error":0,"size":1848940}}
[28-Jul-2025 21:11:54 Europe/Berlin] Database connection successful
[28-Jul-2025 21:11:54 Europe/Berlin] Token received: c4f95a67e7952b9f83cff82fd0a97ef62e2829d478d2b2ae0d00c63c2d2cfc51
[28-Jul-2025 21:11:54 Europe/Berlin] Token validated successfully
[28-Jul-2025 21:11:54 Europe/Berlin] Moving file from C:\xampp\tmp\phpF4AC.tmp to uploads/interviews/9/conversation_turn_2_initial_answer.webm
[28-Jul-2025 21:11:54 Europe/Berlin] Database SQL: INSERT INTO tblinterviewrecordings 
            (REGISTRATIONID, QUESTION_NUMBER, FILE_PATH, DURATION, RECORDED_AT, CONVERSATION_TURN, QUESTION_TYPE) 
            VALUES 
            ('9', 1, 'uploads/interviews/9/conversation_turn_2_initial_answer.webm', 12.516, NOW(), 2, 'initial_answer')
[28-Jul-2025 21:11:54 Europe/Berlin] Upload completed successfully
[28-Jul-2025 21:11:54 Europe/Berlin] === Simple Upload Working Ended ===
[28-Jul-2025 21:14:35 Europe/Berlin] === Simple Upload Working Started ===
[28-Jul-2025 21:14:35 Europe/Berlin] Request Method: POST
[28-Jul-2025 21:14:35 Europe/Berlin] POST Data: {"conversationTurn":"1","questionType":"initial_answer","currentEssentialQuestion":"0","duration":"2.533","token":"c4f95a67e7952b9f83cff82fd0a97ef62e2829d478d2b2ae0d00c63c2d2cfc51","registrationId":"9"}
[28-Jul-2025 21:14:35 Europe/Berlin] FILES Data: {"video":{"name":"conversation_turn_1_initial_answer.webm","full_path":"conversation_turn_1_initial_answer.webm","type":"video\/webm","tmp_name":"C:\\xampp\\tmp\\php68D9.tmp","error":0,"size":323605}}
[28-Jul-2025 21:14:35 Europe/Berlin] Database connection successful
[28-Jul-2025 21:14:35 Europe/Berlin] Token received: c4f95a67e7952b9f83cff82fd0a97ef62e2829d478d2b2ae0d00c63c2d2cfc51
[28-Jul-2025 21:14:35 Europe/Berlin] Token validated successfully
[28-Jul-2025 21:14:35 Europe/Berlin] Moving file from C:\xampp\tmp\php68D9.tmp to uploads/interviews/9/conversation_turn_1_initial_answer.webm
[28-Jul-2025 21:14:35 Europe/Berlin] Database SQL: INSERT INTO tblinterviewrecordings 
            (REGISTRATIONID, QUESTION_NUMBER, FILE_PATH, DURATION, RECORDED_AT, CONVERSATION_TURN, QUESTION_TYPE) 
            VALUES 
            ('9', 0, 'uploads/interviews/9/conversation_turn_1_initial_answer.webm', 2.533, NOW(), 1, 'initial_answer')
[28-Jul-2025 21:14:35 Europe/Berlin] Upload completed successfully
[28-Jul-2025 21:14:35 Europe/Berlin] === Simple Upload Working Ended ===
[28-Jul-2025 21:17:49 Europe/Berlin] === Simple Upload Working Started ===
[28-Jul-2025 21:17:49 Europe/Berlin] Request Method: POST
[28-Jul-2025 21:17:49 Europe/Berlin] POST Data: {"conversationTurn":"2","questionType":"feedback_response","currentEssentialQuestion":"0","duration":"12.903","token":"c4f95a67e7952b9f83cff82fd0a97ef62e2829d478d2b2ae0d00c63c2d2cfc51","registrationId":"9"}
[28-Jul-2025 21:17:49 Europe/Berlin] FILES Data: {"video":{"name":"conversation_turn_2_feedback_response.webm","full_path":"conversation_turn_2_feedback_response.webm","type":"video\/webm","tmp_name":"C:\\xampp\\tmp\\php60DD.tmp","error":0,"size":1924562}}
[28-Jul-2025 21:17:49 Europe/Berlin] Database connection successful
[28-Jul-2025 21:17:49 Europe/Berlin] Token received: c4f95a67e7952b9f83cff82fd0a97ef62e2829d478d2b2ae0d00c63c2d2cfc51
[28-Jul-2025 21:17:49 Europe/Berlin] Token validated successfully
[28-Jul-2025 21:17:49 Europe/Berlin] Moving file from C:\xampp\tmp\php60DD.tmp to uploads/interviews/9/conversation_turn_2_feedback_response.webm
[28-Jul-2025 21:17:49 Europe/Berlin] Database SQL: INSERT INTO tblinterviewrecordings 
            (REGISTRATIONID, QUESTION_NUMBER, FILE_PATH, DURATION, RECORDED_AT, CONVERSATION_TURN, QUESTION_TYPE) 
            VALUES 
            ('9', 0, 'uploads/interviews/9/conversation_turn_2_feedback_response.webm', 12.903, NOW(), 2, 'feedback_response')
[28-Jul-2025 21:17:49 Europe/Berlin] Upload completed successfully
[28-Jul-2025 21:17:49 Europe/Berlin] === Simple Upload Working Ended ===
[28-Jul-2025 21:18:12 Europe/Berlin] === Simple Upload Working Started ===
[28-Jul-2025 21:18:12 Europe/Berlin] Request Method: POST
[28-Jul-2025 21:18:12 Europe/Berlin] POST Data: {"conversationTurn":"3","questionType":"feedback_response","currentEssentialQuestion":"0","duration":"14.592","token":"c4f95a67e7952b9f83cff82fd0a97ef62e2829d478d2b2ae0d00c63c2d2cfc51","registrationId":"9"}
[28-Jul-2025 21:18:12 Europe/Berlin] FILES Data: {"video":{"name":"conversation_turn_3_feedback_response.webm","full_path":"conversation_turn_3_feedback_response.webm","type":"video\/webm","tmp_name":"C:\\xampp\\tmp\\phpB9AC.tmp","error":0,"size":2189899}}
[28-Jul-2025 21:18:12 Europe/Berlin] Database connection successful
[28-Jul-2025 21:18:12 Europe/Berlin] Token received: c4f95a67e7952b9f83cff82fd0a97ef62e2829d478d2b2ae0d00c63c2d2cfc51
[28-Jul-2025 21:18:12 Europe/Berlin] Token validated successfully
[28-Jul-2025 21:18:12 Europe/Berlin] Moving file from C:\xampp\tmp\phpB9AC.tmp to uploads/interviews/9/conversation_turn_3_feedback_response.webm
[28-Jul-2025 21:18:12 Europe/Berlin] Database SQL: INSERT INTO tblinterviewrecordings 
            (REGISTRATIONID, QUESTION_NUMBER, FILE_PATH, DURATION, RECORDED_AT, CONVERSATION_TURN, QUESTION_TYPE) 
            VALUES 
            ('9', 0, 'uploads/interviews/9/conversation_turn_3_feedback_response.webm', 14.592, NOW(), 3, 'feedback_response')
[28-Jul-2025 21:18:12 Europe/Berlin] Upload completed successfully
[28-Jul-2025 21:18:12 Europe/Berlin] === Simple Upload Working Ended ===
[28-Jul-2025 21:18:25 Europe/Berlin] === Simple Upload Working Started ===
[28-Jul-2025 21:18:25 Europe/Berlin] Request Method: POST
[28-Jul-2025 21:18:25 Europe/Berlin] POST Data: {"conversationTurn":"4","questionType":"feedback_response","currentEssentialQuestion":"0","duration":"4.941","token":"c4f95a67e7952b9f83cff82fd0a97ef62e2829d478d2b2ae0d00c63c2d2cfc51","registrationId":"9"}
[28-Jul-2025 21:18:25 Europe/Berlin] FILES Data: {"video":{"name":"conversation_turn_4_feedback_response.webm","full_path":"conversation_turn_4_feedback_response.webm","type":"video\/webm","tmp_name":"C:\\xampp\\tmp\\phpECC3.tmp","error":0,"size":734527}}
[28-Jul-2025 21:18:25 Europe/Berlin] Database connection successful
[28-Jul-2025 21:18:25 Europe/Berlin] Token received: c4f95a67e7952b9f83cff82fd0a97ef62e2829d478d2b2ae0d00c63c2d2cfc51
[28-Jul-2025 21:18:25 Europe/Berlin] Token validated successfully
[28-Jul-2025 21:18:25 Europe/Berlin] Moving file from C:\xampp\tmp\phpECC3.tmp to uploads/interviews/9/conversation_turn_4_feedback_response.webm
[28-Jul-2025 21:18:25 Europe/Berlin] Database SQL: INSERT INTO tblinterviewrecordings 
            (REGISTRATIONID, QUESTION_NUMBER, FILE_PATH, DURATION, RECORDED_AT, CONVERSATION_TURN, QUESTION_TYPE) 
            VALUES 
            ('9', 0, 'uploads/interviews/9/conversation_turn_4_feedback_response.webm', 4.941, NOW(), 4, 'feedback_response')
[28-Jul-2025 21:18:25 Europe/Berlin] Upload completed successfully
[28-Jul-2025 21:18:25 Europe/Berlin] === Simple Upload Working Ended ===
[28-Jul-2025 21:18:52 Europe/Berlin] === Simple Upload Working Started ===
[28-Jul-2025 21:18:52 Europe/Berlin] Request Method: POST
[28-Jul-2025 21:18:52 Europe/Berlin] POST Data: {"conversationTurn":"4","questionType":"initial_answer","currentEssentialQuestion":"1","duration":"6.174","token":"c4f95a67e7952b9f83cff82fd0a97ef62e2829d478d2b2ae0d00c63c2d2cfc51","registrationId":"9"}
[28-Jul-2025 21:18:52 Europe/Berlin] FILES Data: {"video":{"name":"conversation_turn_4_initial_answer.webm","full_path":"conversation_turn_4_initial_answer.webm","type":"video\/webm","tmp_name":"C:\\xampp\\tmp\\php55DF.tmp","error":0,"size":927558}}
[28-Jul-2025 21:18:52 Europe/Berlin] Database connection successful
[28-Jul-2025 21:18:52 Europe/Berlin] Token received: c4f95a67e7952b9f83cff82fd0a97ef62e2829d478d2b2ae0d00c63c2d2cfc51
[28-Jul-2025 21:18:52 Europe/Berlin] Token validated successfully
[28-Jul-2025 21:18:52 Europe/Berlin] Moving file from C:\xampp\tmp\php55DF.tmp to uploads/interviews/9/conversation_turn_4_initial_answer.webm
[28-Jul-2025 21:18:52 Europe/Berlin] Database SQL: INSERT INTO tblinterviewrecordings 
            (REGISTRATIONID, QUESTION_NUMBER, FILE_PATH, DURATION, RECORDED_AT, CONVERSATION_TURN, QUESTION_TYPE) 
            VALUES 
            ('9', 1, 'uploads/interviews/9/conversation_turn_4_initial_answer.webm', 6.174, NOW(), 4, 'initial_answer')
[28-Jul-2025 21:18:52 Europe/Berlin] Upload completed successfully
[28-Jul-2025 21:18:52 Europe/Berlin] === Simple Upload Working Ended ===
[28-Jul-2025 23:49:03 Europe/Berlin] === Simple Upload Working Started ===
[28-Jul-2025 23:49:03 Europe/Berlin] Request Method: POST
[28-Jul-2025 23:49:03 Europe/Berlin] POST Data: {"conversationTurn":"1","questionType":"initial_answer","currentEssentialQuestion":"0","duration":"2.564","token":"d627b4d3d4cdd0dcbc2737dc83e15c5a57c60fba78c185622a16b3f927985ce9","registrationId":"8"}
[28-Jul-2025 23:49:03 Europe/Berlin] FILES Data: {"video":{"name":"conversation_turn_1_initial_answer.webm","full_path":"conversation_turn_1_initial_answer.webm","type":"video\/webm","tmp_name":"C:\\xampp\\tmp\\phpD5E3.tmp","error":0,"size":317789}}
[28-Jul-2025 23:49:03 Europe/Berlin] Database connection successful
[28-Jul-2025 23:49:03 Europe/Berlin] Token received: d627b4d3d4cdd0dcbc2737dc83e15c5a57c60fba78c185622a16b3f927985ce9
[28-Jul-2025 23:49:03 Europe/Berlin] Token validated successfully
[28-Jul-2025 23:49:03 Europe/Berlin] Moving file from C:\xampp\tmp\phpD5E3.tmp to uploads/interviews/8/conversation_turn_1_initial_answer.webm
[28-Jul-2025 23:49:03 Europe/Berlin] Database SQL: INSERT INTO tblinterviewrecordings 
            (REGISTRATIONID, QUESTION_NUMBER, FILE_PATH, DURATION, RECORDED_AT, CONVERSATION_TURN, QUESTION_TYPE) 
            VALUES 
            ('8', 0, 'uploads/interviews/8/conversation_turn_1_initial_answer.webm', 2.564, NOW(), 1, 'initial_answer')
[28-Jul-2025 23:49:03 Europe/Berlin] Upload completed successfully
[28-Jul-2025 23:49:03 Europe/Berlin] === Simple Upload Working Ended ===
[31-Jul-2025 21:29:03 Europe/Berlin] === Simple Upload Working Started ===
[31-Jul-2025 21:29:03 Europe/Berlin] Request Method: POST
[31-Jul-2025 21:29:03 Europe/Berlin] POST Data: {"conversationTurn":"2","questionType":"feedback_response","currentEssentialQuestion":"0","duration":"13.202","token":"14d0caee8ae603ede7094d75bf94e7456b7b6d4686e17716dc0e8c56443fc459","registrationId":"9"}
[31-Jul-2025 21:29:03 Europe/Berlin] FILES Data: {"video":{"name":"conversation_turn_2_feedback_response.webm","full_path":"conversation_turn_2_feedback_response.webm","type":"video\/webm","tmp_name":"C:\\xampp\\tmp\\phpBC0C.tmp","error":0,"size":1950849}}
[31-Jul-2025 21:29:03 Europe/Berlin] Database connection successful
[31-Jul-2025 21:29:03 Europe/Berlin] Token received: 14d0caee8ae603ede7094d75bf94e7456b7b6d4686e17716dc0e8c56443fc459
[31-Jul-2025 21:29:03 Europe/Berlin] Token validated successfully
[31-Jul-2025 21:29:03 Europe/Berlin] Moving file from C:\xampp\tmp\phpBC0C.tmp to uploads/interviews/9/conversation_turn_2_feedback_response.webm
[31-Jul-2025 21:29:03 Europe/Berlin] Database SQL: INSERT INTO tblinterviewrecordings 
            (REGISTRATIONID, QUESTION_NUMBER, FILE_PATH, DURATION, RECORDED_AT, CONVERSATION_TURN, QUESTION_TYPE) 
            VALUES 
            ('9', 0, 'uploads/interviews/9/conversation_turn_2_feedback_response.webm', 13.202, NOW(), 2, 'feedback_response')
[31-Jul-2025 21:29:03 Europe/Berlin] Upload completed successfully
[31-Jul-2025 21:29:03 Europe/Berlin] === Simple Upload Working Ended ===
[31-Jul-2025 21:29:33 Europe/Berlin] === Simple Upload Working Started ===
[31-Jul-2025 21:29:33 Europe/Berlin] Request Method: POST
[31-Jul-2025 21:29:33 Europe/Berlin] POST Data: {"conversationTurn":"2","questionType":"feedback_response","currentEssentialQuestion":"0","duration":"18.389","token":"14d0caee8ae603ede7094d75bf94e7456b7b6d4686e17716dc0e8c56443fc459","registrationId":"9"}
[31-Jul-2025 21:29:33 Europe/Berlin] FILES Data: {"video":{"name":"conversation_turn_2_feedback_response.webm","full_path":"conversation_turn_2_feedback_response.webm","type":"video\/webm","tmp_name":"C:\\xampp\\tmp\\php311E.tmp","error":0,"size":2699463}}
[31-Jul-2025 21:29:33 Europe/Berlin] Database connection successful
[31-Jul-2025 21:29:33 Europe/Berlin] Token received: 14d0caee8ae603ede7094d75bf94e7456b7b6d4686e17716dc0e8c56443fc459
[31-Jul-2025 21:29:33 Europe/Berlin] Token validated successfully
[31-Jul-2025 21:29:33 Europe/Berlin] Moving file from C:\xampp\tmp\php311E.tmp to uploads/interviews/9/conversation_turn_2_feedback_response.webm
[31-Jul-2025 21:29:33 Europe/Berlin] Database SQL: INSERT INTO tblinterviewrecordings 
            (REGISTRATIONID, QUESTION_NUMBER, FILE_PATH, DURATION, RECORDED_AT, CONVERSATION_TURN, QUESTION_TYPE) 
            VALUES 
            ('9', 0, 'uploads/interviews/9/conversation_turn_2_feedback_response.webm', 18.389, NOW(), 2, 'feedback_response')
[31-Jul-2025 21:29:33 Europe/Berlin] Upload completed successfully
[31-Jul-2025 21:29:33 Europe/Berlin] === Simple Upload Working Ended ===
[31-Jul-2025 21:29:36 Europe/Berlin] === Simple Upload Working Started ===
[31-Jul-2025 21:29:36 Europe/Berlin] Request Method: POST
[31-Jul-2025 21:29:36 Europe/Berlin] POST Data: {"conversationTurn":"3","questionType":"feedback_response","currentEssentialQuestion":"0","duration":"2.533","token":"14d0caee8ae603ede7094d75bf94e7456b7b6d4686e17716dc0e8c56443fc459","registrationId":"9"}
[31-Jul-2025 21:29:36 Europe/Berlin] FILES Data: {"video":{"name":"conversation_turn_3_feedback_response.webm","full_path":"conversation_turn_3_feedback_response.webm","type":"video\/webm","tmp_name":"C:\\xampp\\tmp\\php3F29.tmp","error":0,"size":320070}}
[31-Jul-2025 21:29:36 Europe/Berlin] Database connection successful
[31-Jul-2025 21:29:36 Europe/Berlin] Token received: 14d0caee8ae603ede7094d75bf94e7456b7b6d4686e17716dc0e8c56443fc459
[31-Jul-2025 21:29:36 Europe/Berlin] Token validated successfully
[31-Jul-2025 21:29:36 Europe/Berlin] Moving file from C:\xampp\tmp\php3F29.tmp to uploads/interviews/9/conversation_turn_3_feedback_response.webm
[31-Jul-2025 21:29:36 Europe/Berlin] Database SQL: INSERT INTO tblinterviewrecordings 
            (REGISTRATIONID, QUESTION_NUMBER, FILE_PATH, DURATION, RECORDED_AT, CONVERSATION_TURN, QUESTION_TYPE) 
            VALUES 
            ('9', 0, 'uploads/interviews/9/conversation_turn_3_feedback_response.webm', 2.533, NOW(), 3, 'feedback_response')
[31-Jul-2025 21:29:36 Europe/Berlin] Upload completed successfully
[31-Jul-2025 21:29:36 Europe/Berlin] === Simple Upload Working Ended ===
[31-Jul-2025 21:29:53 Europe/Berlin] === Simple Upload Working Started ===
[31-Jul-2025 21:29:53 Europe/Berlin] Request Method: POST
[31-Jul-2025 21:29:53 Europe/Berlin] POST Data: {"conversationTurn":"4","questionType":"feedback_response","currentEssentialQuestion":"0","duration":"5.31","token":"14d0caee8ae603ede7094d75bf94e7456b7b6d4686e17716dc0e8c56443fc459","registrationId":"9"}
[31-Jul-2025 21:29:53 Europe/Berlin] FILES Data: {"video":{"name":"conversation_turn_4_feedback_response.webm","full_path":"conversation_turn_4_feedback_response.webm","type":"video\/webm","tmp_name":"C:\\xampp\\tmp\\php8163.tmp","error":0,"size":779234}}
[31-Jul-2025 21:29:53 Europe/Berlin] Database connection successful
[31-Jul-2025 21:29:53 Europe/Berlin] Token received: 14d0caee8ae603ede7094d75bf94e7456b7b6d4686e17716dc0e8c56443fc459
[31-Jul-2025 21:29:53 Europe/Berlin] Token validated successfully
[31-Jul-2025 21:29:53 Europe/Berlin] Moving file from C:\xampp\tmp\php8163.tmp to uploads/interviews/9/conversation_turn_4_feedback_response.webm
[31-Jul-2025 21:29:53 Europe/Berlin] Database SQL: INSERT INTO tblinterviewrecordings 
            (REGISTRATIONID, QUESTION_NUMBER, FILE_PATH, DURATION, RECORDED_AT, CONVERSATION_TURN, QUESTION_TYPE) 
            VALUES 
            ('9', 0, 'uploads/interviews/9/conversation_turn_4_feedback_response.webm', 5.31, NOW(), 4, 'feedback_response')
[31-Jul-2025 21:29:53 Europe/Berlin] Upload completed successfully
[31-Jul-2025 21:29:53 Europe/Berlin] === Simple Upload Working Ended ===
[31-Jul-2025 21:30:25 Europe/Berlin] === Simple Upload Working Started ===
[31-Jul-2025 21:30:25 Europe/Berlin] Request Method: POST
[31-Jul-2025 21:30:25 Europe/Berlin] POST Data: {"conversationTurn":"5","questionType":"feedback_response","currentEssentialQuestion":"0","duration":"20.347","token":"14d0caee8ae603ede7094d75bf94e7456b7b6d4686e17716dc0e8c56443fc459","registrationId":"9"}
[31-Jul-2025 21:30:25 Europe/Berlin] FILES Data: {"video":{"name":"conversation_turn_5_feedback_response.webm","full_path":"conversation_turn_5_feedback_response.webm","type":"video\/webm","tmp_name":"C:\\xampp\\tmp\\phpFE16.tmp","error":0,"size":2985941}}
[31-Jul-2025 21:30:25 Europe/Berlin] Database connection successful
[31-Jul-2025 21:30:25 Europe/Berlin] Token received: 14d0caee8ae603ede7094d75bf94e7456b7b6d4686e17716dc0e8c56443fc459
[31-Jul-2025 21:30:25 Europe/Berlin] Token validated successfully
[31-Jul-2025 21:30:25 Europe/Berlin] Moving file from C:\xampp\tmp\phpFE16.tmp to uploads/interviews/9/conversation_turn_5_feedback_response.webm
[31-Jul-2025 21:30:25 Europe/Berlin] Database SQL: INSERT INTO tblinterviewrecordings 
            (REGISTRATIONID, QUESTION_NUMBER, FILE_PATH, DURATION, RECORDED_AT, CONVERSATION_TURN, QUESTION_TYPE) 
            VALUES 
            ('9', 0, 'uploads/interviews/9/conversation_turn_5_feedback_response.webm', 20.347, NOW(), 5, 'feedback_response')
[31-Jul-2025 21:30:25 Europe/Berlin] Upload completed successfully
[31-Jul-2025 21:30:25 Europe/Berlin] === Simple Upload Working Ended ===
[31-Jul-2025 21:30:56 Europe/Berlin] === Simple Upload Working Started ===
[31-Jul-2025 21:30:56 Europe/Berlin] Request Method: POST
[31-Jul-2025 21:30:56 Europe/Berlin] POST Data: {"conversationTurn":"6","questionType":"feedback_response","currentEssentialQuestion":"1","duration":"10.61","token":"14d0caee8ae603ede7094d75bf94e7456b7b6d4686e17716dc0e8c56443fc459","registrationId":"9"}
[31-Jul-2025 21:30:56 Europe/Berlin] FILES Data: {"video":{"name":"conversation_turn_6_feedback_response.webm","full_path":"conversation_turn_6_feedback_response.webm","type":"video\/webm","tmp_name":"C:\\xampp\\tmp\\php75A8.tmp","error":0,"size":1567646}}
[31-Jul-2025 21:30:56 Europe/Berlin] Database connection successful
[31-Jul-2025 21:30:56 Europe/Berlin] Token received: 14d0caee8ae603ede7094d75bf94e7456b7b6d4686e17716dc0e8c56443fc459
[31-Jul-2025 21:30:56 Europe/Berlin] Token validated successfully
[31-Jul-2025 21:30:56 Europe/Berlin] Moving file from C:\xampp\tmp\php75A8.tmp to uploads/interviews/9/conversation_turn_6_feedback_response.webm
[31-Jul-2025 21:30:56 Europe/Berlin] Database SQL: INSERT INTO tblinterviewrecordings 
            (REGISTRATIONID, QUESTION_NUMBER, FILE_PATH, DURATION, RECORDED_AT, CONVERSATION_TURN, QUESTION_TYPE) 
            VALUES 
            ('9', 1, 'uploads/interviews/9/conversation_turn_6_feedback_response.webm', 10.61, NOW(), 6, 'feedback_response')
[31-Jul-2025 21:30:56 Europe/Berlin] Upload completed successfully
[31-Jul-2025 21:30:56 Europe/Berlin] === Simple Upload Working Ended ===
[31-Jul-2025 21:31:11 Europe/Berlin] === Simple Upload Working Started ===
[31-Jul-2025 21:31:11 Europe/Berlin] Request Method: POST
[31-Jul-2025 21:31:11 Europe/Berlin] POST Data: {"conversationTurn":"7","questionType":"feedback_response","currentEssentialQuestion":"1","duration":"3.565","token":"14d0caee8ae603ede7094d75bf94e7456b7b6d4686e17716dc0e8c56443fc459","registrationId":"9"}
[31-Jul-2025 21:31:11 Europe/Berlin] FILES Data: {"video":{"name":"conversation_turn_7_feedback_response.webm","full_path":"conversation_turn_7_feedback_response.webm","type":"video\/webm","tmp_name":"C:\\xampp\\tmp\\phpB0ED.tmp","error":0,"size":518401}}
[31-Jul-2025 21:31:11 Europe/Berlin] Database connection successful
[31-Jul-2025 21:31:11 Europe/Berlin] Token received: 14d0caee8ae603ede7094d75bf94e7456b7b6d4686e17716dc0e8c56443fc459
[31-Jul-2025 21:31:11 Europe/Berlin] Token validated successfully
[31-Jul-2025 21:31:11 Europe/Berlin] Moving file from C:\xampp\tmp\phpB0ED.tmp to uploads/interviews/9/conversation_turn_7_feedback_response.webm
[31-Jul-2025 21:31:11 Europe/Berlin] Database SQL: INSERT INTO tblinterviewrecordings 
            (REGISTRATIONID, QUESTION_NUMBER, FILE_PATH, DURATION, RECORDED_AT, CONVERSATION_TURN, QUESTION_TYPE) 
            VALUES 
            ('9', 1, 'uploads/interviews/9/conversation_turn_7_feedback_response.webm', 3.565, NOW(), 7, 'feedback_response')
[31-Jul-2025 21:31:11 Europe/Berlin] Upload completed successfully
[31-Jul-2025 21:31:11 Europe/Berlin] === Simple Upload Working Ended ===
[31-Jul-2025 21:31:25 Europe/Berlin] === Simple Upload Working Started ===
[31-Jul-2025 21:31:25 Europe/Berlin] Request Method: POST
[31-Jul-2025 21:31:25 Europe/Berlin] POST Data: {"conversationTurn":"7","questionType":"feedback_response","currentEssentialQuestion":"1","duration":"2.51","token":"14d0caee8ae603ede7094d75bf94e7456b7b6d4686e17716dc0e8c56443fc459","registrationId":"9"}
[31-Jul-2025 21:31:25 Europe/Berlin] FILES Data: {"video":{"name":"conversation_turn_7_feedback_response.webm","full_path":"conversation_turn_7_feedback_response.webm","type":"video\/webm","tmp_name":"C:\\xampp\\tmp\\phpE81B.tmp","error":0,"size":322572}}
[31-Jul-2025 21:31:25 Europe/Berlin] Database connection successful
[31-Jul-2025 21:31:25 Europe/Berlin] Token received: 14d0caee8ae603ede7094d75bf94e7456b7b6d4686e17716dc0e8c56443fc459
[31-Jul-2025 21:31:25 Europe/Berlin] Token validated successfully
[31-Jul-2025 21:31:25 Europe/Berlin] Moving file from C:\xampp\tmp\phpE81B.tmp to uploads/interviews/9/conversation_turn_7_feedback_response.webm
[31-Jul-2025 21:31:25 Europe/Berlin] Database SQL: INSERT INTO tblinterviewrecordings 
            (REGISTRATIONID, QUESTION_NUMBER, FILE_PATH, DURATION, RECORDED_AT, CONVERSATION_TURN, QUESTION_TYPE) 
            VALUES 
            ('9', 1, 'uploads/interviews/9/conversation_turn_7_feedback_response.webm', 2.51, NOW(), 7, 'feedback_response')
[31-Jul-2025 21:31:25 Europe/Berlin] Upload completed successfully
[31-Jul-2025 21:31:25 Europe/Berlin] === Simple Upload Working Ended ===
[31-Jul-2025 21:31:34 Europe/Berlin] === Simple Upload Working Started ===
[31-Jul-2025 21:31:34 Europe/Berlin] Request Method: POST
[31-Jul-2025 21:31:34 Europe/Berlin] POST Data: {"conversationTurn":"7","questionType":"initial_answer","currentEssentialQuestion":"1","duration":"7.002","token":"14d0caee8ae603ede7094d75bf94e7456b7b6d4686e17716dc0e8c56443fc459","registrationId":"9"}
[31-Jul-2025 21:31:34 Europe/Berlin] FILES Data: {"video":{"name":"conversation_turn_7_initial_answer.webm","full_path":"conversation_turn_7_initial_answer.webm","type":"video\/webm","tmp_name":"C:\\xampp\\tmp\\php875.tmp","error":0,"size":1043429}}
[31-Jul-2025 21:31:34 Europe/Berlin] Database connection successful
[31-Jul-2025 21:31:34 Europe/Berlin] Token received: 14d0caee8ae603ede7094d75bf94e7456b7b6d4686e17716dc0e8c56443fc459
[31-Jul-2025 21:31:34 Europe/Berlin] Token validated successfully
[31-Jul-2025 21:31:34 Europe/Berlin] Moving file from C:\xampp\tmp\php875.tmp to uploads/interviews/9/conversation_turn_7_initial_answer.webm
[31-Jul-2025 21:31:34 Europe/Berlin] Database SQL: INSERT INTO tblinterviewrecordings 
            (REGISTRATIONID, QUESTION_NUMBER, FILE_PATH, DURATION, RECORDED_AT, CONVERSATION_TURN, QUESTION_TYPE) 
            VALUES 
            ('9', 1, 'uploads/interviews/9/conversation_turn_7_initial_answer.webm', 7.002, NOW(), 7, 'initial_answer')
[31-Jul-2025 21:31:34 Europe/Berlin] Upload completed successfully
[31-Jul-2025 21:31:34 Europe/Berlin] === Simple Upload Working Ended ===
[31-Jul-2025 21:35:21 Europe/Berlin] === Simple Upload Working Started ===
[31-Jul-2025 21:35:21 Europe/Berlin] Request Method: POST
[31-Jul-2025 21:35:21 Europe/Berlin] POST Data: {"conversationTurn":"2","questionType":"feedback_response","currentEssentialQuestion":"0","duration":"14.509","token":"14d0caee8ae603ede7094d75bf94e7456b7b6d4686e17716dc0e8c56443fc459","registrationId":"9"}
[31-Jul-2025 21:35:21 Europe/Berlin] FILES Data: {"video":{"name":"conversation_turn_2_feedback_response.webm","full_path":"conversation_turn_2_feedback_response.webm","type":"video\/webm","tmp_name":"C:\\xampp\\tmp\\php7F1E.tmp","error":0,"size":2142795}}
[31-Jul-2025 21:35:21 Europe/Berlin] Database connection successful
[31-Jul-2025 21:35:21 Europe/Berlin] Token received: 14d0caee8ae603ede7094d75bf94e7456b7b6d4686e17716dc0e8c56443fc459
[31-Jul-2025 21:35:21 Europe/Berlin] Token validated successfully
[31-Jul-2025 21:35:21 Europe/Berlin] Moving file from C:\xampp\tmp\php7F1E.tmp to uploads/interviews/9/conversation_turn_2_feedback_response.webm
[31-Jul-2025 21:35:21 Europe/Berlin] Database SQL: INSERT INTO tblinterviewrecordings 
            (REGISTRATIONID, QUESTION_NUMBER, FILE_PATH, DURATION, RECORDED_AT, CONVERSATION_TURN, QUESTION_TYPE) 
            VALUES 
            ('9', 0, 'uploads/interviews/9/conversation_turn_2_feedback_response.webm', 14.509, NOW(), 2, 'feedback_response')
[31-Jul-2025 21:35:21 Europe/Berlin] Upload completed successfully
[31-Jul-2025 21:35:21 Europe/Berlin] === Simple Upload Working Ended ===
[31-Jul-2025 21:35:44 Europe/Berlin] === Simple Upload Working Started ===
[31-Jul-2025 21:35:44 Europe/Berlin] Request Method: POST
[31-Jul-2025 21:35:44 Europe/Berlin] POST Data: {"conversationTurn":"3","questionType":"feedback_response","currentEssentialQuestion":"0","duration":"12.214","token":"14d0caee8ae603ede7094d75bf94e7456b7b6d4686e17716dc0e8c56443fc459","registrationId":"9"}
[31-Jul-2025 21:35:44 Europe/Berlin] FILES Data: {"video":{"name":"conversation_turn_3_feedback_response.webm","full_path":"conversation_turn_3_feedback_response.webm","type":"video\/webm","tmp_name":"C:\\xampp\\tmp\\phpDBD6.tmp","error":0,"size":1803753}}
[31-Jul-2025 21:35:44 Europe/Berlin] Database connection successful
[31-Jul-2025 21:35:44 Europe/Berlin] Token received: 14d0caee8ae603ede7094d75bf94e7456b7b6d4686e17716dc0e8c56443fc459
[31-Jul-2025 21:35:44 Europe/Berlin] Token validated successfully
[31-Jul-2025 21:35:44 Europe/Berlin] Moving file from C:\xampp\tmp\phpDBD6.tmp to uploads/interviews/9/conversation_turn_3_feedback_response.webm
[31-Jul-2025 21:35:44 Europe/Berlin] Database SQL: INSERT INTO tblinterviewrecordings 
            (REGISTRATIONID, QUESTION_NUMBER, FILE_PATH, DURATION, RECORDED_AT, CONVERSATION_TURN, QUESTION_TYPE) 
            VALUES 
            ('9', 0, 'uploads/interviews/9/conversation_turn_3_feedback_response.webm', 12.214, NOW(), 3, 'feedback_response')
[31-Jul-2025 21:35:44 Europe/Berlin] Upload completed successfully
[31-Jul-2025 21:35:44 Europe/Berlin] === Simple Upload Working Ended ===
[31-Jul-2025 21:36:08 Europe/Berlin] === Simple Upload Working Started ===
[31-Jul-2025 21:36:08 Europe/Berlin] Request Method: POST
[31-Jul-2025 21:36:08 Europe/Berlin] POST Data: {"conversationTurn":"4","questionType":"feedback_response","currentEssentialQuestion":"0","duration":"12.413","token":"14d0caee8ae603ede7094d75bf94e7456b7b6d4686e17716dc0e8c56443fc459","registrationId":"9"}
[31-Jul-2025 21:36:08 Europe/Berlin] FILES Data: {"video":{"name":"conversation_turn_4_feedback_response.webm","full_path":"conversation_turn_4_feedback_response.webm","type":"video\/webm","tmp_name":"C:\\xampp\\tmp\\php38BC.tmp","error":0,"size":1821045}}
[31-Jul-2025 21:36:08 Europe/Berlin] Database connection successful
[31-Jul-2025 21:36:08 Europe/Berlin] Token received: 14d0caee8ae603ede7094d75bf94e7456b7b6d4686e17716dc0e8c56443fc459
[31-Jul-2025 21:36:08 Europe/Berlin] Token validated successfully
[31-Jul-2025 21:36:08 Europe/Berlin] Moving file from C:\xampp\tmp\php38BC.tmp to uploads/interviews/9/conversation_turn_4_feedback_response.webm
[31-Jul-2025 21:36:08 Europe/Berlin] Database SQL: INSERT INTO tblinterviewrecordings 
            (REGISTRATIONID, QUESTION_NUMBER, FILE_PATH, DURATION, RECORDED_AT, CONVERSATION_TURN, QUESTION_TYPE) 
            VALUES 
            ('9', 0, 'uploads/interviews/9/conversation_turn_4_feedback_response.webm', 12.413, NOW(), 4, 'feedback_response')
[31-Jul-2025 21:36:08 Europe/Berlin] Upload completed successfully
[31-Jul-2025 21:36:08 Europe/Berlin] === Simple Upload Working Ended ===
[31-Jul-2025 21:36:32 Europe/Berlin] === Simple Upload Working Started ===
[31-Jul-2025 21:36:32 Europe/Berlin] Request Method: POST
[31-Jul-2025 21:36:32 Europe/Berlin] POST Data: {"conversationTurn":"5","questionType":"feedback_response","currentEssentialQuestion":"1","duration":"5.007","token":"14d0caee8ae603ede7094d75bf94e7456b7b6d4686e17716dc0e8c56443fc459","registrationId":"9"}
[31-Jul-2025 21:36:32 Europe/Berlin] FILES Data: {"video":{"name":"conversation_turn_5_feedback_response.webm","full_path":"conversation_turn_5_feedback_response.webm","type":"video\/webm","tmp_name":"C:\\xampp\\tmp\\php9525.tmp","error":0,"size":751552}}
[31-Jul-2025 21:36:32 Europe/Berlin] Database connection successful
[31-Jul-2025 21:36:32 Europe/Berlin] Token received: 14d0caee8ae603ede7094d75bf94e7456b7b6d4686e17716dc0e8c56443fc459
[31-Jul-2025 21:36:32 Europe/Berlin] Token validated successfully
[31-Jul-2025 21:36:32 Europe/Berlin] Moving file from C:\xampp\tmp\php9525.tmp to uploads/interviews/9/conversation_turn_5_feedback_response.webm
[31-Jul-2025 21:36:32 Europe/Berlin] Database SQL: INSERT INTO tblinterviewrecordings 
            (REGISTRATIONID, QUESTION_NUMBER, FILE_PATH, DURATION, RECORDED_AT, CONVERSATION_TURN, QUESTION_TYPE) 
            VALUES 
            ('9', 1, 'uploads/interviews/9/conversation_turn_5_feedback_response.webm', 5.007, NOW(), 5, 'feedback_response')
[31-Jul-2025 21:36:32 Europe/Berlin] Upload completed successfully
[31-Jul-2025 21:36:32 Europe/Berlin] === Simple Upload Working Ended ===
[31-Jul-2025 21:36:49 Europe/Berlin] === Simple Upload Working Started ===
[31-Jul-2025 21:36:49 Europe/Berlin] Request Method: POST
[31-Jul-2025 21:36:49 Europe/Berlin] POST Data: {"conversationTurn":"6","questionType":"feedback_response","currentEssentialQuestion":"1","duration":"5.62","token":"14d0caee8ae603ede7094d75bf94e7456b7b6d4686e17716dc0e8c56443fc459","registrationId":"9"}
[31-Jul-2025 21:36:49 Europe/Berlin] FILES Data: {"video":{"name":"conversation_turn_6_feedback_response.webm","full_path":"conversation_turn_6_feedback_response.webm","type":"video\/webm","tmp_name":"C:\\xampp\\tmp\\phpD81B.tmp","error":0,"size":836095}}
[31-Jul-2025 21:36:49 Europe/Berlin] Database connection successful
[31-Jul-2025 21:36:49 Europe/Berlin] Token received: 14d0caee8ae603ede7094d75bf94e7456b7b6d4686e17716dc0e8c56443fc459
[31-Jul-2025 21:36:49 Europe/Berlin] Token validated successfully
[31-Jul-2025 21:36:49 Europe/Berlin] Moving file from C:\xampp\tmp\phpD81B.tmp to uploads/interviews/9/conversation_turn_6_feedback_response.webm
[31-Jul-2025 21:36:49 Europe/Berlin] Database SQL: INSERT INTO tblinterviewrecordings 
            (REGISTRATIONID, QUESTION_NUMBER, FILE_PATH, DURATION, RECORDED_AT, CONVERSATION_TURN, QUESTION_TYPE) 
            VALUES 
            ('9', 1, 'uploads/interviews/9/conversation_turn_6_feedback_response.webm', 5.62, NOW(), 6, 'feedback_response')
[31-Jul-2025 21:36:49 Europe/Berlin] Upload completed successfully
[31-Jul-2025 21:36:49 Europe/Berlin] === Simple Upload Working Ended ===
[31-Jul-2025 21:37:01 Europe/Berlin] === Simple Upload Working Started ===
[31-Jul-2025 21:37:01 Europe/Berlin] Request Method: POST
[31-Jul-2025 21:37:01 Europe/Berlin] POST Data: {"conversationTurn":"6","questionType":"feedback_response","currentEssentialQuestion":"1","duration":"2.516","token":"14d0caee8ae603ede7094d75bf94e7456b7b6d4686e17716dc0e8c56443fc459","registrationId":"9"}
[31-Jul-2025 21:37:01 Europe/Berlin] FILES Data: {"video":{"name":"conversation_turn_6_feedback_response.webm","full_path":"conversation_turn_6_feedback_response.webm","type":"video\/webm","tmp_name":"C:\\xampp\\tmp\\php99C.tmp","error":0,"size":324196}}
[31-Jul-2025 21:37:02 Europe/Berlin] Database connection successful
[31-Jul-2025 21:37:02 Europe/Berlin] Token received: 14d0caee8ae603ede7094d75bf94e7456b7b6d4686e17716dc0e8c56443fc459
[31-Jul-2025 21:37:02 Europe/Berlin] Token validated successfully
[31-Jul-2025 21:37:02 Europe/Berlin] Moving file from C:\xampp\tmp\php99C.tmp to uploads/interviews/9/conversation_turn_6_feedback_response.webm
[31-Jul-2025 21:37:02 Europe/Berlin] Database SQL: INSERT INTO tblinterviewrecordings 
            (REGISTRATIONID, QUESTION_NUMBER, FILE_PATH, DURATION, RECORDED_AT, CONVERSATION_TURN, QUESTION_TYPE) 
            VALUES 
            ('9', 1, 'uploads/interviews/9/conversation_turn_6_feedback_response.webm', 2.516, NOW(), 6, 'feedback_response')
[31-Jul-2025 21:37:02 Europe/Berlin] Upload completed successfully
[31-Jul-2025 21:37:02 Europe/Berlin] === Simple Upload Working Ended ===
[31-Jul-2025 21:37:05 Europe/Berlin] === Simple Upload Working Started ===
[31-Jul-2025 21:37:05 Europe/Berlin] Request Method: POST
[31-Jul-2025 21:37:05 Europe/Berlin] POST Data: {"conversationTurn":"7","questionType":"feedback_response","currentEssentialQuestion":"1","duration":"2.53","token":"14d0caee8ae603ede7094d75bf94e7456b7b6d4686e17716dc0e8c56443fc459","registrationId":"9"}
[31-Jul-2025 21:37:05 Europe/Berlin] FILES Data: {"video":{"name":"conversation_turn_7_feedback_response.webm","full_path":"conversation_turn_7_feedback_response.webm","type":"video\/webm","tmp_name":"C:\\xampp\\tmp\\php17E5.tmp","error":0,"size":340834}}
[31-Jul-2025 21:37:05 Europe/Berlin] Database connection successful
[31-Jul-2025 21:37:05 Europe/Berlin] Token received: 14d0caee8ae603ede7094d75bf94e7456b7b6d4686e17716dc0e8c56443fc459
[31-Jul-2025 21:37:05 Europe/Berlin] Token validated successfully
[31-Jul-2025 21:37:05 Europe/Berlin] Moving file from C:\xampp\tmp\php17E5.tmp to uploads/interviews/9/conversation_turn_7_feedback_response.webm
[31-Jul-2025 21:37:05 Europe/Berlin] Database SQL: INSERT INTO tblinterviewrecordings 
            (REGISTRATIONID, QUESTION_NUMBER, FILE_PATH, DURATION, RECORDED_AT, CONVERSATION_TURN, QUESTION_TYPE) 
            VALUES 
            ('9', 1, 'uploads/interviews/9/conversation_turn_7_feedback_response.webm', 2.53, NOW(), 7, 'feedback_response')
[31-Jul-2025 21:37:05 Europe/Berlin] Upload completed successfully
[31-Jul-2025 21:37:05 Europe/Berlin] === Simple Upload Working Ended ===
[31-Jul-2025 21:37:17 Europe/Berlin] === Simple Upload Working Started ===
[31-Jul-2025 21:37:17 Europe/Berlin] Request Method: POST
[31-Jul-2025 21:37:17 Europe/Berlin] POST Data: {"conversationTurn":"7","questionType":"feedback_response","currentEssentialQuestion":"1","duration":"2.55","token":"14d0caee8ae603ede7094d75bf94e7456b7b6d4686e17716dc0e8c56443fc459","registrationId":"9"}
[31-Jul-2025 21:37:17 Europe/Berlin] FILES Data: {"video":{"name":"conversation_turn_7_feedback_response.webm","full_path":"conversation_turn_7_feedback_response.webm","type":"video\/webm","tmp_name":"C:\\xampp\\tmp\\php461A.tmp","error":0,"size":341878}}
[31-Jul-2025 21:37:17 Europe/Berlin] Database connection successful
[31-Jul-2025 21:37:17 Europe/Berlin] Token received: 14d0caee8ae603ede7094d75bf94e7456b7b6d4686e17716dc0e8c56443fc459
[31-Jul-2025 21:37:17 Europe/Berlin] Token validated successfully
[31-Jul-2025 21:37:17 Europe/Berlin] Moving file from C:\xampp\tmp\php461A.tmp to uploads/interviews/9/conversation_turn_7_feedback_response.webm
[31-Jul-2025 21:37:17 Europe/Berlin] Database SQL: INSERT INTO tblinterviewrecordings 
            (REGISTRATIONID, QUESTION_NUMBER, FILE_PATH, DURATION, RECORDED_AT, CONVERSATION_TURN, QUESTION_TYPE) 
            VALUES 
            ('9', 1, 'uploads/interviews/9/conversation_turn_7_feedback_response.webm', 2.55, NOW(), 7, 'feedback_response')
[31-Jul-2025 21:37:17 Europe/Berlin] Upload completed successfully
[31-Jul-2025 21:37:17 Europe/Berlin] === Simple Upload Working Ended ===
[31-Jul-2025 21:37:21 Europe/Berlin] === Simple Upload Working Started ===
[31-Jul-2025 21:37:21 Europe/Berlin] Request Method: POST
[31-Jul-2025 21:37:21 Europe/Berlin] POST Data: {"conversationTurn":"7","questionType":"initial_answer","currentEssentialQuestion":"1","duration":"2.522","token":"14d0caee8ae603ede7094d75bf94e7456b7b6d4686e17716dc0e8c56443fc459","registrationId":"9"}
[31-Jul-2025 21:37:21 Europe/Berlin] FILES Data: {"video":{"name":"conversation_turn_7_initial_answer.webm","full_path":"conversation_turn_7_initial_answer.webm","type":"video\/webm","tmp_name":"C:\\xampp\\tmp\\php54D1.tmp","error":0,"size":340783}}
[31-Jul-2025 21:37:21 Europe/Berlin] Database connection successful
[31-Jul-2025 21:37:21 Europe/Berlin] Token received: 14d0caee8ae603ede7094d75bf94e7456b7b6d4686e17716dc0e8c56443fc459
[31-Jul-2025 21:37:21 Europe/Berlin] Token validated successfully
[31-Jul-2025 21:37:21 Europe/Berlin] Moving file from C:\xampp\tmp\php54D1.tmp to uploads/interviews/9/conversation_turn_7_initial_answer.webm
[31-Jul-2025 21:37:21 Europe/Berlin] Database SQL: INSERT INTO tblinterviewrecordings 
            (REGISTRATIONID, QUESTION_NUMBER, FILE_PATH, DURATION, RECORDED_AT, CONVERSATION_TURN, QUESTION_TYPE) 
            VALUES 
            ('9', 1, 'uploads/interviews/9/conversation_turn_7_initial_answer.webm', 2.522, NOW(), 7, 'initial_answer')
[31-Jul-2025 21:37:21 Europe/Berlin] Upload completed successfully
[31-Jul-2025 21:37:21 Europe/Berlin] === Simple Upload Working Ended ===
[31-Jul-2025 21:37:24 Europe/Berlin] === Simple Upload Working Started ===
[31-Jul-2025 21:37:24 Europe/Berlin] Request Method: POST
[31-Jul-2025 21:37:24 Europe/Berlin] POST Data: {"conversationTurn":"7","questionType":"initial_answer","currentEssentialQuestion":"1","duration":"2.57","token":"14d0caee8ae603ede7094d75bf94e7456b7b6d4686e17716dc0e8c56443fc459","registrationId":"9"}
[31-Jul-2025 21:37:24 Europe/Berlin] FILES Data: {"video":{"name":"conversation_turn_7_initial_answer.webm","full_path":"conversation_turn_7_initial_answer.webm","type":"video\/webm","tmp_name":"C:\\xampp\\tmp\\php630A.tmp","error":0,"size":342090}}
[31-Jul-2025 21:37:24 Europe/Berlin] Database connection successful
[31-Jul-2025 21:37:24 Europe/Berlin] Token received: 14d0caee8ae603ede7094d75bf94e7456b7b6d4686e17716dc0e8c56443fc459
[31-Jul-2025 21:37:24 Europe/Berlin] Token validated successfully
[31-Jul-2025 21:37:24 Europe/Berlin] Moving file from C:\xampp\tmp\php630A.tmp to uploads/interviews/9/conversation_turn_7_initial_answer.webm
[31-Jul-2025 21:37:24 Europe/Berlin] Database SQL: INSERT INTO tblinterviewrecordings 
            (REGISTRATIONID, QUESTION_NUMBER, FILE_PATH, DURATION, RECORDED_AT, CONVERSATION_TURN, QUESTION_TYPE) 
            VALUES 
            ('9', 1, 'uploads/interviews/9/conversation_turn_7_initial_answer.webm', 2.57, NOW(), 7, 'initial_answer')
[31-Jul-2025 21:37:24 Europe/Berlin] Upload completed successfully
[31-Jul-2025 21:37:24 Europe/Berlin] === Simple Upload Working Ended ===
[31-Jul-2025 21:37:30 Europe/Berlin] === Simple Upload Working Started ===
[31-Jul-2025 21:37:30 Europe/Berlin] Request Method: POST
[31-Jul-2025 21:37:30 Europe/Berlin] POST Data: {"conversationTurn":"7","questionType":"initial_answer","currentEssentialQuestion":"1","duration":"4.715","token":"14d0caee8ae603ede7094d75bf94e7456b7b6d4686e17716dc0e8c56443fc459","registrationId":"9"}
[31-Jul-2025 21:37:30 Europe/Berlin] FILES Data: {"video":{"name":"conversation_turn_7_initial_answer.webm","full_path":"conversation_turn_7_initial_answer.webm","type":"video\/webm","tmp_name":"C:\\xampp\\tmp\\php7A4D.tmp","error":0,"size":716800}}
[31-Jul-2025 21:37:30 Europe/Berlin] Database connection successful
[31-Jul-2025 21:37:30 Europe/Berlin] Token received: 14d0caee8ae603ede7094d75bf94e7456b7b6d4686e17716dc0e8c56443fc459
[31-Jul-2025 21:37:30 Europe/Berlin] Token validated successfully
[31-Jul-2025 21:37:30 Europe/Berlin] Moving file from C:\xampp\tmp\php7A4D.tmp to uploads/interviews/9/conversation_turn_7_initial_answer.webm
[31-Jul-2025 21:37:30 Europe/Berlin] Database SQL: INSERT INTO tblinterviewrecordings 
            (REGISTRATIONID, QUESTION_NUMBER, FILE_PATH, DURATION, RECORDED_AT, CONVERSATION_TURN, QUESTION_TYPE) 
            VALUES 
            ('9', 1, 'uploads/interviews/9/conversation_turn_7_initial_answer.webm', 4.715, NOW(), 7, 'initial_answer')
[31-Jul-2025 21:37:30 Europe/Berlin] Upload completed successfully
[31-Jul-2025 21:37:30 Europe/Berlin] === Simple Upload Working Ended ===
[31-Jul-2025 21:37:34 Europe/Berlin] === Simple Upload Working Started ===
[31-Jul-2025 21:37:34 Europe/Berlin] Request Method: POST
[31-Jul-2025 21:37:34 Europe/Berlin] POST Data: {"conversationTurn":"7","questionType":"initial_answer","currentEssentialQuestion":"1","duration":"2.513","token":"14d0caee8ae603ede7094d75bf94e7456b7b6d4686e17716dc0e8c56443fc459","registrationId":"9"}
[31-Jul-2025 21:37:34 Europe/Berlin] FILES Data: {"video":{"name":"conversation_turn_7_initial_answer.webm","full_path":"conversation_turn_7_initial_answer.webm","type":"video\/webm","tmp_name":"C:\\xampp\\tmp\\php88A5.tmp","error":0,"size":325358}}
[31-Jul-2025 21:37:34 Europe/Berlin] Database connection successful
[31-Jul-2025 21:37:34 Europe/Berlin] Token received: 14d0caee8ae603ede7094d75bf94e7456b7b6d4686e17716dc0e8c56443fc459
[31-Jul-2025 21:37:34 Europe/Berlin] Token validated successfully
[31-Jul-2025 21:37:34 Europe/Berlin] Moving file from C:\xampp\tmp\php88A5.tmp to uploads/interviews/9/conversation_turn_7_initial_answer.webm
[31-Jul-2025 21:37:34 Europe/Berlin] Database SQL: INSERT INTO tblinterviewrecordings 
            (REGISTRATIONID, QUESTION_NUMBER, FILE_PATH, DURATION, RECORDED_AT, CONVERSATION_TURN, QUESTION_TYPE) 
            VALUES 
            ('9', 1, 'uploads/interviews/9/conversation_turn_7_initial_answer.webm', 2.513, NOW(), 7, 'initial_answer')
[31-Jul-2025 21:37:34 Europe/Berlin] Upload completed successfully
[31-Jul-2025 21:37:34 Europe/Berlin] === Simple Upload Working Ended ===
[31-Jul-2025 21:37:38 Europe/Berlin] === Simple Upload Working Started ===
[31-Jul-2025 21:37:38 Europe/Berlin] Request Method: POST
[31-Jul-2025 21:37:38 Europe/Berlin] POST Data: {"conversationTurn":"7","questionType":"initial_answer","currentEssentialQuestion":"1","duration":"2.565","token":"14d0caee8ae603ede7094d75bf94e7456b7b6d4686e17716dc0e8c56443fc459","registrationId":"9"}
[31-Jul-2025 21:37:38 Europe/Berlin] FILES Data: {"video":{"name":"conversation_turn_7_initial_answer.webm","full_path":"conversation_turn_7_initial_answer.webm","type":"video\/webm","tmp_name":"C:\\xampp\\tmp\\php96B0.tmp","error":0,"size":321709}}
[31-Jul-2025 21:37:38 Europe/Berlin] Database connection successful
[31-Jul-2025 21:37:38 Europe/Berlin] Token received: 14d0caee8ae603ede7094d75bf94e7456b7b6d4686e17716dc0e8c56443fc459
[31-Jul-2025 21:37:38 Europe/Berlin] Token validated successfully
[31-Jul-2025 21:37:38 Europe/Berlin] Moving file from C:\xampp\tmp\php96B0.tmp to uploads/interviews/9/conversation_turn_7_initial_answer.webm
[31-Jul-2025 21:37:38 Europe/Berlin] Database SQL: INSERT INTO tblinterviewrecordings 
            (REGISTRATIONID, QUESTION_NUMBER, FILE_PATH, DURATION, RECORDED_AT, CONVERSATION_TURN, QUESTION_TYPE) 
            VALUES 
            ('9', 1, 'uploads/interviews/9/conversation_turn_7_initial_answer.webm', 2.565, NOW(), 7, 'initial_answer')
[31-Jul-2025 21:37:38 Europe/Berlin] Upload completed successfully
[31-Jul-2025 21:37:38 Europe/Berlin] === Simple Upload Working Ended ===
[31-Jul-2025 21:37:41 Europe/Berlin] === Simple Upload Working Started ===
[31-Jul-2025 21:37:41 Europe/Berlin] Request Method: POST
[31-Jul-2025 21:37:41 Europe/Berlin] POST Data: {"conversationTurn":"7","questionType":"initial_answer","currentEssentialQuestion":"1","duration":"2.518","token":"14d0caee8ae603ede7094d75bf94e7456b7b6d4686e17716dc0e8c56443fc459","registrationId":"9"}
[31-Jul-2025 21:37:41 Europe/Berlin] FILES Data: {"video":{"name":"conversation_turn_7_initial_answer.webm","full_path":"conversation_turn_7_initial_answer.webm","type":"video\/webm","tmp_name":"C:\\xampp\\tmp\\phpA576.tmp","error":0,"size":321720}}
[31-Jul-2025 21:37:41 Europe/Berlin] Database connection successful
[31-Jul-2025 21:37:41 Europe/Berlin] Token received: 14d0caee8ae603ede7094d75bf94e7456b7b6d4686e17716dc0e8c56443fc459
[31-Jul-2025 21:37:41 Europe/Berlin] Token validated successfully
[31-Jul-2025 21:37:41 Europe/Berlin] Moving file from C:\xampp\tmp\phpA576.tmp to uploads/interviews/9/conversation_turn_7_initial_answer.webm
[31-Jul-2025 21:37:41 Europe/Berlin] Database SQL: INSERT INTO tblinterviewrecordings 
            (REGISTRATIONID, QUESTION_NUMBER, FILE_PATH, DURATION, RECORDED_AT, CONVERSATION_TURN, QUESTION_TYPE) 
            VALUES 
            ('9', 1, 'uploads/interviews/9/conversation_turn_7_initial_answer.webm', 2.518, NOW(), 7, 'initial_answer')
[31-Jul-2025 21:37:41 Europe/Berlin] Upload completed successfully
[31-Jul-2025 21:37:41 Europe/Berlin] === Simple Upload Working Ended ===
[31-Jul-2025 21:37:45 Europe/Berlin] === Simple Upload Working Started ===
[31-Jul-2025 21:37:45 Europe/Berlin] Request Method: POST
[31-Jul-2025 21:37:45 Europe/Berlin] POST Data: {"conversationTurn":"7","questionType":"initial_answer","currentEssentialQuestion":"1","duration":"2.653","token":"14d0caee8ae603ede7094d75bf94e7456b7b6d4686e17716dc0e8c56443fc459","registrationId":"9"}
[31-Jul-2025 21:37:45 Europe/Berlin] FILES Data: {"video":{"name":"conversation_turn_7_initial_answer.webm","full_path":"conversation_turn_7_initial_answer.webm","type":"video\/webm","tmp_name":"C:\\xampp\\tmp\\phpB46C.tmp","error":0,"size":354570}}
[31-Jul-2025 21:37:45 Europe/Berlin] Database connection successful
[31-Jul-2025 21:37:45 Europe/Berlin] Token received: 14d0caee8ae603ede7094d75bf94e7456b7b6d4686e17716dc0e8c56443fc459
[31-Jul-2025 21:37:45 Europe/Berlin] Token validated successfully
[31-Jul-2025 21:37:45 Europe/Berlin] Moving file from C:\xampp\tmp\phpB46C.tmp to uploads/interviews/9/conversation_turn_7_initial_answer.webm
[31-Jul-2025 21:37:45 Europe/Berlin] Database SQL: INSERT INTO tblinterviewrecordings 
            (REGISTRATIONID, QUESTION_NUMBER, FILE_PATH, DURATION, RECORDED_AT, CONVERSATION_TURN, QUESTION_TYPE) 
            VALUES 
            ('9', 1, 'uploads/interviews/9/conversation_turn_7_initial_answer.webm', 2.653, NOW(), 7, 'initial_answer')
[31-Jul-2025 21:37:45 Europe/Berlin] Upload completed successfully
[31-Jul-2025 21:37:45 Europe/Berlin] === Simple Upload Working Ended ===
[31-Jul-2025 21:37:49 Europe/Berlin] === Simple Upload Working Started ===
[31-Jul-2025 21:37:49 Europe/Berlin] Request Method: POST
[31-Jul-2025 21:37:49 Europe/Berlin] POST Data: {"conversationTurn":"7","questionType":"initial_answer","currentEssentialQuestion":"1","duration":"2.529","token":"14d0caee8ae603ede7094d75bf94e7456b7b6d4686e17716dc0e8c56443fc459","registrationId":"9"}
[31-Jul-2025 21:37:49 Europe/Berlin] FILES Data: {"video":{"name":"conversation_turn_7_initial_answer.webm","full_path":"conversation_turn_7_initial_answer.webm","type":"video\/webm","tmp_name":"C:\\xampp\\tmp\\phpC2C4.tmp","error":0,"size":323091}}
[31-Jul-2025 21:37:49 Europe/Berlin] Database connection successful
[31-Jul-2025 21:37:49 Europe/Berlin] Token received: 14d0caee8ae603ede7094d75bf94e7456b7b6d4686e17716dc0e8c56443fc459
[31-Jul-2025 21:37:49 Europe/Berlin] Token validated successfully
[31-Jul-2025 21:37:49 Europe/Berlin] Moving file from C:\xampp\tmp\phpC2C4.tmp to uploads/interviews/9/conversation_turn_7_initial_answer.webm
[31-Jul-2025 21:37:49 Europe/Berlin] Database SQL: INSERT INTO tblinterviewrecordings 
            (REGISTRATIONID, QUESTION_NUMBER, FILE_PATH, DURATION, RECORDED_AT, CONVERSATION_TURN, QUESTION_TYPE) 
            VALUES 
            ('9', 1, 'uploads/interviews/9/conversation_turn_7_initial_answer.webm', 2.529, NOW(), 7, 'initial_answer')
[31-Jul-2025 21:37:49 Europe/Berlin] Upload completed successfully
[31-Jul-2025 21:37:49 Europe/Berlin] === Simple Upload Working Ended ===
[31-Jul-2025 21:37:52 Europe/Berlin] === Simple Upload Working Started ===
[31-Jul-2025 21:37:52 Europe/Berlin] Request Method: POST
[31-Jul-2025 21:37:52 Europe/Berlin] POST Data: {"conversationTurn":"7","questionType":"initial_answer","currentEssentialQuestion":"1","duration":"2.514","token":"14d0caee8ae603ede7094d75bf94e7456b7b6d4686e17716dc0e8c56443fc459","registrationId":"9"}
[31-Jul-2025 21:37:52 Europe/Berlin] FILES Data: {"video":{"name":"conversation_turn_7_initial_answer.webm","full_path":"conversation_turn_7_initial_answer.webm","type":"video\/webm","tmp_name":"C:\\xampp\\tmp\\phpD0EE.tmp","error":0,"size":322140}}
[31-Jul-2025 21:37:52 Europe/Berlin] Database connection successful
[31-Jul-2025 21:37:52 Europe/Berlin] Token received: 14d0caee8ae603ede7094d75bf94e7456b7b6d4686e17716dc0e8c56443fc459
[31-Jul-2025 21:37:52 Europe/Berlin] Token validated successfully
[31-Jul-2025 21:37:52 Europe/Berlin] Moving file from C:\xampp\tmp\phpD0EE.tmp to uploads/interviews/9/conversation_turn_7_initial_answer.webm
[31-Jul-2025 21:37:52 Europe/Berlin] Database SQL: INSERT INTO tblinterviewrecordings 
            (REGISTRATIONID, QUESTION_NUMBER, FILE_PATH, DURATION, RECORDED_AT, CONVERSATION_TURN, QUESTION_TYPE) 
            VALUES 
            ('9', 1, 'uploads/interviews/9/conversation_turn_7_initial_answer.webm', 2.514, NOW(), 7, 'initial_answer')
[31-Jul-2025 21:37:52 Europe/Berlin] Upload completed successfully
[31-Jul-2025 21:37:52 Europe/Berlin] === Simple Upload Working Ended ===
[31-Jul-2025 21:37:56 Europe/Berlin] === Simple Upload Working Started ===
[31-Jul-2025 21:37:56 Europe/Berlin] Request Method: POST
[31-Jul-2025 21:37:56 Europe/Berlin] POST Data: {"conversationTurn":"7","questionType":"initial_answer","currentEssentialQuestion":"1","duration":"2.522","token":"14d0caee8ae603ede7094d75bf94e7456b7b6d4686e17716dc0e8c56443fc459","registrationId":"9"}
[31-Jul-2025 21:37:56 Europe/Berlin] FILES Data: {"video":{"name":"conversation_turn_7_initial_answer.webm","full_path":"conversation_turn_7_initial_answer.webm","type":"video\/webm","tmp_name":"C:\\xampp\\tmp\\phpDF47.tmp","error":0,"size":321729}}
[31-Jul-2025 21:37:56 Europe/Berlin] Database connection successful
[31-Jul-2025 21:37:56 Europe/Berlin] Token received: 14d0caee8ae603ede7094d75bf94e7456b7b6d4686e17716dc0e8c56443fc459
[31-Jul-2025 21:37:56 Europe/Berlin] Token validated successfully
[31-Jul-2025 21:37:56 Europe/Berlin] Moving file from C:\xampp\tmp\phpDF47.tmp to uploads/interviews/9/conversation_turn_7_initial_answer.webm
[31-Jul-2025 21:37:56 Europe/Berlin] Database SQL: INSERT INTO tblinterviewrecordings 
            (REGISTRATIONID, QUESTION_NUMBER, FILE_PATH, DURATION, RECORDED_AT, CONVERSATION_TURN, QUESTION_TYPE) 
            VALUES 
            ('9', 1, 'uploads/interviews/9/conversation_turn_7_initial_answer.webm', 2.522, NOW(), 7, 'initial_answer')
[31-Jul-2025 21:37:56 Europe/Berlin] Upload completed successfully
[31-Jul-2025 21:37:56 Europe/Berlin] === Simple Upload Working Ended ===
[31-Jul-2025 21:37:58 Europe/Berlin] === Simple Upload Working Started ===
[31-Jul-2025 21:37:58 Europe/Berlin] Request Method: POST
[31-Jul-2025 21:37:58 Europe/Berlin] POST Data: {"conversationTurn":"7","questionType":"initial_answer","currentEssentialQuestion":"1","duration":"0.917","token":"14d0caee8ae603ede7094d75bf94e7456b7b6d4686e17716dc0e8c56443fc459","registrationId":"9"}
[31-Jul-2025 21:37:58 Europe/Berlin] FILES Data: {"video":{"name":"conversation_turn_7_initial_answer.webm","full_path":"conversation_turn_7_initial_answer.webm","type":"video\/webm","tmp_name":"C:\\xampp\\tmp\\phpE738.tmp","error":0,"size":55611}}
[31-Jul-2025 21:37:58 Europe/Berlin] Database connection successful
[31-Jul-2025 21:37:58 Europe/Berlin] Token received: 14d0caee8ae603ede7094d75bf94e7456b7b6d4686e17716dc0e8c56443fc459
[31-Jul-2025 21:37:58 Europe/Berlin] Token validated successfully
[31-Jul-2025 21:37:58 Europe/Berlin] Moving file from C:\xampp\tmp\phpE738.tmp to uploads/interviews/9/conversation_turn_7_initial_answer.webm
[31-Jul-2025 21:37:58 Europe/Berlin] Database SQL: INSERT INTO tblinterviewrecordings 
            (REGISTRATIONID, QUESTION_NUMBER, FILE_PATH, DURATION, RECORDED_AT, CONVERSATION_TURN, QUESTION_TYPE) 
            VALUES 
            ('9', 1, 'uploads/interviews/9/conversation_turn_7_initial_answer.webm', 0.917, NOW(), 7, 'initial_answer')
[31-Jul-2025 21:37:58 Europe/Berlin] Upload completed successfully
[31-Jul-2025 21:37:58 Europe/Berlin] === Simple Upload Working Ended ===
[31-Jul-2025 21:38:01 Europe/Berlin] === Simple Upload Working Started ===
[31-Jul-2025 21:38:01 Europe/Berlin] Request Method: POST
[31-Jul-2025 21:38:01 Europe/Berlin] POST Data: {"conversationTurn":"7","questionType":"initial_answer","currentEssentialQuestion":"1","duration":"1.361","token":"14d0caee8ae603ede7094d75bf94e7456b7b6d4686e17716dc0e8c56443fc459","registrationId":"9"}
[31-Jul-2025 21:38:01 Europe/Berlin] FILES Data: {"video":{"name":"conversation_turn_7_initial_answer.webm","full_path":"conversation_turn_7_initial_answer.webm","type":"video\/webm","tmp_name":"C:\\xampp\\tmp\\phpF0FD.tmp","error":0,"size":109224}}
[31-Jul-2025 21:38:01 Europe/Berlin] Database connection successful
[31-Jul-2025 21:38:01 Europe/Berlin] Token received: 14d0caee8ae603ede7094d75bf94e7456b7b6d4686e17716dc0e8c56443fc459
[31-Jul-2025 21:38:01 Europe/Berlin] Token validated successfully
[31-Jul-2025 21:38:01 Europe/Berlin] Moving file from C:\xampp\tmp\phpF0FD.tmp to uploads/interviews/9/conversation_turn_7_initial_answer.webm
[31-Jul-2025 21:38:01 Europe/Berlin] Database SQL: INSERT INTO tblinterviewrecordings 
            (REGISTRATIONID, QUESTION_NUMBER, FILE_PATH, DURATION, RECORDED_AT, CONVERSATION_TURN, QUESTION_TYPE) 
            VALUES 
            ('9', 1, 'uploads/interviews/9/conversation_turn_7_initial_answer.webm', 1.361, NOW(), 7, 'initial_answer')
[31-Jul-2025 21:38:01 Europe/Berlin] Upload completed successfully
[31-Jul-2025 21:38:01 Europe/Berlin] === Simple Upload Working Ended ===
[31-Jul-2025 21:38:04 Europe/Berlin] === Simple Upload Working Started ===
[31-Jul-2025 21:38:04 Europe/Berlin] Request Method: POST
[31-Jul-2025 21:38:04 Europe/Berlin] POST Data: {"conversationTurn":"7","questionType":"initial_answer","currentEssentialQuestion":"1","duration":"2.527","token":"14d0caee8ae603ede7094d75bf94e7456b7b6d4686e17716dc0e8c56443fc459","registrationId":"9"}
[31-Jul-2025 21:38:04 Europe/Berlin] FILES Data: {"video":{"name":"conversation_turn_7_initial_answer.webm","full_path":"conversation_turn_7_initial_answer.webm","type":"video\/webm","tmp_name":"C:\\xampp\\tmp\\phpFF46.tmp","error":0,"size":321288}}
[31-Jul-2025 21:38:04 Europe/Berlin] Database connection successful
[31-Jul-2025 21:38:04 Europe/Berlin] Token received: 14d0caee8ae603ede7094d75bf94e7456b7b6d4686e17716dc0e8c56443fc459
[31-Jul-2025 21:38:04 Europe/Berlin] Token validated successfully
[31-Jul-2025 21:38:04 Europe/Berlin] Moving file from C:\xampp\tmp\phpFF46.tmp to uploads/interviews/9/conversation_turn_7_initial_answer.webm
[31-Jul-2025 21:38:04 Europe/Berlin] Database SQL: INSERT INTO tblinterviewrecordings 
            (REGISTRATIONID, QUESTION_NUMBER, FILE_PATH, DURATION, RECORDED_AT, CONVERSATION_TURN, QUESTION_TYPE) 
            VALUES 
            ('9', 1, 'uploads/interviews/9/conversation_turn_7_initial_answer.webm', 2.527, NOW(), 7, 'initial_answer')
[31-Jul-2025 21:38:04 Europe/Berlin] Upload completed successfully
[31-Jul-2025 21:38:04 Europe/Berlin] === Simple Upload Working Ended ===
[31-Jul-2025 21:38:08 Europe/Berlin] === Simple Upload Working Started ===
[31-Jul-2025 21:38:08 Europe/Berlin] Request Method: POST
[31-Jul-2025 21:38:08 Europe/Berlin] POST Data: {"conversationTurn":"7","questionType":"initial_answer","currentEssentialQuestion":"1","duration":"2.523","token":"14d0caee8ae603ede7094d75bf94e7456b7b6d4686e17716dc0e8c56443fc459","registrationId":"9"}
[31-Jul-2025 21:38:08 Europe/Berlin] FILES Data: {"video":{"name":"conversation_turn_7_initial_answer.webm","full_path":"conversation_turn_7_initial_answer.webm","type":"video\/webm","tmp_name":"C:\\xampp\\tmp\\phpD7F.tmp","error":0,"size":323836}}
[31-Jul-2025 21:38:08 Europe/Berlin] Database connection successful
[31-Jul-2025 21:38:08 Europe/Berlin] Token received: 14d0caee8ae603ede7094d75bf94e7456b7b6d4686e17716dc0e8c56443fc459
[31-Jul-2025 21:38:08 Europe/Berlin] Token validated successfully
[31-Jul-2025 21:38:08 Europe/Berlin] Moving file from C:\xampp\tmp\phpD7F.tmp to uploads/interviews/9/conversation_turn_7_initial_answer.webm
[31-Jul-2025 21:38:08 Europe/Berlin] Database SQL: INSERT INTO tblinterviewrecordings 
            (REGISTRATIONID, QUESTION_NUMBER, FILE_PATH, DURATION, RECORDED_AT, CONVERSATION_TURN, QUESTION_TYPE) 
            VALUES 
            ('9', 1, 'uploads/interviews/9/conversation_turn_7_initial_answer.webm', 2.523, NOW(), 7, 'initial_answer')
[31-Jul-2025 21:38:08 Europe/Berlin] Upload completed successfully
[31-Jul-2025 21:38:08 Europe/Berlin] === Simple Upload Working Ended ===
[31-Jul-2025 21:38:12 Europe/Berlin] === Simple Upload Working Started ===
[31-Jul-2025 21:38:12 Europe/Berlin] Request Method: POST
[31-Jul-2025 21:38:12 Europe/Berlin] POST Data: {"conversationTurn":"7","questionType":"initial_answer","currentEssentialQuestion":"1","duration":"2.517","token":"14d0caee8ae603ede7094d75bf94e7456b7b6d4686e17716dc0e8c56443fc459","registrationId":"9"}
[31-Jul-2025 21:38:12 Europe/Berlin] FILES Data: {"video":{"name":"conversation_turn_7_initial_answer.webm","full_path":"conversation_turn_7_initial_answer.webm","type":"video\/webm","tmp_name":"C:\\xampp\\tmp\\php1C26.tmp","error":0,"size":323981}}
[31-Jul-2025 21:38:12 Europe/Berlin] Database connection successful
[31-Jul-2025 21:38:12 Europe/Berlin] Token received: 14d0caee8ae603ede7094d75bf94e7456b7b6d4686e17716dc0e8c56443fc459
[31-Jul-2025 21:38:12 Europe/Berlin] Token validated successfully
[31-Jul-2025 21:38:12 Europe/Berlin] Moving file from C:\xampp\tmp\php1C26.tmp to uploads/interviews/9/conversation_turn_7_initial_answer.webm
[31-Jul-2025 21:38:12 Europe/Berlin] Database SQL: INSERT INTO tblinterviewrecordings 
            (REGISTRATIONID, QUESTION_NUMBER, FILE_PATH, DURATION, RECORDED_AT, CONVERSATION_TURN, QUESTION_TYPE) 
            VALUES 
            ('9', 1, 'uploads/interviews/9/conversation_turn_7_initial_answer.webm', 2.517, NOW(), 7, 'initial_answer')
[31-Jul-2025 21:38:12 Europe/Berlin] Upload completed successfully
[31-Jul-2025 21:38:12 Europe/Berlin] === Simple Upload Working Ended ===
[31-Jul-2025 21:38:15 Europe/Berlin] === Simple Upload Working Started ===
[31-Jul-2025 21:38:15 Europe/Berlin] Request Method: POST
[31-Jul-2025 21:38:15 Europe/Berlin] POST Data: {"conversationTurn":"7","questionType":"initial_answer","currentEssentialQuestion":"1","duration":"2.523","token":"14d0caee8ae603ede7094d75bf94e7456b7b6d4686e17716dc0e8c56443fc459","registrationId":"9"}
[31-Jul-2025 21:38:15 Europe/Berlin] FILES Data: {"video":{"name":"conversation_turn_7_initial_answer.webm","full_path":"conversation_turn_7_initial_answer.webm","type":"video\/webm","tmp_name":"C:\\xampp\\tmp\\php2A41.tmp","error":0,"size":323551}}
[31-Jul-2025 21:38:15 Europe/Berlin] Database connection successful
[31-Jul-2025 21:38:15 Europe/Berlin] Token received: 14d0caee8ae603ede7094d75bf94e7456b7b6d4686e17716dc0e8c56443fc459
[31-Jul-2025 21:38:15 Europe/Berlin] Token validated successfully
[31-Jul-2025 21:38:15 Europe/Berlin] Moving file from C:\xampp\tmp\php2A41.tmp to uploads/interviews/9/conversation_turn_7_initial_answer.webm
[31-Jul-2025 21:38:15 Europe/Berlin] Database SQL: INSERT INTO tblinterviewrecordings 
            (REGISTRATIONID, QUESTION_NUMBER, FILE_PATH, DURATION, RECORDED_AT, CONVERSATION_TURN, QUESTION_TYPE) 
            VALUES 
            ('9', 1, 'uploads/interviews/9/conversation_turn_7_initial_answer.webm', 2.523, NOW(), 7, 'initial_answer')
[31-Jul-2025 21:38:15 Europe/Berlin] Upload completed successfully
[31-Jul-2025 21:38:15 Europe/Berlin] === Simple Upload Working Ended ===
[31-Jul-2025 21:38:19 Europe/Berlin] === Simple Upload Working Started ===
[31-Jul-2025 21:38:19 Europe/Berlin] Request Method: POST
[31-Jul-2025 21:38:19 Europe/Berlin] POST Data: {"conversationTurn":"7","questionType":"initial_answer","currentEssentialQuestion":"1","duration":"2.523","token":"14d0caee8ae603ede7094d75bf94e7456b7b6d4686e17716dc0e8c56443fc459","registrationId":"9"}
[31-Jul-2025 21:38:19 Europe/Berlin] FILES Data: {"video":{"name":"conversation_turn_7_initial_answer.webm","full_path":"conversation_turn_7_initial_answer.webm","type":"video\/webm","tmp_name":"C:\\xampp\\tmp\\php389A.tmp","error":0,"size":324228}}
[31-Jul-2025 21:38:19 Europe/Berlin] Database connection successful
[31-Jul-2025 21:38:19 Europe/Berlin] Token received: 14d0caee8ae603ede7094d75bf94e7456b7b6d4686e17716dc0e8c56443fc459
[31-Jul-2025 21:38:19 Europe/Berlin] Token validated successfully
[31-Jul-2025 21:38:19 Europe/Berlin] Moving file from C:\xampp\tmp\php389A.tmp to uploads/interviews/9/conversation_turn_7_initial_answer.webm
[31-Jul-2025 21:38:19 Europe/Berlin] Database SQL: INSERT INTO tblinterviewrecordings 
            (REGISTRATIONID, QUESTION_NUMBER, FILE_PATH, DURATION, RECORDED_AT, CONVERSATION_TURN, QUESTION_TYPE) 
            VALUES 
            ('9', 1, 'uploads/interviews/9/conversation_turn_7_initial_answer.webm', 2.523, NOW(), 7, 'initial_answer')
[31-Jul-2025 21:38:19 Europe/Berlin] Upload completed successfully
[31-Jul-2025 21:38:19 Europe/Berlin] === Simple Upload Working Ended ===
[31-Jul-2025 21:38:23 Europe/Berlin] === Simple Upload Working Started ===
[31-Jul-2025 21:38:23 Europe/Berlin] Request Method: POST
[31-Jul-2025 21:38:23 Europe/Berlin] POST Data: {"conversationTurn":"7","questionType":"initial_answer","currentEssentialQuestion":"1","duration":"2.524","token":"14d0caee8ae603ede7094d75bf94e7456b7b6d4686e17716dc0e8c56443fc459","registrationId":"9"}
[31-Jul-2025 21:38:23 Europe/Berlin] FILES Data: {"video":{"name":"conversation_turn_7_initial_answer.webm","full_path":"conversation_turn_7_initial_answer.webm","type":"video\/webm","tmp_name":"C:\\xampp\\tmp\\php477F.tmp","error":0,"size":335782}}
[31-Jul-2025 21:38:23 Europe/Berlin] Database connection successful
[31-Jul-2025 21:38:23 Europe/Berlin] Token received: 14d0caee8ae603ede7094d75bf94e7456b7b6d4686e17716dc0e8c56443fc459
[31-Jul-2025 21:38:23 Europe/Berlin] Token validated successfully
[31-Jul-2025 21:38:23 Europe/Berlin] Moving file from C:\xampp\tmp\php477F.tmp to uploads/interviews/9/conversation_turn_7_initial_answer.webm
[31-Jul-2025 21:38:23 Europe/Berlin] Database SQL: INSERT INTO tblinterviewrecordings 
            (REGISTRATIONID, QUESTION_NUMBER, FILE_PATH, DURATION, RECORDED_AT, CONVERSATION_TURN, QUESTION_TYPE) 
            VALUES 
            ('9', 1, 'uploads/interviews/9/conversation_turn_7_initial_answer.webm', 2.524, NOW(), 7, 'initial_answer')
[31-Jul-2025 21:38:23 Europe/Berlin] Upload completed successfully
[31-Jul-2025 21:38:23 Europe/Berlin] === Simple Upload Working Ended ===
[31-Jul-2025 21:38:26 Europe/Berlin] === Simple Upload Working Started ===
[31-Jul-2025 21:38:26 Europe/Berlin] Request Method: POST
[31-Jul-2025 21:38:26 Europe/Berlin] POST Data: {"conversationTurn":"7","questionType":"initial_answer","currentEssentialQuestion":"1","duration":"2.524","token":"14d0caee8ae603ede7094d75bf94e7456b7b6d4686e17716dc0e8c56443fc459","registrationId":"9"}
[31-Jul-2025 21:38:26 Europe/Berlin] FILES Data: {"video":{"name":"conversation_turn_7_initial_answer.webm","full_path":"conversation_turn_7_initial_answer.webm","type":"video\/webm","tmp_name":"C:\\xampp\\tmp\\php554B.tmp","error":0,"size":324310}}
[31-Jul-2025 21:38:26 Europe/Berlin] Database connection successful
[31-Jul-2025 21:38:26 Europe/Berlin] Token received: 14d0caee8ae603ede7094d75bf94e7456b7b6d4686e17716dc0e8c56443fc459
[31-Jul-2025 21:38:26 Europe/Berlin] Token validated successfully
[31-Jul-2025 21:38:26 Europe/Berlin] Moving file from C:\xampp\tmp\php554B.tmp to uploads/interviews/9/conversation_turn_7_initial_answer.webm
[31-Jul-2025 21:38:26 Europe/Berlin] Database SQL: INSERT INTO tblinterviewrecordings 
            (REGISTRATIONID, QUESTION_NUMBER, FILE_PATH, DURATION, RECORDED_AT, CONVERSATION_TURN, QUESTION_TYPE) 
            VALUES 
            ('9', 1, 'uploads/interviews/9/conversation_turn_7_initial_answer.webm', 2.524, NOW(), 7, 'initial_answer')
[31-Jul-2025 21:38:26 Europe/Berlin] Upload completed successfully
[31-Jul-2025 21:38:26 Europe/Berlin] === Simple Upload Working Ended ===
[31-Jul-2025 21:38:30 Europe/Berlin] === Simple Upload Working Started ===
[31-Jul-2025 21:38:30 Europe/Berlin] Request Method: POST
[31-Jul-2025 21:38:30 Europe/Berlin] POST Data: {"conversationTurn":"7","questionType":"initial_answer","currentEssentialQuestion":"1","duration":"2.512","token":"14d0caee8ae603ede7094d75bf94e7456b7b6d4686e17716dc0e8c56443fc459","registrationId":"9"}
[31-Jul-2025 21:38:30 Europe/Berlin] FILES Data: {"video":{"name":"conversation_turn_7_initial_answer.webm","full_path":"conversation_turn_7_initial_answer.webm","type":"video\/webm","tmp_name":"C:\\xampp\\tmp\\php6375.tmp","error":0,"size":337134}}
[31-Jul-2025 21:38:30 Europe/Berlin] Database connection successful
[31-Jul-2025 21:38:30 Europe/Berlin] Token received: 14d0caee8ae603ede7094d75bf94e7456b7b6d4686e17716dc0e8c56443fc459
[31-Jul-2025 21:38:30 Europe/Berlin] Token validated successfully
[31-Jul-2025 21:38:30 Europe/Berlin] Moving file from C:\xampp\tmp\php6375.tmp to uploads/interviews/9/conversation_turn_7_initial_answer.webm
[31-Jul-2025 21:38:30 Europe/Berlin] Database SQL: INSERT INTO tblinterviewrecordings 
            (REGISTRATIONID, QUESTION_NUMBER, FILE_PATH, DURATION, RECORDED_AT, CONVERSATION_TURN, QUESTION_TYPE) 
            VALUES 
            ('9', 1, 'uploads/interviews/9/conversation_turn_7_initial_answer.webm', 2.512, NOW(), 7, 'initial_answer')
[31-Jul-2025 21:38:30 Europe/Berlin] Upload completed successfully
[31-Jul-2025 21:38:30 Europe/Berlin] === Simple Upload Working Ended ===
[31-Jul-2025 21:38:34 Europe/Berlin] === Simple Upload Working Started ===
[31-Jul-2025 21:38:34 Europe/Berlin] Request Method: POST
[31-Jul-2025 21:38:34 Europe/Berlin] POST Data: {"conversationTurn":"7","questionType":"initial_answer","currentEssentialQuestion":"1","duration":"2.552","token":"14d0caee8ae603ede7094d75bf94e7456b7b6d4686e17716dc0e8c56443fc459","registrationId":"9"}
[31-Jul-2025 21:38:34 Europe/Berlin] FILES Data: {"video":{"name":"conversation_turn_7_initial_answer.webm","full_path":"conversation_turn_7_initial_answer.webm","type":"video\/webm","tmp_name":"C:\\xampp\\tmp\\php720D.tmp","error":0,"size":339088}}
[31-Jul-2025 21:38:34 Europe/Berlin] Database connection successful
[31-Jul-2025 21:38:34 Europe/Berlin] Token received: 14d0caee8ae603ede7094d75bf94e7456b7b6d4686e17716dc0e8c56443fc459
[31-Jul-2025 21:38:34 Europe/Berlin] Token validated successfully
[31-Jul-2025 21:38:34 Europe/Berlin] Moving file from C:\xampp\tmp\php720D.tmp to uploads/interviews/9/conversation_turn_7_initial_answer.webm
[31-Jul-2025 21:38:34 Europe/Berlin] Database SQL: INSERT INTO tblinterviewrecordings 
            (REGISTRATIONID, QUESTION_NUMBER, FILE_PATH, DURATION, RECORDED_AT, CONVERSATION_TURN, QUESTION_TYPE) 
            VALUES 
            ('9', 1, 'uploads/interviews/9/conversation_turn_7_initial_answer.webm', 2.552, NOW(), 7, 'initial_answer')
[31-Jul-2025 21:38:34 Europe/Berlin] Upload completed successfully
[31-Jul-2025 21:38:34 Europe/Berlin] === Simple Upload Working Ended ===
[31-Jul-2025 21:38:37 Europe/Berlin] === Simple Upload Working Started ===
[31-Jul-2025 21:38:37 Europe/Berlin] Request Method: POST
[31-Jul-2025 21:38:37 Europe/Berlin] POST Data: {"conversationTurn":"7","questionType":"initial_answer","currentEssentialQuestion":"1","duration":"2.522","token":"14d0caee8ae603ede7094d75bf94e7456b7b6d4686e17716dc0e8c56443fc459","registrationId":"9"}
[31-Jul-2025 21:38:37 Europe/Berlin] FILES Data: {"video":{"name":"conversation_turn_7_initial_answer.webm","full_path":"conversation_turn_7_initial_answer.webm","type":"video\/webm","tmp_name":"C:\\xampp\\tmp\\php8075.tmp","error":0,"size":323126}}
[31-Jul-2025 21:38:37 Europe/Berlin] Database connection successful
[31-Jul-2025 21:38:37 Europe/Berlin] Token received: 14d0caee8ae603ede7094d75bf94e7456b7b6d4686e17716dc0e8c56443fc459
[31-Jul-2025 21:38:37 Europe/Berlin] Token validated successfully
[31-Jul-2025 21:38:37 Europe/Berlin] Moving file from C:\xampp\tmp\php8075.tmp to uploads/interviews/9/conversation_turn_7_initial_answer.webm
[31-Jul-2025 21:38:37 Europe/Berlin] Database SQL: INSERT INTO tblinterviewrecordings 
            (REGISTRATIONID, QUESTION_NUMBER, FILE_PATH, DURATION, RECORDED_AT, CONVERSATION_TURN, QUESTION_TYPE) 
            VALUES 
            ('9', 1, 'uploads/interviews/9/conversation_turn_7_initial_answer.webm', 2.522, NOW(), 7, 'initial_answer')
[31-Jul-2025 21:38:37 Europe/Berlin] Upload completed successfully
[31-Jul-2025 21:38:37 Europe/Berlin] === Simple Upload Working Ended ===
[31-Jul-2025 21:38:41 Europe/Berlin] === Simple Upload Working Started ===
[31-Jul-2025 21:38:41 Europe/Berlin] Request Method: POST
[31-Jul-2025 21:38:41 Europe/Berlin] POST Data: {"conversationTurn":"7","questionType":"initial_answer","currentEssentialQuestion":"1","duration":"2.512","token":"14d0caee8ae603ede7094d75bf94e7456b7b6d4686e17716dc0e8c56443fc459","registrationId":"9"}
[31-Jul-2025 21:38:41 Europe/Berlin] FILES Data: {"video":{"name":"conversation_turn_7_initial_answer.webm","full_path":"conversation_turn_7_initial_answer.webm","type":"video\/webm","tmp_name":"C:\\xampp\\tmp\\php8E80.tmp","error":0,"size":322962}}
[31-Jul-2025 21:38:41 Europe/Berlin] Database connection successful
[31-Jul-2025 21:38:41 Europe/Berlin] Token received: 14d0caee8ae603ede7094d75bf94e7456b7b6d4686e17716dc0e8c56443fc459
[31-Jul-2025 21:38:41 Europe/Berlin] Token validated successfully
[31-Jul-2025 21:38:41 Europe/Berlin] Moving file from C:\xampp\tmp\php8E80.tmp to uploads/interviews/9/conversation_turn_7_initial_answer.webm
[31-Jul-2025 21:38:41 Europe/Berlin] Database SQL: INSERT INTO tblinterviewrecordings 
            (REGISTRATIONID, QUESTION_NUMBER, FILE_PATH, DURATION, RECORDED_AT, CONVERSATION_TURN, QUESTION_TYPE) 
            VALUES 
            ('9', 1, 'uploads/interviews/9/conversation_turn_7_initial_answer.webm', 2.512, NOW(), 7, 'initial_answer')
[31-Jul-2025 21:38:41 Europe/Berlin] Upload completed successfully
[31-Jul-2025 21:38:41 Europe/Berlin] === Simple Upload Working Ended ===
[31-Jul-2025 21:38:45 Europe/Berlin] === Simple Upload Working Started ===
[31-Jul-2025 21:38:45 Europe/Berlin] Request Method: POST
[31-Jul-2025 21:38:45 Europe/Berlin] POST Data: {"conversationTurn":"7","questionType":"initial_answer","currentEssentialQuestion":"1","duration":"2.537","token":"14d0caee8ae603ede7094d75bf94e7456b7b6d4686e17716dc0e8c56443fc459","registrationId":"9"}
[31-Jul-2025 21:38:45 Europe/Berlin] FILES Data: {"video":{"name":"conversation_turn_7_initial_answer.webm","full_path":"conversation_turn_7_initial_answer.webm","type":"video\/webm","tmp_name":"C:\\xampp\\tmp\\php9CD9.tmp","error":0,"size":339092}}
[31-Jul-2025 21:38:45 Europe/Berlin] Database connection successful
[31-Jul-2025 21:38:45 Europe/Berlin] Token received: 14d0caee8ae603ede7094d75bf94e7456b7b6d4686e17716dc0e8c56443fc459
[31-Jul-2025 21:38:45 Europe/Berlin] Token validated successfully
[31-Jul-2025 21:38:45 Europe/Berlin] Moving file from C:\xampp\tmp\php9CD9.tmp to uploads/interviews/9/conversation_turn_7_initial_answer.webm
[31-Jul-2025 21:38:45 Europe/Berlin] Database SQL: INSERT INTO tblinterviewrecordings 
            (REGISTRATIONID, QUESTION_NUMBER, FILE_PATH, DURATION, RECORDED_AT, CONVERSATION_TURN, QUESTION_TYPE) 
            VALUES 
            ('9', 1, 'uploads/interviews/9/conversation_turn_7_initial_answer.webm', 2.537, NOW(), 7, 'initial_answer')
[31-Jul-2025 21:38:45 Europe/Berlin] Upload completed successfully
[31-Jul-2025 21:38:45 Europe/Berlin] === Simple Upload Working Ended ===
[31-Jul-2025 21:38:48 Europe/Berlin] === Simple Upload Working Started ===
[31-Jul-2025 21:38:48 Europe/Berlin] Request Method: POST
[31-Jul-2025 21:38:48 Europe/Berlin] POST Data: {"conversationTurn":"7","questionType":"initial_answer","currentEssentialQuestion":"1","duration":"2.511","token":"14d0caee8ae603ede7094d75bf94e7456b7b6d4686e17716dc0e8c56443fc459","registrationId":"9"}
[31-Jul-2025 21:38:48 Europe/Berlin] FILES Data: {"video":{"name":"conversation_turn_7_initial_answer.webm","full_path":"conversation_turn_7_initial_answer.webm","type":"video\/webm","tmp_name":"C:\\xampp\\tmp\\phpAB13.tmp","error":0,"size":320620}}
[31-Jul-2025 21:38:48 Europe/Berlin] Database connection successful
[31-Jul-2025 21:38:48 Europe/Berlin] Token received: 14d0caee8ae603ede7094d75bf94e7456b7b6d4686e17716dc0e8c56443fc459
[31-Jul-2025 21:38:48 Europe/Berlin] Token validated successfully
[31-Jul-2025 21:38:48 Europe/Berlin] Moving file from C:\xampp\tmp\phpAB13.tmp to uploads/interviews/9/conversation_turn_7_initial_answer.webm
[31-Jul-2025 21:38:48 Europe/Berlin] Database SQL: INSERT INTO tblinterviewrecordings 
            (REGISTRATIONID, QUESTION_NUMBER, FILE_PATH, DURATION, RECORDED_AT, CONVERSATION_TURN, QUESTION_TYPE) 
            VALUES 
            ('9', 1, 'uploads/interviews/9/conversation_turn_7_initial_answer.webm', 2.511, NOW(), 7, 'initial_answer')
[31-Jul-2025 21:38:48 Europe/Berlin] Upload completed successfully
[31-Jul-2025 21:38:48 Europe/Berlin] === Simple Upload Working Ended ===
[31-Jul-2025 21:38:52 Europe/Berlin] === Simple Upload Working Started ===
[31-Jul-2025 21:38:52 Europe/Berlin] Request Method: POST
[31-Jul-2025 21:38:52 Europe/Berlin] POST Data: {"conversationTurn":"7","questionType":"initial_answer","currentEssentialQuestion":"1","duration":"2.508","token":"14d0caee8ae603ede7094d75bf94e7456b7b6d4686e17716dc0e8c56443fc459","registrationId":"9"}
[31-Jul-2025 21:38:52 Europe/Berlin] FILES Data: {"video":{"name":"conversation_turn_7_initial_answer.webm","full_path":"conversation_turn_7_initial_answer.webm","type":"video\/webm","tmp_name":"C:\\xampp\\tmp\\phpB98B.tmp","error":0,"size":321487}}
[31-Jul-2025 21:38:52 Europe/Berlin] Database connection successful
[31-Jul-2025 21:38:52 Europe/Berlin] Token received: 14d0caee8ae603ede7094d75bf94e7456b7b6d4686e17716dc0e8c56443fc459
[31-Jul-2025 21:38:52 Europe/Berlin] Token validated successfully
[31-Jul-2025 21:38:52 Europe/Berlin] Moving file from C:\xampp\tmp\phpB98B.tmp to uploads/interviews/9/conversation_turn_7_initial_answer.webm
[31-Jul-2025 21:38:52 Europe/Berlin] Database SQL: INSERT INTO tblinterviewrecordings 
            (REGISTRATIONID, QUESTION_NUMBER, FILE_PATH, DURATION, RECORDED_AT, CONVERSATION_TURN, QUESTION_TYPE) 
            VALUES 
            ('9', 1, 'uploads/interviews/9/conversation_turn_7_initial_answer.webm', 2.508, NOW(), 7, 'initial_answer')
[31-Jul-2025 21:38:52 Europe/Berlin] Upload completed successfully
[31-Jul-2025 21:38:52 Europe/Berlin] === Simple Upload Working Ended ===
[31-Jul-2025 21:38:56 Europe/Berlin] === Simple Upload Working Started ===
[31-Jul-2025 21:38:56 Europe/Berlin] Request Method: POST
[31-Jul-2025 21:38:56 Europe/Berlin] POST Data: {"conversationTurn":"7","questionType":"initial_answer","currentEssentialQuestion":"1","duration":"2.682","token":"14d0caee8ae603ede7094d75bf94e7456b7b6d4686e17716dc0e8c56443fc459","registrationId":"9"}
[31-Jul-2025 21:38:56 Europe/Berlin] FILES Data: {"video":{"name":"conversation_turn_7_initial_answer.webm","full_path":"conversation_turn_7_initial_answer.webm","type":"video\/webm","tmp_name":"C:\\xampp\\tmp\\phpC880.tmp","error":0,"size":340882}}
[31-Jul-2025 21:38:56 Europe/Berlin] Database connection successful
[31-Jul-2025 21:38:56 Europe/Berlin] Token received: 14d0caee8ae603ede7094d75bf94e7456b7b6d4686e17716dc0e8c56443fc459
[31-Jul-2025 21:38:56 Europe/Berlin] Token validated successfully
[31-Jul-2025 21:38:56 Europe/Berlin] Moving file from C:\xampp\tmp\phpC880.tmp to uploads/interviews/9/conversation_turn_7_initial_answer.webm
[31-Jul-2025 21:38:56 Europe/Berlin] Database SQL: INSERT INTO tblinterviewrecordings 
            (REGISTRATIONID, QUESTION_NUMBER, FILE_PATH, DURATION, RECORDED_AT, CONVERSATION_TURN, QUESTION_TYPE) 
            VALUES 
            ('9', 1, 'uploads/interviews/9/conversation_turn_7_initial_answer.webm', 2.682, NOW(), 7, 'initial_answer')
[31-Jul-2025 21:38:56 Europe/Berlin] Upload completed successfully
[31-Jul-2025 21:38:56 Europe/Berlin] === Simple Upload Working Ended ===
[31-Jul-2025 21:38:59 Europe/Berlin] === Simple Upload Working Started ===
[31-Jul-2025 21:38:59 Europe/Berlin] Request Method: POST
[31-Jul-2025 21:38:59 Europe/Berlin] POST Data: {"conversationTurn":"7","questionType":"initial_answer","currentEssentialQuestion":"1","duration":"2.522","token":"14d0caee8ae603ede7094d75bf94e7456b7b6d4686e17716dc0e8c56443fc459","registrationId":"9"}
[31-Jul-2025 21:38:59 Europe/Berlin] FILES Data: {"video":{"name":"conversation_turn_7_initial_answer.webm","full_path":"conversation_turn_7_initial_answer.webm","type":"video\/webm","tmp_name":"C:\\xampp\\tmp\\phpD6C9.tmp","error":0,"size":323978}}
[31-Jul-2025 21:39:00 Europe/Berlin] Database connection successful
[31-Jul-2025 21:39:00 Europe/Berlin] Token received: 14d0caee8ae603ede7094d75bf94e7456b7b6d4686e17716dc0e8c56443fc459
[31-Jul-2025 21:39:00 Europe/Berlin] Token validated successfully
[31-Jul-2025 21:39:00 Europe/Berlin] Moving file from C:\xampp\tmp\phpD6C9.tmp to uploads/interviews/9/conversation_turn_7_initial_answer.webm
[31-Jul-2025 21:39:00 Europe/Berlin] Database SQL: INSERT INTO tblinterviewrecordings 
            (REGISTRATIONID, QUESTION_NUMBER, FILE_PATH, DURATION, RECORDED_AT, CONVERSATION_TURN, QUESTION_TYPE) 
            VALUES 
            ('9', 1, 'uploads/interviews/9/conversation_turn_7_initial_answer.webm', 2.522, NOW(), 7, 'initial_answer')
[31-Jul-2025 21:39:00 Europe/Berlin] Upload completed successfully
[31-Jul-2025 21:39:00 Europe/Berlin] === Simple Upload Working Ended ===
[31-Jul-2025 21:39:03 Europe/Berlin] === Simple Upload Working Started ===
[31-Jul-2025 21:39:03 Europe/Berlin] Request Method: POST
[31-Jul-2025 21:39:03 Europe/Berlin] POST Data: {"conversationTurn":"7","questionType":"initial_answer","currentEssentialQuestion":"1","duration":"2.518","token":"14d0caee8ae603ede7094d75bf94e7456b7b6d4686e17716dc0e8c56443fc459","registrationId":"9"}
[31-Jul-2025 21:39:03 Europe/Berlin] FILES Data: {"video":{"name":"conversation_turn_7_initial_answer.webm","full_path":"conversation_turn_7_initial_answer.webm","type":"video\/webm","tmp_name":"C:\\xampp\\tmp\\phpE4F3.tmp","error":0,"size":323434}}
[31-Jul-2025 21:39:03 Europe/Berlin] Database connection successful
[31-Jul-2025 21:39:03 Europe/Berlin] Token received: 14d0caee8ae603ede7094d75bf94e7456b7b6d4686e17716dc0e8c56443fc459
[31-Jul-2025 21:39:03 Europe/Berlin] Token validated successfully
[31-Jul-2025 21:39:03 Europe/Berlin] Moving file from C:\xampp\tmp\phpE4F3.tmp to uploads/interviews/9/conversation_turn_7_initial_answer.webm
[31-Jul-2025 21:39:03 Europe/Berlin] Database SQL: INSERT INTO tblinterviewrecordings 
            (REGISTRATIONID, QUESTION_NUMBER, FILE_PATH, DURATION, RECORDED_AT, CONVERSATION_TURN, QUESTION_TYPE) 
            VALUES 
            ('9', 1, 'uploads/interviews/9/conversation_turn_7_initial_answer.webm', 2.518, NOW(), 7, 'initial_answer')
[31-Jul-2025 21:39:03 Europe/Berlin] Upload completed successfully
[31-Jul-2025 21:39:03 Europe/Berlin] === Simple Upload Working Ended ===
[31-Jul-2025 21:39:07 Europe/Berlin] === Simple Upload Working Started ===
[31-Jul-2025 21:39:07 Europe/Berlin] Request Method: POST
[31-Jul-2025 21:39:07 Europe/Berlin] POST Data: {"conversationTurn":"7","questionType":"initial_answer","currentEssentialQuestion":"1","duration":"2.519","token":"14d0caee8ae603ede7094d75bf94e7456b7b6d4686e17716dc0e8c56443fc459","registrationId":"9"}
[31-Jul-2025 21:39:07 Europe/Berlin] FILES Data: {"video":{"name":"conversation_turn_7_initial_answer.webm","full_path":"conversation_turn_7_initial_answer.webm","type":"video\/webm","tmp_name":"C:\\xampp\\tmp\\phpF35C.tmp","error":0,"size":321468}}
[31-Jul-2025 21:39:07 Europe/Berlin] Database connection successful
[31-Jul-2025 21:39:07 Europe/Berlin] Token received: 14d0caee8ae603ede7094d75bf94e7456b7b6d4686e17716dc0e8c56443fc459
[31-Jul-2025 21:39:07 Europe/Berlin] Token validated successfully
[31-Jul-2025 21:39:07 Europe/Berlin] Moving file from C:\xampp\tmp\phpF35C.tmp to uploads/interviews/9/conversation_turn_7_initial_answer.webm
[31-Jul-2025 21:39:07 Europe/Berlin] Database SQL: INSERT INTO tblinterviewrecordings 
            (REGISTRATIONID, QUESTION_NUMBER, FILE_PATH, DURATION, RECORDED_AT, CONVERSATION_TURN, QUESTION_TYPE) 
            VALUES 
            ('9', 1, 'uploads/interviews/9/conversation_turn_7_initial_answer.webm', 2.519, NOW(), 7, 'initial_answer')
[31-Jul-2025 21:39:07 Europe/Berlin] Upload completed successfully
[31-Jul-2025 21:39:07 Europe/Berlin] === Simple Upload Working Ended ===
[31-Jul-2025 21:39:10 Europe/Berlin] === Simple Upload Working Started ===
[31-Jul-2025 21:39:10 Europe/Berlin] Request Method: POST
[31-Jul-2025 21:39:10 Europe/Berlin] POST Data: {"conversationTurn":"7","questionType":"initial_answer","currentEssentialQuestion":"1","duration":"2.537","token":"14d0caee8ae603ede7094d75bf94e7456b7b6d4686e17716dc0e8c56443fc459","registrationId":"9"}
[31-Jul-2025 21:39:10 Europe/Berlin] FILES Data: {"video":{"name":"conversation_turn_7_initial_answer.webm","full_path":"conversation_turn_7_initial_answer.webm","type":"video\/webm","tmp_name":"C:\\xampp\\tmp\\php186.tmp","error":0,"size":338768}}
[31-Jul-2025 21:39:10 Europe/Berlin] Database connection successful
[31-Jul-2025 21:39:10 Europe/Berlin] Token received: 14d0caee8ae603ede7094d75bf94e7456b7b6d4686e17716dc0e8c56443fc459
[31-Jul-2025 21:39:10 Europe/Berlin] Token validated successfully
[31-Jul-2025 21:39:10 Europe/Berlin] Moving file from C:\xampp\tmp\php186.tmp to uploads/interviews/9/conversation_turn_7_initial_answer.webm
[31-Jul-2025 21:39:10 Europe/Berlin] Database SQL: INSERT INTO tblinterviewrecordings 
            (REGISTRATIONID, QUESTION_NUMBER, FILE_PATH, DURATION, RECORDED_AT, CONVERSATION_TURN, QUESTION_TYPE) 
            VALUES 
            ('9', 1, 'uploads/interviews/9/conversation_turn_7_initial_answer.webm', 2.537, NOW(), 7, 'initial_answer')
[31-Jul-2025 21:39:10 Europe/Berlin] Upload completed successfully
[31-Jul-2025 21:39:10 Europe/Berlin] === Simple Upload Working Ended ===
[31-Jul-2025 21:39:14 Europe/Berlin] === Simple Upload Working Started ===
[31-Jul-2025 21:39:14 Europe/Berlin] Request Method: POST
[31-Jul-2025 21:39:14 Europe/Berlin] POST Data: {"conversationTurn":"7","questionType":"initial_answer","currentEssentialQuestion":"1","duration":"2.531","token":"14d0caee8ae603ede7094d75bf94e7456b7b6d4686e17716dc0e8c56443fc459","registrationId":"9"}
[31-Jul-2025 21:39:14 Europe/Berlin] FILES Data: {"video":{"name":"conversation_turn_7_initial_answer.webm","full_path":"conversation_turn_7_initial_answer.webm","type":"video\/webm","tmp_name":"C:\\xampp\\tmp\\php103C.tmp","error":0,"size":324953}}
[31-Jul-2025 21:39:14 Europe/Berlin] Database connection successful
[31-Jul-2025 21:39:14 Europe/Berlin] Token received: 14d0caee8ae603ede7094d75bf94e7456b7b6d4686e17716dc0e8c56443fc459
[31-Jul-2025 21:39:14 Europe/Berlin] Token validated successfully
[31-Jul-2025 21:39:14 Europe/Berlin] Moving file from C:\xampp\tmp\php103C.tmp to uploads/interviews/9/conversation_turn_7_initial_answer.webm
[31-Jul-2025 21:39:14 Europe/Berlin] Database SQL: INSERT INTO tblinterviewrecordings 
            (REGISTRATIONID, QUESTION_NUMBER, FILE_PATH, DURATION, RECORDED_AT, CONVERSATION_TURN, QUESTION_TYPE) 
            VALUES 
            ('9', 1, 'uploads/interviews/9/conversation_turn_7_initial_answer.webm', 2.531, NOW(), 7, 'initial_answer')
[31-Jul-2025 21:39:14 Europe/Berlin] Upload completed successfully
[31-Jul-2025 21:39:14 Europe/Berlin] === Simple Upload Working Ended ===
[31-Jul-2025 21:39:18 Europe/Berlin] === Simple Upload Working Started ===
[31-Jul-2025 21:39:18 Europe/Berlin] Request Method: POST
[31-Jul-2025 21:39:18 Europe/Berlin] POST Data: {"conversationTurn":"7","questionType":"initial_answer","currentEssentialQuestion":"1","duration":"2.513","token":"14d0caee8ae603ede7094d75bf94e7456b7b6d4686e17716dc0e8c56443fc459","registrationId":"9"}
[31-Jul-2025 21:39:18 Europe/Berlin] FILES Data: {"video":{"name":"conversation_turn_7_initial_answer.webm","full_path":"conversation_turn_7_initial_answer.webm","type":"video\/webm","tmp_name":"C:\\xampp\\tmp\\php1E95.tmp","error":0,"size":303821}}
[31-Jul-2025 21:39:18 Europe/Berlin] Database connection successful
[31-Jul-2025 21:39:18 Europe/Berlin] Token received: 14d0caee8ae603ede7094d75bf94e7456b7b6d4686e17716dc0e8c56443fc459
[31-Jul-2025 21:39:18 Europe/Berlin] Token validated successfully
[31-Jul-2025 21:39:18 Europe/Berlin] Moving file from C:\xampp\tmp\php1E95.tmp to uploads/interviews/9/conversation_turn_7_initial_answer.webm
[31-Jul-2025 21:39:18 Europe/Berlin] Database SQL: INSERT INTO tblinterviewrecordings 
            (REGISTRATIONID, QUESTION_NUMBER, FILE_PATH, DURATION, RECORDED_AT, CONVERSATION_TURN, QUESTION_TYPE) 
            VALUES 
            ('9', 1, 'uploads/interviews/9/conversation_turn_7_initial_answer.webm', 2.513, NOW(), 7, 'initial_answer')
[31-Jul-2025 21:39:18 Europe/Berlin] Upload completed successfully
[31-Jul-2025 21:39:18 Europe/Berlin] === Simple Upload Working Ended ===
[31-Jul-2025 21:39:21 Europe/Berlin] === Simple Upload Working Started ===
[31-Jul-2025 21:39:21 Europe/Berlin] Request Method: POST
[31-Jul-2025 21:39:21 Europe/Berlin] POST Data: {"conversationTurn":"7","questionType":"initial_answer","currentEssentialQuestion":"1","duration":"2.527","token":"14d0caee8ae603ede7094d75bf94e7456b7b6d4686e17716dc0e8c56443fc459","registrationId":"9"}
[31-Jul-2025 21:39:21 Europe/Berlin] FILES Data: {"video":{"name":"conversation_turn_7_initial_answer.webm","full_path":"conversation_turn_7_initial_answer.webm","type":"video\/webm","tmp_name":"C:\\xampp\\tmp\\php2C90.tmp","error":0,"size":320409}}
[31-Jul-2025 21:39:21 Europe/Berlin] Database connection successful
[31-Jul-2025 21:39:21 Europe/Berlin] Token received: 14d0caee8ae603ede7094d75bf94e7456b7b6d4686e17716dc0e8c56443fc459
[31-Jul-2025 21:39:21 Europe/Berlin] Token validated successfully
[31-Jul-2025 21:39:21 Europe/Berlin] Moving file from C:\xampp\tmp\php2C90.tmp to uploads/interviews/9/conversation_turn_7_initial_answer.webm
[31-Jul-2025 21:39:21 Europe/Berlin] Database SQL: INSERT INTO tblinterviewrecordings 
            (REGISTRATIONID, QUESTION_NUMBER, FILE_PATH, DURATION, RECORDED_AT, CONVERSATION_TURN, QUESTION_TYPE) 
            VALUES 
            ('9', 1, 'uploads/interviews/9/conversation_turn_7_initial_answer.webm', 2.527, NOW(), 7, 'initial_answer')
[31-Jul-2025 21:39:21 Europe/Berlin] Upload completed successfully
[31-Jul-2025 21:39:21 Europe/Berlin] === Simple Upload Working Ended ===
[31-Jul-2025 21:39:25 Europe/Berlin] === Simple Upload Working Started ===
[31-Jul-2025 21:39:25 Europe/Berlin] Request Method: POST
[31-Jul-2025 21:39:25 Europe/Berlin] POST Data: {"conversationTurn":"7","questionType":"initial_answer","currentEssentialQuestion":"1","duration":"2.521","token":"14d0caee8ae603ede7094d75bf94e7456b7b6d4686e17716dc0e8c56443fc459","registrationId":"9"}
[31-Jul-2025 21:39:25 Europe/Berlin] FILES Data: {"video":{"name":"conversation_turn_7_initial_answer.webm","full_path":"conversation_turn_7_initial_answer.webm","type":"video\/webm","tmp_name":"C:\\xampp\\tmp\\php3AF9.tmp","error":0,"size":340596}}
[31-Jul-2025 21:39:25 Europe/Berlin] Database connection successful
[31-Jul-2025 21:39:25 Europe/Berlin] Token received: 14d0caee8ae603ede7094d75bf94e7456b7b6d4686e17716dc0e8c56443fc459
[31-Jul-2025 21:39:25 Europe/Berlin] Token validated successfully
[31-Jul-2025 21:39:25 Europe/Berlin] Moving file from C:\xampp\tmp\php3AF9.tmp to uploads/interviews/9/conversation_turn_7_initial_answer.webm
[31-Jul-2025 21:39:25 Europe/Berlin] Database SQL: INSERT INTO tblinterviewrecordings 
            (REGISTRATIONID, QUESTION_NUMBER, FILE_PATH, DURATION, RECORDED_AT, CONVERSATION_TURN, QUESTION_TYPE) 
            VALUES 
            ('9', 1, 'uploads/interviews/9/conversation_turn_7_initial_answer.webm', 2.521, NOW(), 7, 'initial_answer')
[31-Jul-2025 21:39:25 Europe/Berlin] Upload completed successfully
[31-Jul-2025 21:39:25 Europe/Berlin] === Simple Upload Working Ended ===
[31-Jul-2025 21:39:29 Europe/Berlin] === Simple Upload Working Started ===
[31-Jul-2025 21:39:29 Europe/Berlin] Request Method: POST
[31-Jul-2025 21:39:29 Europe/Berlin] POST Data: {"conversationTurn":"7","questionType":"initial_answer","currentEssentialQuestion":"1","duration":"2.527","token":"14d0caee8ae603ede7094d75bf94e7456b7b6d4686e17716dc0e8c56443fc459","registrationId":"9"}
[31-Jul-2025 21:39:29 Europe/Berlin] FILES Data: {"video":{"name":"conversation_turn_7_initial_answer.webm","full_path":"conversation_turn_7_initial_answer.webm","type":"video\/webm","tmp_name":"C:\\xampp\\tmp\\php4932.tmp","error":0,"size":321382}}
[31-Jul-2025 21:39:29 Europe/Berlin] Database connection successful
[31-Jul-2025 21:39:29 Europe/Berlin] Token received: 14d0caee8ae603ede7094d75bf94e7456b7b6d4686e17716dc0e8c56443fc459
[31-Jul-2025 21:39:29 Europe/Berlin] Token validated successfully
[31-Jul-2025 21:39:29 Europe/Berlin] Moving file from C:\xampp\tmp\php4932.tmp to uploads/interviews/9/conversation_turn_7_initial_answer.webm
[31-Jul-2025 21:39:29 Europe/Berlin] Database SQL: INSERT INTO tblinterviewrecordings 
            (REGISTRATIONID, QUESTION_NUMBER, FILE_PATH, DURATION, RECORDED_AT, CONVERSATION_TURN, QUESTION_TYPE) 
            VALUES 
            ('9', 1, 'uploads/interviews/9/conversation_turn_7_initial_answer.webm', 2.527, NOW(), 7, 'initial_answer')
[31-Jul-2025 21:39:29 Europe/Berlin] Upload completed successfully
[31-Jul-2025 21:39:29 Europe/Berlin] === Simple Upload Working Ended ===
[31-Jul-2025 21:39:32 Europe/Berlin] === Simple Upload Working Started ===
[31-Jul-2025 21:39:32 Europe/Berlin] Request Method: POST
[31-Jul-2025 21:39:32 Europe/Berlin] POST Data: {"conversationTurn":"7","questionType":"initial_answer","currentEssentialQuestion":"1","duration":"2.531","token":"14d0caee8ae603ede7094d75bf94e7456b7b6d4686e17716dc0e8c56443fc459","registrationId":"9"}
[31-Jul-2025 21:39:32 Europe/Berlin] FILES Data: {"video":{"name":"conversation_turn_7_initial_answer.webm","full_path":"conversation_turn_7_initial_answer.webm","type":"video\/webm","tmp_name":"C:\\xampp\\tmp\\php579B.tmp","error":0,"size":338608}}
[31-Jul-2025 21:39:32 Europe/Berlin] Database connection successful
[31-Jul-2025 21:39:32 Europe/Berlin] Token received: 14d0caee8ae603ede7094d75bf94e7456b7b6d4686e17716dc0e8c56443fc459
[31-Jul-2025 21:39:32 Europe/Berlin] Token validated successfully
[31-Jul-2025 21:39:32 Europe/Berlin] Moving file from C:\xampp\tmp\php579B.tmp to uploads/interviews/9/conversation_turn_7_initial_answer.webm
[31-Jul-2025 21:39:32 Europe/Berlin] Database SQL: INSERT INTO tblinterviewrecordings 
            (REGISTRATIONID, QUESTION_NUMBER, FILE_PATH, DURATION, RECORDED_AT, CONVERSATION_TURN, QUESTION_TYPE) 
            VALUES 
            ('9', 1, 'uploads/interviews/9/conversation_turn_7_initial_answer.webm', 2.531, NOW(), 7, 'initial_answer')
[31-Jul-2025 21:39:32 Europe/Berlin] Upload completed successfully
[31-Jul-2025 21:39:33 Europe/Berlin] === Simple Upload Working Ended ===
[31-Jul-2025 21:39:36 Europe/Berlin] === Simple Upload Working Started ===
[31-Jul-2025 21:39:36 Europe/Berlin] Request Method: POST
[31-Jul-2025 21:39:36 Europe/Berlin] POST Data: {"conversationTurn":"7","questionType":"initial_answer","currentEssentialQuestion":"1","duration":"2.514","token":"14d0caee8ae603ede7094d75bf94e7456b7b6d4686e17716dc0e8c56443fc459","registrationId":"9"}
[31-Jul-2025 21:39:36 Europe/Berlin] FILES Data: {"video":{"name":"conversation_turn_7_initial_answer.webm","full_path":"conversation_turn_7_initial_answer.webm","type":"video\/webm","tmp_name":"C:\\xampp\\tmp\\php6623.tmp","error":0,"size":323491}}
[31-Jul-2025 21:39:36 Europe/Berlin] Database connection successful
[31-Jul-2025 21:39:36 Europe/Berlin] Token received: 14d0caee8ae603ede7094d75bf94e7456b7b6d4686e17716dc0e8c56443fc459
[31-Jul-2025 21:39:36 Europe/Berlin] Token validated successfully
[31-Jul-2025 21:39:36 Europe/Berlin] Moving file from C:\xampp\tmp\php6623.tmp to uploads/interviews/9/conversation_turn_7_initial_answer.webm
[31-Jul-2025 21:39:36 Europe/Berlin] Database SQL: INSERT INTO tblinterviewrecordings 
            (REGISTRATIONID, QUESTION_NUMBER, FILE_PATH, DURATION, RECORDED_AT, CONVERSATION_TURN, QUESTION_TYPE) 
            VALUES 
            ('9', 1, 'uploads/interviews/9/conversation_turn_7_initial_answer.webm', 2.514, NOW(), 7, 'initial_answer')
[31-Jul-2025 21:39:36 Europe/Berlin] Upload completed successfully
[31-Jul-2025 21:39:36 Europe/Berlin] === Simple Upload Working Ended ===
[31-Jul-2025 21:39:40 Europe/Berlin] === Simple Upload Working Started ===
[31-Jul-2025 21:39:40 Europe/Berlin] Request Method: POST
[31-Jul-2025 21:39:40 Europe/Berlin] POST Data: {"conversationTurn":"7","questionType":"initial_answer","currentEssentialQuestion":"1","duration":"2.51","token":"14d0caee8ae603ede7094d75bf94e7456b7b6d4686e17716dc0e8c56443fc459","registrationId":"9"}
[31-Jul-2025 21:39:40 Europe/Berlin] FILES Data: {"video":{"name":"conversation_turn_7_initial_answer.webm","full_path":"conversation_turn_7_initial_answer.webm","type":"video\/webm","tmp_name":"C:\\xampp\\tmp\\php73D0.tmp","error":0,"size":319922}}
[31-Jul-2025 21:39:40 Europe/Berlin] Database connection successful
[31-Jul-2025 21:39:40 Europe/Berlin] Token received: 14d0caee8ae603ede7094d75bf94e7456b7b6d4686e17716dc0e8c56443fc459
[31-Jul-2025 21:39:40 Europe/Berlin] Token validated successfully
[31-Jul-2025 21:39:40 Europe/Berlin] Moving file from C:\xampp\tmp\php73D0.tmp to uploads/interviews/9/conversation_turn_7_initial_answer.webm
[31-Jul-2025 21:39:40 Europe/Berlin] Database SQL: INSERT INTO tblinterviewrecordings 
            (REGISTRATIONID, QUESTION_NUMBER, FILE_PATH, DURATION, RECORDED_AT, CONVERSATION_TURN, QUESTION_TYPE) 
            VALUES 
            ('9', 1, 'uploads/interviews/9/conversation_turn_7_initial_answer.webm', 2.51, NOW(), 7, 'initial_answer')
[31-Jul-2025 21:39:40 Europe/Berlin] Upload completed successfully
[31-Jul-2025 21:39:40 Europe/Berlin] === Simple Upload Working Ended ===
[31-Jul-2025 21:39:43 Europe/Berlin] === Simple Upload Working Started ===
[31-Jul-2025 21:39:43 Europe/Berlin] Request Method: POST
[31-Jul-2025 21:39:43 Europe/Berlin] POST Data: {"conversationTurn":"7","questionType":"initial_answer","currentEssentialQuestion":"1","duration":"2.511","token":"14d0caee8ae603ede7094d75bf94e7456b7b6d4686e17716dc0e8c56443fc459","registrationId":"9"}
[31-Jul-2025 21:39:43 Europe/Berlin] FILES Data: {"video":{"name":"conversation_turn_7_initial_answer.webm","full_path":"conversation_turn_7_initial_answer.webm","type":"video\/webm","tmp_name":"C:\\xampp\\tmp\\php8228.tmp","error":0,"size":322938}}
[31-Jul-2025 21:39:43 Europe/Berlin] Database connection successful
[31-Jul-2025 21:39:43 Europe/Berlin] Token received: 14d0caee8ae603ede7094d75bf94e7456b7b6d4686e17716dc0e8c56443fc459
[31-Jul-2025 21:39:43 Europe/Berlin] Token validated successfully
[31-Jul-2025 21:39:43 Europe/Berlin] Moving file from C:\xampp\tmp\php8228.tmp to uploads/interviews/9/conversation_turn_7_initial_answer.webm
[31-Jul-2025 21:39:43 Europe/Berlin] Database SQL: INSERT INTO tblinterviewrecordings 
            (REGISTRATIONID, QUESTION_NUMBER, FILE_PATH, DURATION, RECORDED_AT, CONVERSATION_TURN, QUESTION_TYPE) 
            VALUES 
            ('9', 1, 'uploads/interviews/9/conversation_turn_7_initial_answer.webm', 2.511, NOW(), 7, 'initial_answer')
[31-Jul-2025 21:39:43 Europe/Berlin] Upload completed successfully
[31-Jul-2025 21:39:43 Europe/Berlin] === Simple Upload Working Ended ===
[31-Jul-2025 21:39:47 Europe/Berlin] === Simple Upload Working Started ===
[31-Jul-2025 21:39:47 Europe/Berlin] Request Method: POST
[31-Jul-2025 21:39:47 Europe/Berlin] POST Data: {"conversationTurn":"7","questionType":"initial_answer","currentEssentialQuestion":"1","duration":"2.522","token":"14d0caee8ae603ede7094d75bf94e7456b7b6d4686e17716dc0e8c56443fc459","registrationId":"9"}
[31-Jul-2025 21:39:47 Europe/Berlin] FILES Data: {"video":{"name":"conversation_turn_7_initial_answer.webm","full_path":"conversation_turn_7_initial_answer.webm","type":"video\/webm","tmp_name":"C:\\xampp\\tmp\\php9062.tmp","error":0,"size":341829}}
[31-Jul-2025 21:39:47 Europe/Berlin] Database connection successful
[31-Jul-2025 21:39:47 Europe/Berlin] Token received: 14d0caee8ae603ede7094d75bf94e7456b7b6d4686e17716dc0e8c56443fc459
[31-Jul-2025 21:39:47 Europe/Berlin] Token validated successfully
[31-Jul-2025 21:39:47 Europe/Berlin] Moving file from C:\xampp\tmp\php9062.tmp to uploads/interviews/9/conversation_turn_7_initial_answer.webm
[31-Jul-2025 21:39:47 Europe/Berlin] Database SQL: INSERT INTO tblinterviewrecordings 
            (REGISTRATIONID, QUESTION_NUMBER, FILE_PATH, DURATION, RECORDED_AT, CONVERSATION_TURN, QUESTION_TYPE) 
            VALUES 
            ('9', 1, 'uploads/interviews/9/conversation_turn_7_initial_answer.webm', 2.522, NOW(), 7, 'initial_answer')
[31-Jul-2025 21:39:47 Europe/Berlin] Upload completed successfully
[31-Jul-2025 21:39:47 Europe/Berlin] === Simple Upload Working Ended ===
[31-Jul-2025 21:39:51 Europe/Berlin] === Simple Upload Working Started ===
[31-Jul-2025 21:39:51 Europe/Berlin] Request Method: POST
[31-Jul-2025 21:39:51 Europe/Berlin] POST Data: {"conversationTurn":"7","questionType":"initial_answer","currentEssentialQuestion":"1","duration":"2.518","token":"14d0caee8ae603ede7094d75bf94e7456b7b6d4686e17716dc0e8c56443fc459","registrationId":"9"}
[31-Jul-2025 21:39:51 Europe/Berlin] FILES Data: {"video":{"name":"conversation_turn_7_initial_answer.webm","full_path":"conversation_turn_7_initial_answer.webm","type":"video\/webm","tmp_name":"C:\\xampp\\tmp\\php9EAB.tmp","error":0,"size":323549}}
[31-Jul-2025 21:39:51 Europe/Berlin] Database connection successful
[31-Jul-2025 21:39:51 Europe/Berlin] Token received: 14d0caee8ae603ede7094d75bf94e7456b7b6d4686e17716dc0e8c56443fc459
[31-Jul-2025 21:39:51 Europe/Berlin] Token validated successfully
[31-Jul-2025 21:39:51 Europe/Berlin] Moving file from C:\xampp\tmp\php9EAB.tmp to uploads/interviews/9/conversation_turn_7_initial_answer.webm
[31-Jul-2025 21:39:51 Europe/Berlin] Database SQL: INSERT INTO tblinterviewrecordings 
            (REGISTRATIONID, QUESTION_NUMBER, FILE_PATH, DURATION, RECORDED_AT, CONVERSATION_TURN, QUESTION_TYPE) 
            VALUES 
            ('9', 1, 'uploads/interviews/9/conversation_turn_7_initial_answer.webm', 2.518, NOW(), 7, 'initial_answer')
[31-Jul-2025 21:39:51 Europe/Berlin] Upload completed successfully
[31-Jul-2025 21:39:51 Europe/Berlin] === Simple Upload Working Ended ===
[31-Jul-2025 21:39:54 Europe/Berlin] === Simple Upload Working Started ===
[31-Jul-2025 21:39:54 Europe/Berlin] Request Method: POST
[31-Jul-2025 21:39:54 Europe/Berlin] POST Data: {"conversationTurn":"7","questionType":"initial_answer","currentEssentialQuestion":"1","duration":"2.513","token":"14d0caee8ae603ede7094d75bf94e7456b7b6d4686e17716dc0e8c56443fc459","registrationId":"9"}
[31-Jul-2025 21:39:54 Europe/Berlin] FILES Data: {"video":{"name":"conversation_turn_7_initial_answer.webm","full_path":"conversation_turn_7_initial_answer.webm","type":"video\/webm","tmp_name":"C:\\xampp\\tmp\\phpACF5.tmp","error":0,"size":341289}}
[31-Jul-2025 21:39:54 Europe/Berlin] Database connection successful
[31-Jul-2025 21:39:54 Europe/Berlin] Token received: 14d0caee8ae603ede7094d75bf94e7456b7b6d4686e17716dc0e8c56443fc459
[31-Jul-2025 21:39:54 Europe/Berlin] Token validated successfully
[31-Jul-2025 21:39:54 Europe/Berlin] Moving file from C:\xampp\tmp\phpACF5.tmp to uploads/interviews/9/conversation_turn_7_initial_answer.webm
[31-Jul-2025 21:39:54 Europe/Berlin] Database SQL: INSERT INTO tblinterviewrecordings 
            (REGISTRATIONID, QUESTION_NUMBER, FILE_PATH, DURATION, RECORDED_AT, CONVERSATION_TURN, QUESTION_TYPE) 
            VALUES 
            ('9', 1, 'uploads/interviews/9/conversation_turn_7_initial_answer.webm', 2.513, NOW(), 7, 'initial_answer')
[31-Jul-2025 21:39:54 Europe/Berlin] Upload completed successfully
[31-Jul-2025 21:39:54 Europe/Berlin] === Simple Upload Working Ended ===
[31-Jul-2025 21:39:58 Europe/Berlin] === Simple Upload Working Started ===
[31-Jul-2025 21:39:58 Europe/Berlin] Request Method: POST
[31-Jul-2025 21:39:58 Europe/Berlin] POST Data: {"conversationTurn":"7","questionType":"initial_answer","currentEssentialQuestion":"1","duration":"2.509","token":"14d0caee8ae603ede7094d75bf94e7456b7b6d4686e17716dc0e8c56443fc459","registrationId":"9"}
[31-Jul-2025 21:39:58 Europe/Berlin] FILES Data: {"video":{"name":"conversation_turn_7_initial_answer.webm","full_path":"conversation_turn_7_initial_answer.webm","type":"video\/webm","tmp_name":"C:\\xampp\\tmp\\phpBB2E.tmp","error":0,"size":322382}}
[31-Jul-2025 21:39:58 Europe/Berlin] Database connection successful
[31-Jul-2025 21:39:58 Europe/Berlin] Token received: 14d0caee8ae603ede7094d75bf94e7456b7b6d4686e17716dc0e8c56443fc459
[31-Jul-2025 21:39:58 Europe/Berlin] Token validated successfully
[31-Jul-2025 21:39:58 Europe/Berlin] Moving file from C:\xampp\tmp\phpBB2E.tmp to uploads/interviews/9/conversation_turn_7_initial_answer.webm
[31-Jul-2025 21:39:58 Europe/Berlin] Database SQL: INSERT INTO tblinterviewrecordings 
            (REGISTRATIONID, QUESTION_NUMBER, FILE_PATH, DURATION, RECORDED_AT, CONVERSATION_TURN, QUESTION_TYPE) 
            VALUES 
            ('9', 1, 'uploads/interviews/9/conversation_turn_7_initial_answer.webm', 2.509, NOW(), 7, 'initial_answer')
[31-Jul-2025 21:39:58 Europe/Berlin] Upload completed successfully
[31-Jul-2025 21:39:58 Europe/Berlin] === Simple Upload Working Ended ===
[31-Jul-2025 21:40:02 Europe/Berlin] === Simple Upload Working Started ===
[31-Jul-2025 21:40:02 Europe/Berlin] Request Method: POST
[31-Jul-2025 21:40:02 Europe/Berlin] POST Data: {"conversationTurn":"7","questionType":"initial_answer","currentEssentialQuestion":"1","duration":"2.518","token":"14d0caee8ae603ede7094d75bf94e7456b7b6d4686e17716dc0e8c56443fc459","registrationId":"9"}
[31-Jul-2025 21:40:02 Europe/Berlin] FILES Data: {"video":{"name":"conversation_turn_7_initial_answer.webm","full_path":"conversation_turn_7_initial_answer.webm","type":"video\/webm","tmp_name":"C:\\xampp\\tmp\\phpC958.tmp","error":0,"size":321247}}
[31-Jul-2025 21:40:02 Europe/Berlin] Database connection successful
[31-Jul-2025 21:40:02 Europe/Berlin] Token received: 14d0caee8ae603ede7094d75bf94e7456b7b6d4686e17716dc0e8c56443fc459
[31-Jul-2025 21:40:02 Europe/Berlin] Token validated successfully
[31-Jul-2025 21:40:02 Europe/Berlin] Moving file from C:\xampp\tmp\phpC958.tmp to uploads/interviews/9/conversation_turn_7_initial_answer.webm
[31-Jul-2025 21:40:02 Europe/Berlin] Database SQL: INSERT INTO tblinterviewrecordings 
            (REGISTRATIONID, QUESTION_NUMBER, FILE_PATH, DURATION, RECORDED_AT, CONVERSATION_TURN, QUESTION_TYPE) 
            VALUES 
            ('9', 1, 'uploads/interviews/9/conversation_turn_7_initial_answer.webm', 2.518, NOW(), 7, 'initial_answer')
[31-Jul-2025 21:40:02 Europe/Berlin] Upload completed successfully
[31-Jul-2025 21:40:02 Europe/Berlin] === Simple Upload Working Ended ===
[31-Jul-2025 21:40:05 Europe/Berlin] === Simple Upload Working Started ===
[31-Jul-2025 21:40:05 Europe/Berlin] Request Method: POST
[31-Jul-2025 21:40:05 Europe/Berlin] POST Data: {"conversationTurn":"7","questionType":"initial_answer","currentEssentialQuestion":"1","duration":"2.516","token":"14d0caee8ae603ede7094d75bf94e7456b7b6d4686e17716dc0e8c56443fc459","registrationId":"9"}
[31-Jul-2025 21:40:05 Europe/Berlin] FILES Data: {"video":{"name":"conversation_turn_7_initial_answer.webm","full_path":"conversation_turn_7_initial_answer.webm","type":"video\/webm","tmp_name":"C:\\xampp\\tmp\\phpD7C1.tmp","error":0,"size":337362}}
[31-Jul-2025 21:40:05 Europe/Berlin] Database connection successful
[31-Jul-2025 21:40:05 Europe/Berlin] Token received: 14d0caee8ae603ede7094d75bf94e7456b7b6d4686e17716dc0e8c56443fc459
[31-Jul-2025 21:40:05 Europe/Berlin] Token validated successfully
[31-Jul-2025 21:40:05 Europe/Berlin] Moving file from C:\xampp\tmp\phpD7C1.tmp to uploads/interviews/9/conversation_turn_7_initial_answer.webm
[31-Jul-2025 21:40:05 Europe/Berlin] Database SQL: INSERT INTO tblinterviewrecordings 
            (REGISTRATIONID, QUESTION_NUMBER, FILE_PATH, DURATION, RECORDED_AT, CONVERSATION_TURN, QUESTION_TYPE) 
            VALUES 
            ('9', 1, 'uploads/interviews/9/conversation_turn_7_initial_answer.webm', 2.516, NOW(), 7, 'initial_answer')
[31-Jul-2025 21:40:05 Europe/Berlin] Upload completed successfully
[31-Jul-2025 21:40:05 Europe/Berlin] === Simple Upload Working Ended ===
[31-Jul-2025 21:40:09 Europe/Berlin] === Simple Upload Working Started ===
[31-Jul-2025 21:40:09 Europe/Berlin] Request Method: POST
[31-Jul-2025 21:40:09 Europe/Berlin] POST Data: {"conversationTurn":"7","questionType":"initial_answer","currentEssentialQuestion":"1","duration":"2.517","token":"14d0caee8ae603ede7094d75bf94e7456b7b6d4686e17716dc0e8c56443fc459","registrationId":"9"}
[31-Jul-2025 21:40:09 Europe/Berlin] FILES Data: {"video":{"name":"conversation_turn_7_initial_answer.webm","full_path":"conversation_turn_7_initial_answer.webm","type":"video\/webm","tmp_name":"C:\\xampp\\tmp\\phpE5FA.tmp","error":0,"size":322306}}
[31-Jul-2025 21:40:09 Europe/Berlin] Database connection successful
[31-Jul-2025 21:40:09 Europe/Berlin] Token received: 14d0caee8ae603ede7094d75bf94e7456b7b6d4686e17716dc0e8c56443fc459
[31-Jul-2025 21:40:09 Europe/Berlin] Token validated successfully
[31-Jul-2025 21:40:09 Europe/Berlin] Moving file from C:\xampp\tmp\phpE5FA.tmp to uploads/interviews/9/conversation_turn_7_initial_answer.webm
[31-Jul-2025 21:40:09 Europe/Berlin] Database SQL: INSERT INTO tblinterviewrecordings 
            (REGISTRATIONID, QUESTION_NUMBER, FILE_PATH, DURATION, RECORDED_AT, CONVERSATION_TURN, QUESTION_TYPE) 
            VALUES 
            ('9', 1, 'uploads/interviews/9/conversation_turn_7_initial_answer.webm', 2.517, NOW(), 7, 'initial_answer')
[31-Jul-2025 21:40:09 Europe/Berlin] Upload completed successfully
[31-Jul-2025 21:40:09 Europe/Berlin] === Simple Upload Working Ended ===
[31-Jul-2025 21:40:13 Europe/Berlin] === Simple Upload Working Started ===
[31-Jul-2025 21:40:13 Europe/Berlin] Request Method: POST
[31-Jul-2025 21:40:13 Europe/Berlin] POST Data: {"conversationTurn":"7","questionType":"initial_answer","currentEssentialQuestion":"1","duration":"2.519","token":"14d0caee8ae603ede7094d75bf94e7456b7b6d4686e17716dc0e8c56443fc459","registrationId":"9"}
[31-Jul-2025 21:40:13 Europe/Berlin] FILES Data: {"video":{"name":"conversation_turn_7_initial_answer.webm","full_path":"conversation_turn_7_initial_answer.webm","type":"video\/webm","tmp_name":"C:\\xampp\\tmp\\phpF444.tmp","error":0,"size":339028}}
[31-Jul-2025 21:40:13 Europe/Berlin] Database connection successful
[31-Jul-2025 21:40:13 Europe/Berlin] Token received: 14d0caee8ae603ede7094d75bf94e7456b7b6d4686e17716dc0e8c56443fc459
[31-Jul-2025 21:40:13 Europe/Berlin] Token validated successfully
[31-Jul-2025 21:40:13 Europe/Berlin] Moving file from C:\xampp\tmp\phpF444.tmp to uploads/interviews/9/conversation_turn_7_initial_answer.webm
[31-Jul-2025 21:40:13 Europe/Berlin] Database SQL: INSERT INTO tblinterviewrecordings 
            (REGISTRATIONID, QUESTION_NUMBER, FILE_PATH, DURATION, RECORDED_AT, CONVERSATION_TURN, QUESTION_TYPE) 
            VALUES 
            ('9', 1, 'uploads/interviews/9/conversation_turn_7_initial_answer.webm', 2.519, NOW(), 7, 'initial_answer')
[31-Jul-2025 21:40:13 Europe/Berlin] Upload completed successfully
[31-Jul-2025 21:40:13 Europe/Berlin] === Simple Upload Working Ended ===
[31-Jul-2025 21:40:16 Europe/Berlin] === Simple Upload Working Started ===
[31-Jul-2025 21:40:16 Europe/Berlin] Request Method: POST
[31-Jul-2025 21:40:16 Europe/Berlin] POST Data: {"conversationTurn":"7","questionType":"initial_answer","currentEssentialQuestion":"1","duration":"2.52","token":"14d0caee8ae603ede7094d75bf94e7456b7b6d4686e17716dc0e8c56443fc459","registrationId":"9"}
[31-Jul-2025 21:40:16 Europe/Berlin] FILES Data: {"video":{"name":"conversation_turn_7_initial_answer.webm","full_path":"conversation_turn_7_initial_answer.webm","type":"video\/webm","tmp_name":"C:\\xampp\\tmp\\php2AC.tmp","error":0,"size":322502}}
[31-Jul-2025 21:40:16 Europe/Berlin] Database connection successful
[31-Jul-2025 21:40:16 Europe/Berlin] Token received: 14d0caee8ae603ede7094d75bf94e7456b7b6d4686e17716dc0e8c56443fc459
[31-Jul-2025 21:40:16 Europe/Berlin] Token validated successfully
[31-Jul-2025 21:40:16 Europe/Berlin] Moving file from C:\xampp\tmp\php2AC.tmp to uploads/interviews/9/conversation_turn_7_initial_answer.webm
[31-Jul-2025 21:40:16 Europe/Berlin] Database SQL: INSERT INTO tblinterviewrecordings 
            (REGISTRATIONID, QUESTION_NUMBER, FILE_PATH, DURATION, RECORDED_AT, CONVERSATION_TURN, QUESTION_TYPE) 
            VALUES 
            ('9', 1, 'uploads/interviews/9/conversation_turn_7_initial_answer.webm', 2.52, NOW(), 7, 'initial_answer')
[31-Jul-2025 21:40:16 Europe/Berlin] Upload completed successfully
[31-Jul-2025 21:40:16 Europe/Berlin] === Simple Upload Working Ended ===
[31-Jul-2025 21:40:20 Europe/Berlin] === Simple Upload Working Started ===
[31-Jul-2025 21:40:20 Europe/Berlin] Request Method: POST
[31-Jul-2025 21:40:20 Europe/Berlin] POST Data: {"conversationTurn":"7","questionType":"initial_answer","currentEssentialQuestion":"1","duration":"2.524","token":"14d0caee8ae603ede7094d75bf94e7456b7b6d4686e17716dc0e8c56443fc459","registrationId":"9"}
[31-Jul-2025 21:40:20 Europe/Berlin] FILES Data: {"video":{"name":"conversation_turn_7_initial_answer.webm","full_path":"conversation_turn_7_initial_answer.webm","type":"video\/webm","tmp_name":"C:\\xampp\\tmp\\php1105.tmp","error":0,"size":337098}}
[31-Jul-2025 21:40:20 Europe/Berlin] Database connection successful
[31-Jul-2025 21:40:20 Europe/Berlin] Token received: 14d0caee8ae603ede7094d75bf94e7456b7b6d4686e17716dc0e8c56443fc459
[31-Jul-2025 21:40:20 Europe/Berlin] Token validated successfully
[31-Jul-2025 21:40:20 Europe/Berlin] Moving file from C:\xampp\tmp\php1105.tmp to uploads/interviews/9/conversation_turn_7_initial_answer.webm
[31-Jul-2025 21:40:20 Europe/Berlin] Database SQL: INSERT INTO tblinterviewrecordings 
            (REGISTRATIONID, QUESTION_NUMBER, FILE_PATH, DURATION, RECORDED_AT, CONVERSATION_TURN, QUESTION_TYPE) 
            VALUES 
            ('9', 1, 'uploads/interviews/9/conversation_turn_7_initial_answer.webm', 2.524, NOW(), 7, 'initial_answer')
[31-Jul-2025 21:40:20 Europe/Berlin] Upload completed successfully
[31-Jul-2025 21:40:20 Europe/Berlin] === Simple Upload Working Ended ===
[31-Jul-2025 21:40:24 Europe/Berlin] === Simple Upload Working Started ===
[31-Jul-2025 21:40:24 Europe/Berlin] Request Method: POST
[31-Jul-2025 21:40:24 Europe/Berlin] POST Data: {"conversationTurn":"7","questionType":"initial_answer","currentEssentialQuestion":"1","duration":"2.515","token":"14d0caee8ae603ede7094d75bf94e7456b7b6d4686e17716dc0e8c56443fc459","registrationId":"9"}
[31-Jul-2025 21:40:24 Europe/Berlin] FILES Data: {"video":{"name":"conversation_turn_7_initial_answer.webm","full_path":"conversation_turn_7_initial_answer.webm","type":"video\/webm","tmp_name":"C:\\xampp\\tmp\\php1F4E.tmp","error":0,"size":340251}}
[31-Jul-2025 21:40:24 Europe/Berlin] Database connection successful
[31-Jul-2025 21:40:24 Europe/Berlin] Token received: 14d0caee8ae603ede7094d75bf94e7456b7b6d4686e17716dc0e8c56443fc459
[31-Jul-2025 21:40:24 Europe/Berlin] Token validated successfully
[31-Jul-2025 21:40:24 Europe/Berlin] Moving file from C:\xampp\tmp\php1F4E.tmp to uploads/interviews/9/conversation_turn_7_initial_answer.webm
[31-Jul-2025 21:40:24 Europe/Berlin] Database SQL: INSERT INTO tblinterviewrecordings 
            (REGISTRATIONID, QUESTION_NUMBER, FILE_PATH, DURATION, RECORDED_AT, CONVERSATION_TURN, QUESTION_TYPE) 
            VALUES 
            ('9', 1, 'uploads/interviews/9/conversation_turn_7_initial_answer.webm', 2.515, NOW(), 7, 'initial_answer')
[31-Jul-2025 21:40:24 Europe/Berlin] Upload completed successfully
[31-Jul-2025 21:40:24 Europe/Berlin] === Simple Upload Working Ended ===
[31-Jul-2025 21:40:27 Europe/Berlin] === Simple Upload Working Started ===
[31-Jul-2025 21:40:27 Europe/Berlin] Request Method: POST
[31-Jul-2025 21:40:27 Europe/Berlin] POST Data: {"conversationTurn":"7","questionType":"initial_answer","currentEssentialQuestion":"1","duration":"2.517","token":"14d0caee8ae603ede7094d75bf94e7456b7b6d4686e17716dc0e8c56443fc459","registrationId":"9"}
[31-Jul-2025 21:40:27 Europe/Berlin] FILES Data: {"video":{"name":"conversation_turn_7_initial_answer.webm","full_path":"conversation_turn_7_initial_answer.webm","type":"video\/webm","tmp_name":"C:\\xampp\\tmp\\php2D78.tmp","error":0,"size":318570}}
[31-Jul-2025 21:40:27 Europe/Berlin] Database connection successful
[31-Jul-2025 21:40:27 Europe/Berlin] Token received: 14d0caee8ae603ede7094d75bf94e7456b7b6d4686e17716dc0e8c56443fc459
[31-Jul-2025 21:40:27 Europe/Berlin] Token validated successfully
[31-Jul-2025 21:40:27 Europe/Berlin] Moving file from C:\xampp\tmp\php2D78.tmp to uploads/interviews/9/conversation_turn_7_initial_answer.webm
[31-Jul-2025 21:40:27 Europe/Berlin] Database SQL: INSERT INTO tblinterviewrecordings 
            (REGISTRATIONID, QUESTION_NUMBER, FILE_PATH, DURATION, RECORDED_AT, CONVERSATION_TURN, QUESTION_TYPE) 
            VALUES 
            ('9', 1, 'uploads/interviews/9/conversation_turn_7_initial_answer.webm', 2.517, NOW(), 7, 'initial_answer')
[31-Jul-2025 21:40:27 Europe/Berlin] Upload completed successfully
[31-Jul-2025 21:40:27 Europe/Berlin] === Simple Upload Working Ended ===
[31-Jul-2025 21:40:31 Europe/Berlin] === Simple Upload Working Started ===
[31-Jul-2025 21:40:31 Europe/Berlin] Request Method: POST
[31-Jul-2025 21:40:31 Europe/Berlin] POST Data: {"conversationTurn":"7","questionType":"initial_answer","currentEssentialQuestion":"1","duration":"2.51","token":"14d0caee8ae603ede7094d75bf94e7456b7b6d4686e17716dc0e8c56443fc459","registrationId":"9"}
[31-Jul-2025 21:40:31 Europe/Berlin] FILES Data: {"video":{"name":"conversation_turn_7_initial_answer.webm","full_path":"conversation_turn_7_initial_answer.webm","type":"video\/webm","tmp_name":"C:\\xampp\\tmp\\php3BB2.tmp","error":0,"size":321323}}
[31-Jul-2025 21:40:31 Europe/Berlin] Database connection successful
[31-Jul-2025 21:40:31 Europe/Berlin] Token received: 14d0caee8ae603ede7094d75bf94e7456b7b6d4686e17716dc0e8c56443fc459
[31-Jul-2025 21:40:31 Europe/Berlin] Token validated successfully
[31-Jul-2025 21:40:31 Europe/Berlin] Moving file from C:\xampp\tmp\php3BB2.tmp to uploads/interviews/9/conversation_turn_7_initial_answer.webm
[31-Jul-2025 21:40:31 Europe/Berlin] Database SQL: INSERT INTO tblinterviewrecordings 
            (REGISTRATIONID, QUESTION_NUMBER, FILE_PATH, DURATION, RECORDED_AT, CONVERSATION_TURN, QUESTION_TYPE) 
            VALUES 
            ('9', 1, 'uploads/interviews/9/conversation_turn_7_initial_answer.webm', 2.51, NOW(), 7, 'initial_answer')
[31-Jul-2025 21:40:31 Europe/Berlin] Upload completed successfully
[31-Jul-2025 21:40:31 Europe/Berlin] === Simple Upload Working Ended ===
[31-Jul-2025 21:40:35 Europe/Berlin] === Simple Upload Working Started ===
[31-Jul-2025 21:40:35 Europe/Berlin] Request Method: POST
[31-Jul-2025 21:40:35 Europe/Berlin] POST Data: {"conversationTurn":"7","questionType":"initial_answer","currentEssentialQuestion":"1","duration":"2.516","token":"14d0caee8ae603ede7094d75bf94e7456b7b6d4686e17716dc0e8c56443fc459","registrationId":"9"}
[31-Jul-2025 21:40:35 Europe/Berlin] FILES Data: {"video":{"name":"conversation_turn_7_initial_answer.webm","full_path":"conversation_turn_7_initial_answer.webm","type":"video\/webm","tmp_name":"C:\\xampp\\tmp\\php4A0B.tmp","error":0,"size":336357}}
[31-Jul-2025 21:40:35 Europe/Berlin] Database connection successful
[31-Jul-2025 21:40:35 Europe/Berlin] Token received: 14d0caee8ae603ede7094d75bf94e7456b7b6d4686e17716dc0e8c56443fc459
[31-Jul-2025 21:40:35 Europe/Berlin] Token validated successfully
[31-Jul-2025 21:40:35 Europe/Berlin] Moving file from C:\xampp\tmp\php4A0B.tmp to uploads/interviews/9/conversation_turn_7_initial_answer.webm
[31-Jul-2025 21:40:35 Europe/Berlin] Database SQL: INSERT INTO tblinterviewrecordings 
            (REGISTRATIONID, QUESTION_NUMBER, FILE_PATH, DURATION, RECORDED_AT, CONVERSATION_TURN, QUESTION_TYPE) 
            VALUES 
            ('9', 1, 'uploads/interviews/9/conversation_turn_7_initial_answer.webm', 2.516, NOW(), 7, 'initial_answer')
[31-Jul-2025 21:40:35 Europe/Berlin] Upload completed successfully
[31-Jul-2025 21:40:35 Europe/Berlin] === Simple Upload Working Ended ===
[31-Jul-2025 21:40:38 Europe/Berlin] === Simple Upload Working Started ===
[31-Jul-2025 21:40:38 Europe/Berlin] Request Method: POST
[31-Jul-2025 21:40:38 Europe/Berlin] POST Data: {"conversationTurn":"7","questionType":"initial_answer","currentEssentialQuestion":"1","duration":"2.526","token":"14d0caee8ae603ede7094d75bf94e7456b7b6d4686e17716dc0e8c56443fc459","registrationId":"9"}
[31-Jul-2025 21:40:38 Europe/Berlin] FILES Data: {"video":{"name":"conversation_turn_7_initial_answer.webm","full_path":"conversation_turn_7_initial_answer.webm","type":"video\/webm","tmp_name":"C:\\xampp\\tmp\\php5864.tmp","error":0,"size":322069}}
[31-Jul-2025 21:40:38 Europe/Berlin] Database connection successful
[31-Jul-2025 21:40:38 Europe/Berlin] Token received: 14d0caee8ae603ede7094d75bf94e7456b7b6d4686e17716dc0e8c56443fc459
[31-Jul-2025 21:40:38 Europe/Berlin] Token validated successfully
[31-Jul-2025 21:40:38 Europe/Berlin] Moving file from C:\xampp\tmp\php5864.tmp to uploads/interviews/9/conversation_turn_7_initial_answer.webm
[31-Jul-2025 21:40:38 Europe/Berlin] Database SQL: INSERT INTO tblinterviewrecordings 
            (REGISTRATIONID, QUESTION_NUMBER, FILE_PATH, DURATION, RECORDED_AT, CONVERSATION_TURN, QUESTION_TYPE) 
            VALUES 
            ('9', 1, 'uploads/interviews/9/conversation_turn_7_initial_answer.webm', 2.526, NOW(), 7, 'initial_answer')
[31-Jul-2025 21:40:38 Europe/Berlin] Upload completed successfully
[31-Jul-2025 21:40:38 Europe/Berlin] === Simple Upload Working Ended ===
[31-Jul-2025 21:40:42 Europe/Berlin] === Simple Upload Working Started ===
[31-Jul-2025 21:40:42 Europe/Berlin] Request Method: POST
[31-Jul-2025 21:40:42 Europe/Berlin] POST Data: {"conversationTurn":"7","questionType":"initial_answer","currentEssentialQuestion":"1","duration":"2.51","token":"14d0caee8ae603ede7094d75bf94e7456b7b6d4686e17716dc0e8c56443fc459","registrationId":"9"}
[31-Jul-2025 21:40:42 Europe/Berlin] FILES Data: {"video":{"name":"conversation_turn_7_initial_answer.webm","full_path":"conversation_turn_7_initial_answer.webm","type":"video\/webm","tmp_name":"C:\\xampp\\tmp\\php668E.tmp","error":0,"size":340627}}
[31-Jul-2025 21:40:42 Europe/Berlin] Database connection successful
[31-Jul-2025 21:40:42 Europe/Berlin] Token received: 14d0caee8ae603ede7094d75bf94e7456b7b6d4686e17716dc0e8c56443fc459
[31-Jul-2025 21:40:42 Europe/Berlin] Token validated successfully
[31-Jul-2025 21:40:42 Europe/Berlin] Moving file from C:\xampp\tmp\php668E.tmp to uploads/interviews/9/conversation_turn_7_initial_answer.webm
[31-Jul-2025 21:40:42 Europe/Berlin] Database SQL: INSERT INTO tblinterviewrecordings 
            (REGISTRATIONID, QUESTION_NUMBER, FILE_PATH, DURATION, RECORDED_AT, CONVERSATION_TURN, QUESTION_TYPE) 
            VALUES 
            ('9', 1, 'uploads/interviews/9/conversation_turn_7_initial_answer.webm', 2.51, NOW(), 7, 'initial_answer')
[31-Jul-2025 21:40:42 Europe/Berlin] Upload completed successfully
[31-Jul-2025 21:40:42 Europe/Berlin] === Simple Upload Working Ended ===
[31-Jul-2025 21:40:45 Europe/Berlin] === Simple Upload Working Started ===
[31-Jul-2025 21:40:45 Europe/Berlin] Request Method: POST
[31-Jul-2025 21:40:45 Europe/Berlin] POST Data: {"conversationTurn":"7","questionType":"initial_answer","currentEssentialQuestion":"1","duration":"2.513","token":"14d0caee8ae603ede7094d75bf94e7456b7b6d4686e17716dc0e8c56443fc459","registrationId":"9"}
[31-Jul-2025 21:40:45 Europe/Berlin] FILES Data: {"video":{"name":"conversation_turn_7_initial_answer.webm","full_path":"conversation_turn_7_initial_answer.webm","type":"video\/webm","tmp_name":"C:\\xampp\\tmp\\php74D7.tmp","error":0,"size":321769}}
[31-Jul-2025 21:40:45 Europe/Berlin] Database connection successful
[31-Jul-2025 21:40:45 Europe/Berlin] Token received: 14d0caee8ae603ede7094d75bf94e7456b7b6d4686e17716dc0e8c56443fc459
[31-Jul-2025 21:40:45 Europe/Berlin] Token validated successfully
[31-Jul-2025 21:40:45 Europe/Berlin] Moving file from C:\xampp\tmp\php74D7.tmp to uploads/interviews/9/conversation_turn_7_initial_answer.webm
[31-Jul-2025 21:40:45 Europe/Berlin] Database SQL: INSERT INTO tblinterviewrecordings 
            (REGISTRATIONID, QUESTION_NUMBER, FILE_PATH, DURATION, RECORDED_AT, CONVERSATION_TURN, QUESTION_TYPE) 
            VALUES 
            ('9', 1, 'uploads/interviews/9/conversation_turn_7_initial_answer.webm', 2.513, NOW(), 7, 'initial_answer')
[31-Jul-2025 21:40:45 Europe/Berlin] Upload completed successfully
[31-Jul-2025 21:40:45 Europe/Berlin] === Simple Upload Working Ended ===
[31-Jul-2025 21:40:49 Europe/Berlin] === Simple Upload Working Started ===
[31-Jul-2025 21:40:49 Europe/Berlin] Request Method: POST
[31-Jul-2025 21:40:49 Europe/Berlin] POST Data: {"conversationTurn":"7","questionType":"initial_answer","currentEssentialQuestion":"1","duration":"2.518","token":"14d0caee8ae603ede7094d75bf94e7456b7b6d4686e17716dc0e8c56443fc459","registrationId":"9"}
[31-Jul-2025 21:40:49 Europe/Berlin] FILES Data: {"video":{"name":"conversation_turn_7_initial_answer.webm","full_path":"conversation_turn_7_initial_answer.webm","type":"video\/webm","tmp_name":"C:\\xampp\\tmp\\php8330.tmp","error":0,"size":322282}}
[31-Jul-2025 21:40:49 Europe/Berlin] Database connection successful
[31-Jul-2025 21:40:49 Europe/Berlin] Token received: 14d0caee8ae603ede7094d75bf94e7456b7b6d4686e17716dc0e8c56443fc459
[31-Jul-2025 21:40:49 Europe/Berlin] Token validated successfully
[31-Jul-2025 21:40:49 Europe/Berlin] Moving file from C:\xampp\tmp\php8330.tmp to uploads/interviews/9/conversation_turn_7_initial_answer.webm
[31-Jul-2025 21:40:49 Europe/Berlin] Database SQL: INSERT INTO tblinterviewrecordings 
            (REGISTRATIONID, QUESTION_NUMBER, FILE_PATH, DURATION, RECORDED_AT, CONVERSATION_TURN, QUESTION_TYPE) 
            VALUES 
            ('9', 1, 'uploads/interviews/9/conversation_turn_7_initial_answer.webm', 2.518, NOW(), 7, 'initial_answer')
[31-Jul-2025 21:40:49 Europe/Berlin] Upload completed successfully
[31-Jul-2025 21:40:49 Europe/Berlin] === Simple Upload Working Ended ===
[31-Jul-2025 21:40:53 Europe/Berlin] === Simple Upload Working Started ===
[31-Jul-2025 21:40:53 Europe/Berlin] Request Method: POST
[31-Jul-2025 21:40:53 Europe/Berlin] POST Data: {"conversationTurn":"7","questionType":"initial_answer","currentEssentialQuestion":"1","duration":"2.515","token":"14d0caee8ae603ede7094d75bf94e7456b7b6d4686e17716dc0e8c56443fc459","registrationId":"9"}
[31-Jul-2025 21:40:53 Europe/Berlin] FILES Data: {"video":{"name":"conversation_turn_7_initial_answer.webm","full_path":"conversation_turn_7_initial_answer.webm","type":"video\/webm","tmp_name":"C:\\xampp\\tmp\\php915A.tmp","error":0,"size":320456}}
[31-Jul-2025 21:40:53 Europe/Berlin] Database connection successful
[31-Jul-2025 21:40:53 Europe/Berlin] Token received: 14d0caee8ae603ede7094d75bf94e7456b7b6d4686e17716dc0e8c56443fc459
[31-Jul-2025 21:40:53 Europe/Berlin] Token validated successfully
[31-Jul-2025 21:40:53 Europe/Berlin] Moving file from C:\xampp\tmp\php915A.tmp to uploads/interviews/9/conversation_turn_7_initial_answer.webm
[31-Jul-2025 21:40:53 Europe/Berlin] Database SQL: INSERT INTO tblinterviewrecordings 
            (REGISTRATIONID, QUESTION_NUMBER, FILE_PATH, DURATION, RECORDED_AT, CONVERSATION_TURN, QUESTION_TYPE) 
            VALUES 
            ('9', 1, 'uploads/interviews/9/conversation_turn_7_initial_answer.webm', 2.515, NOW(), 7, 'initial_answer')
[31-Jul-2025 21:40:53 Europe/Berlin] Upload completed successfully
[31-Jul-2025 21:40:53 Europe/Berlin] === Simple Upload Working Ended ===
[31-Jul-2025 21:40:56 Europe/Berlin] === Simple Upload Working Started ===
[31-Jul-2025 21:40:56 Europe/Berlin] Request Method: POST
[31-Jul-2025 21:40:56 Europe/Berlin] POST Data: {"conversationTurn":"7","questionType":"initial_answer","currentEssentialQuestion":"1","duration":"2.517","token":"14d0caee8ae603ede7094d75bf94e7456b7b6d4686e17716dc0e8c56443fc459","registrationId":"9"}
[31-Jul-2025 21:40:56 Europe/Berlin] FILES Data: {"video":{"name":"conversation_turn_7_initial_answer.webm","full_path":"conversation_turn_7_initial_answer.webm","type":"video\/webm","tmp_name":"C:\\xampp\\tmp\\php9FD2.tmp","error":0,"size":323294}}
[31-Jul-2025 21:40:56 Europe/Berlin] Database connection successful
[31-Jul-2025 21:40:56 Europe/Berlin] Token received: 14d0caee8ae603ede7094d75bf94e7456b7b6d4686e17716dc0e8c56443fc459
[31-Jul-2025 21:40:56 Europe/Berlin] Token validated successfully
[31-Jul-2025 21:40:56 Europe/Berlin] Moving file from C:\xampp\tmp\php9FD2.tmp to uploads/interviews/9/conversation_turn_7_initial_answer.webm
[31-Jul-2025 21:40:57 Europe/Berlin] Database SQL: INSERT INTO tblinterviewrecordings 
            (REGISTRATIONID, QUESTION_NUMBER, FILE_PATH, DURATION, RECORDED_AT, CONVERSATION_TURN, QUESTION_TYPE) 
            VALUES 
            ('9', 1, 'uploads/interviews/9/conversation_turn_7_initial_answer.webm', 2.517, NOW(), 7, 'initial_answer')
[31-Jul-2025 21:40:57 Europe/Berlin] Upload completed successfully
[31-Jul-2025 21:40:57 Europe/Berlin] === Simple Upload Working Ended ===
[31-Jul-2025 21:41:00 Europe/Berlin] === Simple Upload Working Started ===
[31-Jul-2025 21:41:00 Europe/Berlin] Request Method: POST
[31-Jul-2025 21:41:00 Europe/Berlin] POST Data: {"conversationTurn":"7","questionType":"initial_answer","currentEssentialQuestion":"1","duration":"2.513","token":"14d0caee8ae603ede7094d75bf94e7456b7b6d4686e17716dc0e8c56443fc459","registrationId":"9"}
[31-Jul-2025 21:41:00 Europe/Berlin] FILES Data: {"video":{"name":"conversation_turn_7_initial_answer.webm","full_path":"conversation_turn_7_initial_answer.webm","type":"video\/webm","tmp_name":"C:\\xampp\\tmp\\phpAE0B.tmp","error":0,"size":324350}}
[31-Jul-2025 21:41:00 Europe/Berlin] Database connection successful
[31-Jul-2025 21:41:00 Europe/Berlin] Token received: 14d0caee8ae603ede7094d75bf94e7456b7b6d4686e17716dc0e8c56443fc459
[31-Jul-2025 21:41:00 Europe/Berlin] Token validated successfully
[31-Jul-2025 21:41:00 Europe/Berlin] Moving file from C:\xampp\tmp\phpAE0B.tmp to uploads/interviews/9/conversation_turn_7_initial_answer.webm
[31-Jul-2025 21:41:00 Europe/Berlin] Database SQL: INSERT INTO tblinterviewrecordings 
            (REGISTRATIONID, QUESTION_NUMBER, FILE_PATH, DURATION, RECORDED_AT, CONVERSATION_TURN, QUESTION_TYPE) 
            VALUES 
            ('9', 1, 'uploads/interviews/9/conversation_turn_7_initial_answer.webm', 2.513, NOW(), 7, 'initial_answer')
[31-Jul-2025 21:41:00 Europe/Berlin] Upload completed successfully
[31-Jul-2025 21:41:00 Europe/Berlin] === Simple Upload Working Ended ===
[31-Jul-2025 21:41:04 Europe/Berlin] === Simple Upload Working Started ===
[31-Jul-2025 21:41:04 Europe/Berlin] Request Method: POST
[31-Jul-2025 21:41:04 Europe/Berlin] POST Data: {"conversationTurn":"7","questionType":"initial_answer","currentEssentialQuestion":"1","duration":"2.526","token":"14d0caee8ae603ede7094d75bf94e7456b7b6d4686e17716dc0e8c56443fc459","registrationId":"9"}
[31-Jul-2025 21:41:04 Europe/Berlin] FILES Data: {"video":{"name":"conversation_turn_7_initial_answer.webm","full_path":"conversation_turn_7_initial_answer.webm","type":"video\/webm","tmp_name":"C:\\xampp\\tmp\\phpBC93.tmp","error":0,"size":321771}}
[31-Jul-2025 21:41:04 Europe/Berlin] Database connection successful
[31-Jul-2025 21:41:04 Europe/Berlin] Token received: 14d0caee8ae603ede7094d75bf94e7456b7b6d4686e17716dc0e8c56443fc459
[31-Jul-2025 21:41:04 Europe/Berlin] Token validated successfully
[31-Jul-2025 21:41:04 Europe/Berlin] Moving file from C:\xampp\tmp\phpBC93.tmp to uploads/interviews/9/conversation_turn_7_initial_answer.webm
[31-Jul-2025 21:41:04 Europe/Berlin] Database SQL: INSERT INTO tblinterviewrecordings 
            (REGISTRATIONID, QUESTION_NUMBER, FILE_PATH, DURATION, RECORDED_AT, CONVERSATION_TURN, QUESTION_TYPE) 
            VALUES 
            ('9', 1, 'uploads/interviews/9/conversation_turn_7_initial_answer.webm', 2.526, NOW(), 7, 'initial_answer')
[31-Jul-2025 21:41:04 Europe/Berlin] Upload completed successfully
[31-Jul-2025 21:41:04 Europe/Berlin] === Simple Upload Working Ended ===
[31-Jul-2025 21:41:07 Europe/Berlin] === Simple Upload Working Started ===
[31-Jul-2025 21:41:07 Europe/Berlin] Request Method: POST
[31-Jul-2025 21:41:07 Europe/Berlin] POST Data: {"conversationTurn":"7","questionType":"initial_answer","currentEssentialQuestion":"1","duration":"2.518","token":"14d0caee8ae603ede7094d75bf94e7456b7b6d4686e17716dc0e8c56443fc459","registrationId":"9"}
[31-Jul-2025 21:41:07 Europe/Berlin] FILES Data: {"video":{"name":"conversation_turn_7_initial_answer.webm","full_path":"conversation_turn_7_initial_answer.webm","type":"video\/webm","tmp_name":"C:\\xampp\\tmp\\phpCAEC.tmp","error":0,"size":305530}}
[31-Jul-2025 21:41:08 Europe/Berlin] Database connection successful
[31-Jul-2025 21:41:08 Europe/Berlin] Token received: 14d0caee8ae603ede7094d75bf94e7456b7b6d4686e17716dc0e8c56443fc459
[31-Jul-2025 21:41:08 Europe/Berlin] Token validated successfully
[31-Jul-2025 21:41:08 Europe/Berlin] Moving file from C:\xampp\tmp\phpCAEC.tmp to uploads/interviews/9/conversation_turn_7_initial_answer.webm
[31-Jul-2025 21:41:08 Europe/Berlin] Database SQL: INSERT INTO tblinterviewrecordings 
            (REGISTRATIONID, QUESTION_NUMBER, FILE_PATH, DURATION, RECORDED_AT, CONVERSATION_TURN, QUESTION_TYPE) 
            VALUES 
            ('9', 1, 'uploads/interviews/9/conversation_turn_7_initial_answer.webm', 2.518, NOW(), 7, 'initial_answer')
[31-Jul-2025 21:41:08 Europe/Berlin] Upload completed successfully
[31-Jul-2025 21:41:08 Europe/Berlin] === Simple Upload Working Ended ===
[31-Jul-2025 21:41:11 Europe/Berlin] === Simple Upload Working Started ===
[31-Jul-2025 21:41:11 Europe/Berlin] Request Method: POST
[31-Jul-2025 21:41:11 Europe/Berlin] POST Data: {"conversationTurn":"7","questionType":"initial_answer","currentEssentialQuestion":"1","duration":"2.517","token":"14d0caee8ae603ede7094d75bf94e7456b7b6d4686e17716dc0e8c56443fc459","registrationId":"9"}
[31-Jul-2025 21:41:11 Europe/Berlin] FILES Data: {"video":{"name":"conversation_turn_7_initial_answer.webm","full_path":"conversation_turn_7_initial_answer.webm","type":"video\/webm","tmp_name":"C:\\xampp\\tmp\\phpD935.tmp","error":0,"size":319067}}
[31-Jul-2025 21:41:11 Europe/Berlin] Database connection successful
[31-Jul-2025 21:41:11 Europe/Berlin] Token received: 14d0caee8ae603ede7094d75bf94e7456b7b6d4686e17716dc0e8c56443fc459
[31-Jul-2025 21:41:11 Europe/Berlin] Token validated successfully
[31-Jul-2025 21:41:11 Europe/Berlin] Moving file from C:\xampp\tmp\phpD935.tmp to uploads/interviews/9/conversation_turn_7_initial_answer.webm
[31-Jul-2025 21:41:11 Europe/Berlin] Database SQL: INSERT INTO tblinterviewrecordings 
            (REGISTRATIONID, QUESTION_NUMBER, FILE_PATH, DURATION, RECORDED_AT, CONVERSATION_TURN, QUESTION_TYPE) 
            VALUES 
            ('9', 1, 'uploads/interviews/9/conversation_turn_7_initial_answer.webm', 2.517, NOW(), 7, 'initial_answer')
[31-Jul-2025 21:41:11 Europe/Berlin] Upload completed successfully
[31-Jul-2025 21:41:11 Europe/Berlin] === Simple Upload Working Ended ===
[31-Jul-2025 21:41:15 Europe/Berlin] === Simple Upload Working Started ===
[31-Jul-2025 21:41:15 Europe/Berlin] Request Method: POST
[31-Jul-2025 21:41:15 Europe/Berlin] POST Data: {"conversationTurn":"7","questionType":"initial_answer","currentEssentialQuestion":"1","duration":"2.511","token":"14d0caee8ae603ede7094d75bf94e7456b7b6d4686e17716dc0e8c56443fc459","registrationId":"9"}
[31-Jul-2025 21:41:15 Europe/Berlin] FILES Data: {"video":{"name":"conversation_turn_7_initial_answer.webm","full_path":"conversation_turn_7_initial_answer.webm","type":"video\/webm","tmp_name":"C:\\xampp\\tmp\\phpE77F.tmp","error":0,"size":341680}}
[31-Jul-2025 21:41:15 Europe/Berlin] Database connection successful
[31-Jul-2025 21:41:15 Europe/Berlin] Token received: 14d0caee8ae603ede7094d75bf94e7456b7b6d4686e17716dc0e8c56443fc459
[31-Jul-2025 21:41:15 Europe/Berlin] Token validated successfully
[31-Jul-2025 21:41:15 Europe/Berlin] Moving file from C:\xampp\tmp\phpE77F.tmp to uploads/interviews/9/conversation_turn_7_initial_answer.webm
[31-Jul-2025 21:41:15 Europe/Berlin] Database SQL: INSERT INTO tblinterviewrecordings 
            (REGISTRATIONID, QUESTION_NUMBER, FILE_PATH, DURATION, RECORDED_AT, CONVERSATION_TURN, QUESTION_TYPE) 
            VALUES 
            ('9', 1, 'uploads/interviews/9/conversation_turn_7_initial_answer.webm', 2.511, NOW(), 7, 'initial_answer')
[31-Jul-2025 21:41:15 Europe/Berlin] Upload completed successfully
[31-Jul-2025 21:41:15 Europe/Berlin] === Simple Upload Working Ended ===
[31-Jul-2025 21:41:18 Europe/Berlin] === Simple Upload Working Started ===
[31-Jul-2025 21:41:18 Europe/Berlin] Request Method: POST
[31-Jul-2025 21:41:18 Europe/Berlin] POST Data: {"conversationTurn":"7","questionType":"initial_answer","currentEssentialQuestion":"1","duration":"2.516","token":"14d0caee8ae603ede7094d75bf94e7456b7b6d4686e17716dc0e8c56443fc459","registrationId":"9"}
[31-Jul-2025 21:41:18 Europe/Berlin] FILES Data: {"video":{"name":"conversation_turn_7_initial_answer.webm","full_path":"conversation_turn_7_initial_answer.webm","type":"video\/webm","tmp_name":"C:\\xampp\\tmp\\phpF5C8.tmp","error":0,"size":320852}}
[31-Jul-2025 21:41:18 Europe/Berlin] Database connection successful
[31-Jul-2025 21:41:18 Europe/Berlin] Token received: 14d0caee8ae603ede7094d75bf94e7456b7b6d4686e17716dc0e8c56443fc459
[31-Jul-2025 21:41:18 Europe/Berlin] Token validated successfully
[31-Jul-2025 21:41:18 Europe/Berlin] Moving file from C:\xampp\tmp\phpF5C8.tmp to uploads/interviews/9/conversation_turn_7_initial_answer.webm
[31-Jul-2025 21:41:18 Europe/Berlin] Database SQL: INSERT INTO tblinterviewrecordings 
            (REGISTRATIONID, QUESTION_NUMBER, FILE_PATH, DURATION, RECORDED_AT, CONVERSATION_TURN, QUESTION_TYPE) 
            VALUES 
            ('9', 1, 'uploads/interviews/9/conversation_turn_7_initial_answer.webm', 2.516, NOW(), 7, 'initial_answer')
[31-Jul-2025 21:41:18 Europe/Berlin] Upload completed successfully
[31-Jul-2025 21:41:18 Europe/Berlin] === Simple Upload Working Ended ===
[31-Jul-2025 21:41:22 Europe/Berlin] === Simple Upload Working Started ===
[31-Jul-2025 21:41:22 Europe/Berlin] Request Method: POST
[31-Jul-2025 21:41:22 Europe/Berlin] POST Data: {"conversationTurn":"7","questionType":"initial_answer","currentEssentialQuestion":"1","duration":"2.51","token":"14d0caee8ae603ede7094d75bf94e7456b7b6d4686e17716dc0e8c56443fc459","registrationId":"9"}
[31-Jul-2025 21:41:22 Europe/Berlin] FILES Data: {"video":{"name":"conversation_turn_7_initial_answer.webm","full_path":"conversation_turn_7_initial_answer.webm","type":"video\/webm","tmp_name":"C:\\xampp\\tmp\\php411.tmp","error":0,"size":323733}}
[31-Jul-2025 21:41:22 Europe/Berlin] Database connection successful
[31-Jul-2025 21:41:22 Europe/Berlin] Token received: 14d0caee8ae603ede7094d75bf94e7456b7b6d4686e17716dc0e8c56443fc459
[31-Jul-2025 21:41:22 Europe/Berlin] Token validated successfully
[31-Jul-2025 21:41:22 Europe/Berlin] Moving file from C:\xampp\tmp\php411.tmp to uploads/interviews/9/conversation_turn_7_initial_answer.webm
[31-Jul-2025 21:41:22 Europe/Berlin] Database SQL: INSERT INTO tblinterviewrecordings 
            (REGISTRATIONID, QUESTION_NUMBER, FILE_PATH, DURATION, RECORDED_AT, CONVERSATION_TURN, QUESTION_TYPE) 
            VALUES 
            ('9', 1, 'uploads/interviews/9/conversation_turn_7_initial_answer.webm', 2.51, NOW(), 7, 'initial_answer')
[31-Jul-2025 21:41:22 Europe/Berlin] Upload completed successfully
[31-Jul-2025 21:41:22 Europe/Berlin] === Simple Upload Working Ended ===
[31-Jul-2025 21:41:26 Europe/Berlin] === Simple Upload Working Started ===
[31-Jul-2025 21:41:26 Europe/Berlin] Request Method: POST
[31-Jul-2025 21:41:26 Europe/Berlin] POST Data: {"conversationTurn":"7","questionType":"initial_answer","currentEssentialQuestion":"1","duration":"2.515","token":"14d0caee8ae603ede7094d75bf94e7456b7b6d4686e17716dc0e8c56443fc459","registrationId":"9"}
[31-Jul-2025 21:41:26 Europe/Berlin] FILES Data: {"video":{"name":"conversation_turn_7_initial_answer.webm","full_path":"conversation_turn_7_initial_answer.webm","type":"video\/webm","tmp_name":"C:\\xampp\\tmp\\php1299.tmp","error":0,"size":323110}}
[31-Jul-2025 21:41:26 Europe/Berlin] Database connection successful
[31-Jul-2025 21:41:26 Europe/Berlin] Token received: 14d0caee8ae603ede7094d75bf94e7456b7b6d4686e17716dc0e8c56443fc459
[31-Jul-2025 21:41:26 Europe/Berlin] Token validated successfully
[31-Jul-2025 21:41:26 Europe/Berlin] Moving file from C:\xampp\tmp\php1299.tmp to uploads/interviews/9/conversation_turn_7_initial_answer.webm
[31-Jul-2025 21:41:26 Europe/Berlin] Database SQL: INSERT INTO tblinterviewrecordings 
            (REGISTRATIONID, QUESTION_NUMBER, FILE_PATH, DURATION, RECORDED_AT, CONVERSATION_TURN, QUESTION_TYPE) 
            VALUES 
            ('9', 1, 'uploads/interviews/9/conversation_turn_7_initial_answer.webm', 2.515, NOW(), 7, 'initial_answer')
[31-Jul-2025 21:41:26 Europe/Berlin] Upload completed successfully
[31-Jul-2025 21:41:26 Europe/Berlin] === Simple Upload Working Ended ===
[31-Jul-2025 21:41:29 Europe/Berlin] === Simple Upload Working Started ===
[31-Jul-2025 21:41:29 Europe/Berlin] Request Method: POST
[31-Jul-2025 21:41:29 Europe/Berlin] POST Data: {"conversationTurn":"7","questionType":"initial_answer","currentEssentialQuestion":"1","duration":"2.512","token":"14d0caee8ae603ede7094d75bf94e7456b7b6d4686e17716dc0e8c56443fc459","registrationId":"9"}
[31-Jul-2025 21:41:29 Europe/Berlin] FILES Data: {"video":{"name":"conversation_turn_7_initial_answer.webm","full_path":"conversation_turn_7_initial_answer.webm","type":"video\/webm","tmp_name":"C:\\xampp\\tmp\\php20A4.tmp","error":0,"size":338901}}
[31-Jul-2025 21:41:29 Europe/Berlin] Database connection successful
[31-Jul-2025 21:41:29 Europe/Berlin] Token received: 14d0caee8ae603ede7094d75bf94e7456b7b6d4686e17716dc0e8c56443fc459
[31-Jul-2025 21:41:29 Europe/Berlin] Token validated successfully
[31-Jul-2025 21:41:29 Europe/Berlin] Moving file from C:\xampp\tmp\php20A4.tmp to uploads/interviews/9/conversation_turn_7_initial_answer.webm
[31-Jul-2025 21:41:29 Europe/Berlin] Database SQL: INSERT INTO tblinterviewrecordings 
            (REGISTRATIONID, QUESTION_NUMBER, FILE_PATH, DURATION, RECORDED_AT, CONVERSATION_TURN, QUESTION_TYPE) 
            VALUES 
            ('9', 1, 'uploads/interviews/9/conversation_turn_7_initial_answer.webm', 2.512, NOW(), 7, 'initial_answer')
[31-Jul-2025 21:41:29 Europe/Berlin] Upload completed successfully
[31-Jul-2025 21:41:29 Europe/Berlin] === Simple Upload Working Ended ===
[31-Jul-2025 21:41:33 Europe/Berlin] === Simple Upload Working Started ===
[31-Jul-2025 21:41:33 Europe/Berlin] Request Method: POST
[31-Jul-2025 21:41:33 Europe/Berlin] POST Data: {"conversationTurn":"7","questionType":"initial_answer","currentEssentialQuestion":"1","duration":"2.512","token":"14d0caee8ae603ede7094d75bf94e7456b7b6d4686e17716dc0e8c56443fc459","registrationId":"9"}
[31-Jul-2025 21:41:33 Europe/Berlin] FILES Data: {"video":{"name":"conversation_turn_7_initial_answer.webm","full_path":"conversation_turn_7_initial_answer.webm","type":"video\/webm","tmp_name":"C:\\xampp\\tmp\\php2F1C.tmp","error":0,"size":319893}}
[31-Jul-2025 21:41:33 Europe/Berlin] Database connection successful
[31-Jul-2025 21:41:33 Europe/Berlin] Token received: 14d0caee8ae603ede7094d75bf94e7456b7b6d4686e17716dc0e8c56443fc459
[31-Jul-2025 21:41:33 Europe/Berlin] Token validated successfully
[31-Jul-2025 21:41:33 Europe/Berlin] Moving file from C:\xampp\tmp\php2F1C.tmp to uploads/interviews/9/conversation_turn_7_initial_answer.webm
[31-Jul-2025 21:41:33 Europe/Berlin] Database SQL: INSERT INTO tblinterviewrecordings 
            (REGISTRATIONID, QUESTION_NUMBER, FILE_PATH, DURATION, RECORDED_AT, CONVERSATION_TURN, QUESTION_TYPE) 
            VALUES 
            ('9', 1, 'uploads/interviews/9/conversation_turn_7_initial_answer.webm', 2.512, NOW(), 7, 'initial_answer')
[31-Jul-2025 21:41:33 Europe/Berlin] Upload completed successfully
[31-Jul-2025 21:41:33 Europe/Berlin] === Simple Upload Working Ended ===
[31-Jul-2025 22:07:15 Europe/Berlin] === Simple Upload Working Started ===
[31-Jul-2025 22:07:15 Europe/Berlin] Request Method: POST
[31-Jul-2025 22:07:15 Europe/Berlin] POST Data: {"conversationTurn":"1","questionType":"initial_answer","currentEssentialQuestion":"0","duration":"2.553","token":"3b01907a74f3b222e7d55fcef7d1237db7390890fc8b917992199e0bdd37a97b","registrationId":"9"}
[31-Jul-2025 22:07:15 Europe/Berlin] FILES Data: {"video":{"name":"conversation_turn_1_initial_answer.webm","full_path":"conversation_turn_1_initial_answer.webm","type":"video\/webm","tmp_name":"C:\\xampp\\tmp\\php87CF.tmp","error":0,"size":325509}}
[31-Jul-2025 22:07:15 Europe/Berlin] Database connection successful
[31-Jul-2025 22:07:15 Europe/Berlin] Token received: 3b01907a74f3b222e7d55fcef7d1237db7390890fc8b917992199e0bdd37a97b
[31-Jul-2025 22:07:15 Europe/Berlin] Token validated successfully
[31-Jul-2025 22:07:15 Europe/Berlin] Moving file from C:\xampp\tmp\php87CF.tmp to uploads/interviews/9/conversation_turn_1_initial_answer.webm
[31-Jul-2025 22:07:15 Europe/Berlin] Database SQL: INSERT INTO tblinterviewrecordings 
            (REGISTRATIONID, QUESTION_NUMBER, FILE_PATH, DURATION, RECORDED_AT, CONVERSATION_TURN, QUESTION_TYPE) 
            VALUES 
            ('9', 0, 'uploads/interviews/9/conversation_turn_1_initial_answer.webm', 2.553, NOW(), 1, 'initial_answer')
[31-Jul-2025 22:07:15 Europe/Berlin] Upload completed successfully
[31-Jul-2025 22:07:15 Europe/Berlin] === Simple Upload Working Ended ===
[31-Jul-2025 22:07:24 Europe/Berlin] === Simple Upload Working Started ===
[31-Jul-2025 22:07:24 Europe/Berlin] Request Method: POST
[31-Jul-2025 22:07:24 Europe/Berlin] POST Data: {"conversationTurn":"1","questionType":"initial_answer","currentEssentialQuestion":"0","duration":"7.836","token":"3b01907a74f3b222e7d55fcef7d1237db7390890fc8b917992199e0bdd37a97b","registrationId":"9"}
[31-Jul-2025 22:07:24 Europe/Berlin] FILES Data: {"video":{"name":"conversation_turn_1_initial_answer.webm","full_path":"conversation_turn_1_initial_answer.webm","type":"video\/webm","tmp_name":"C:\\xampp\\tmp\\phpAABA.tmp","error":0,"size":1167694}}
[31-Jul-2025 22:07:24 Europe/Berlin] Database connection successful
[31-Jul-2025 22:07:24 Europe/Berlin] Token received: 3b01907a74f3b222e7d55fcef7d1237db7390890fc8b917992199e0bdd37a97b
[31-Jul-2025 22:07:24 Europe/Berlin] Token validated successfully
[31-Jul-2025 22:07:24 Europe/Berlin] Moving file from C:\xampp\tmp\phpAABA.tmp to uploads/interviews/9/conversation_turn_1_initial_answer.webm
[31-Jul-2025 22:07:24 Europe/Berlin] Database SQL: INSERT INTO tblinterviewrecordings 
            (REGISTRATIONID, QUESTION_NUMBER, FILE_PATH, DURATION, RECORDED_AT, CONVERSATION_TURN, QUESTION_TYPE) 
            VALUES 
            ('9', 0, 'uploads/interviews/9/conversation_turn_1_initial_answer.webm', 7.836, NOW(), 1, 'initial_answer')
[31-Jul-2025 22:07:24 Europe/Berlin] Upload completed successfully
[31-Jul-2025 22:07:24 Europe/Berlin] === Simple Upload Working Ended ===
[31-Jul-2025 22:07:50 Europe/Berlin] === Simple Upload Working Started ===
[31-Jul-2025 22:07:50 Europe/Berlin] Request Method: POST
[31-Jul-2025 22:07:50 Europe/Berlin] POST Data: {"conversationTurn":"1","questionType":"initial_answer","currentEssentialQuestion":"0","duration":"2.518","token":"3b01907a74f3b222e7d55fcef7d1237db7390890fc8b917992199e0bdd37a97b","registrationId":"9"}
[31-Jul-2025 22:07:50 Europe/Berlin] FILES Data: {"video":{"name":"conversation_turn_1_initial_answer.webm","full_path":"conversation_turn_1_initial_answer.webm","type":"video\/webm","tmp_name":"C:\\xampp\\tmp\\phpFFD.tmp","error":0,"size":323961}}
[31-Jul-2025 22:07:50 Europe/Berlin] Database connection successful
[31-Jul-2025 22:07:50 Europe/Berlin] Token received: 3b01907a74f3b222e7d55fcef7d1237db7390890fc8b917992199e0bdd37a97b
[31-Jul-2025 22:07:50 Europe/Berlin] Token validated successfully
[31-Jul-2025 22:07:50 Europe/Berlin] Moving file from C:\xampp\tmp\phpFFD.tmp to uploads/interviews/9/conversation_turn_1_initial_answer.webm
[31-Jul-2025 22:07:50 Europe/Berlin] Database SQL: INSERT INTO tblinterviewrecordings 
            (REGISTRATIONID, QUESTION_NUMBER, FILE_PATH, DURATION, RECORDED_AT, CONVERSATION_TURN, QUESTION_TYPE) 
            VALUES 
            ('9', 0, 'uploads/interviews/9/conversation_turn_1_initial_answer.webm', 2.518, NOW(), 1, 'initial_answer')
[31-Jul-2025 22:07:50 Europe/Berlin] Upload completed successfully
[31-Jul-2025 22:07:50 Europe/Berlin] === Simple Upload Working Ended ===
[31-Jul-2025 22:07:57 Europe/Berlin] === Simple Upload Working Started ===
[31-Jul-2025 22:07:57 Europe/Berlin] Request Method: POST
[31-Jul-2025 22:07:57 Europe/Berlin] POST Data: {"conversationTurn":"2","questionType":"feedback_response","currentEssentialQuestion":"0","duration":"6.397","token":"3b01907a74f3b222e7d55fcef7d1237db7390890fc8b917992199e0bdd37a97b","registrationId":"9"}
[31-Jul-2025 22:07:57 Europe/Berlin] FILES Data: {"video":{"name":"conversation_turn_2_feedback_response.webm","full_path":"conversation_turn_2_feedback_response.webm","type":"video\/webm","tmp_name":"C:\\xampp\\tmp\\php2D69.tmp","error":0,"size":942303}}
[31-Jul-2025 22:07:57 Europe/Berlin] Database connection successful
[31-Jul-2025 22:07:57 Europe/Berlin] Token received: 3b01907a74f3b222e7d55fcef7d1237db7390890fc8b917992199e0bdd37a97b
[31-Jul-2025 22:07:57 Europe/Berlin] Token validated successfully
[31-Jul-2025 22:07:57 Europe/Berlin] Moving file from C:\xampp\tmp\php2D69.tmp to uploads/interviews/9/conversation_turn_2_feedback_response.webm
[31-Jul-2025 22:07:57 Europe/Berlin] Database SQL: INSERT INTO tblinterviewrecordings 
            (REGISTRATIONID, QUESTION_NUMBER, FILE_PATH, DURATION, RECORDED_AT, CONVERSATION_TURN, QUESTION_TYPE) 
            VALUES 
            ('9', 0, 'uploads/interviews/9/conversation_turn_2_feedback_response.webm', 6.397, NOW(), 2, 'feedback_response')
[31-Jul-2025 22:07:57 Europe/Berlin] Upload completed successfully
[31-Jul-2025 22:07:57 Europe/Berlin] === Simple Upload Working Ended ===
[31-Jul-2025 22:31:37 Europe/Berlin] === Simple Upload Working Started ===
[31-Jul-2025 22:31:37 Europe/Berlin] Request Method: POST
[31-Jul-2025 22:31:37 Europe/Berlin] POST Data: {"conversationTurn":"2","questionType":"feedback_response","currentEssentialQuestion":"0","duration":"18.535","token":"43864d6989eb9e7e2441d4178c177135bda938509d8ac2f079d01ad43f36a674","registrationId":"9"}
[31-Jul-2025 22:31:37 Europe/Berlin] FILES Data: {"video":{"name":"conversation_turn_2_feedback_response.webm","full_path":"conversation_turn_2_feedback_response.webm","type":"video\/webm","tmp_name":"C:\\xampp\\tmp\\phpD83A.tmp","error":0,"size":2748969}}
[31-Jul-2025 22:31:37 Europe/Berlin] Database connection successful
[31-Jul-2025 22:31:37 Europe/Berlin] Token received: 43864d6989eb9e7e2441d4178c177135bda938509d8ac2f079d01ad43f36a674
[31-Jul-2025 22:31:37 Europe/Berlin] Token validated successfully
[31-Jul-2025 22:31:37 Europe/Berlin] Moving file from C:\xampp\tmp\phpD83A.tmp to uploads/interviews/9/conversation_turn_2_feedback_response.webm
[31-Jul-2025 22:31:37 Europe/Berlin] Database SQL: INSERT INTO tblinterviewrecordings 
            (REGISTRATIONID, QUESTION_NUMBER, FILE_PATH, DURATION, RECORDED_AT, CONVERSATION_TURN, QUESTION_TYPE, TRANSCRIPT) 
            VALUES 
            ('9', 0, 'uploads/interviews/9/conversation_turn_2_feedback_response.webm', 18.535, NOW(), 2, 'feedback_response', '')
[31-Jul-2025 22:31:37 Europe/Berlin] Error in simple upload working: Unknown column 'TRANSCRIPT' in 'field list'
[31-Jul-2025 22:31:37 Europe/Berlin] Stack trace: #0 C:\xampp\htdocs\eris\simple-upload-working.php(123): mysqli_query(Object(mysqli), 'INSERT INTO tbl...')
#1 {main}
[31-Jul-2025 22:31:37 Europe/Berlin] === Simple Upload Working Ended ===
[31-Jul-2025 22:32:07 Europe/Berlin] === Simple Upload Working Started ===
[31-Jul-2025 22:32:07 Europe/Berlin] Request Method: POST
[31-Jul-2025 22:32:07 Europe/Berlin] POST Data: {"conversationTurn":"3","questionType":"feedback_response","currentEssentialQuestion":"0","duration":"19.949","token":"43864d6989eb9e7e2441d4178c177135bda938509d8ac2f079d01ad43f36a674","registrationId":"9"}
[31-Jul-2025 22:32:07 Europe/Berlin] FILES Data: {"video":{"name":"conversation_turn_3_feedback_response.webm","full_path":"conversation_turn_3_feedback_response.webm","type":"video\/webm","tmp_name":"C:\\xampp\\tmp\\php4A20.tmp","error":0,"size":2959792}}
[31-Jul-2025 22:32:07 Europe/Berlin] Database connection successful
[31-Jul-2025 22:32:07 Europe/Berlin] Token received: 43864d6989eb9e7e2441d4178c177135bda938509d8ac2f079d01ad43f36a674
[31-Jul-2025 22:32:07 Europe/Berlin] Token validated successfully
[31-Jul-2025 22:32:07 Europe/Berlin] Moving file from C:\xampp\tmp\php4A20.tmp to uploads/interviews/9/conversation_turn_3_feedback_response.webm
[31-Jul-2025 22:32:07 Europe/Berlin] Database SQL: INSERT INTO tblinterviewrecordings 
            (REGISTRATIONID, QUESTION_NUMBER, FILE_PATH, DURATION, RECORDED_AT, CONVERSATION_TURN, QUESTION_TYPE, TRANSCRIPT) 
            VALUES 
            ('9', 0, 'uploads/interviews/9/conversation_turn_3_feedback_response.webm', 19.949, NOW(), 3, 'feedback_response', '')
[31-Jul-2025 22:32:07 Europe/Berlin] Error in simple upload working: Unknown column 'TRANSCRIPT' in 'field list'
[31-Jul-2025 22:32:07 Europe/Berlin] Stack trace: #0 C:\xampp\htdocs\eris\simple-upload-working.php(123): mysqli_query(Object(mysqli), 'INSERT INTO tbl...')
#1 {main}
[31-Jul-2025 22:32:07 Europe/Berlin] === Simple Upload Working Ended ===
[31-Jul-2025 22:32:19 Europe/Berlin] === Simple Upload Working Started ===
[31-Jul-2025 22:32:19 Europe/Berlin] Request Method: POST
[31-Jul-2025 22:32:19 Europe/Berlin] POST Data: {"conversationTurn":"3","questionType":"feedback_response","currentEssentialQuestion":"0","duration":"2.516","token":"43864d6989eb9e7e2441d4178c177135bda938509d8ac2f079d01ad43f36a674","registrationId":"9"}
[31-Jul-2025 22:32:19 Europe/Berlin] FILES Data: {"video":{"name":"conversation_turn_3_feedback_response.webm","full_path":"conversation_turn_3_feedback_response.webm","type":"video\/webm","tmp_name":"C:\\xampp\\tmp\\php7BC0.tmp","error":0,"size":325569}}
[31-Jul-2025 22:32:19 Europe/Berlin] Database connection successful
[31-Jul-2025 22:32:19 Europe/Berlin] Token received: 43864d6989eb9e7e2441d4178c177135bda938509d8ac2f079d01ad43f36a674
[31-Jul-2025 22:32:19 Europe/Berlin] Token validated successfully
[31-Jul-2025 22:32:19 Europe/Berlin] Moving file from C:\xampp\tmp\php7BC0.tmp to uploads/interviews/9/conversation_turn_3_feedback_response.webm
[31-Jul-2025 22:32:19 Europe/Berlin] Database SQL: INSERT INTO tblinterviewrecordings 
            (REGISTRATIONID, QUESTION_NUMBER, FILE_PATH, DURATION, RECORDED_AT, CONVERSATION_TURN, QUESTION_TYPE, TRANSCRIPT) 
            VALUES 
            ('9', 0, 'uploads/interviews/9/conversation_turn_3_feedback_response.webm', 2.516, NOW(), 3, 'feedback_response', '')
[31-Jul-2025 22:32:19 Europe/Berlin] Error in simple upload working: Unknown column 'TRANSCRIPT' in 'field list'
[31-Jul-2025 22:32:19 Europe/Berlin] Stack trace: #0 C:\xampp\htdocs\eris\simple-upload-working.php(123): mysqli_query(Object(mysqli), 'INSERT INTO tbl...')
#1 {main}
[31-Jul-2025 22:32:19 Europe/Berlin] === Simple Upload Working Ended ===
[31-Jul-2025 22:32:24 Europe/Berlin] === Simple Upload Working Started ===
[31-Jul-2025 22:32:24 Europe/Berlin] Request Method: POST
[31-Jul-2025 22:32:24 Europe/Berlin] POST Data: {"conversationTurn":"4","questionType":"feedback_response","currentEssentialQuestion":"0","duration":"3.061","token":"43864d6989eb9e7e2441d4178c177135bda938509d8ac2f079d01ad43f36a674","registrationId":"9"}
[31-Jul-2025 22:32:24 Europe/Berlin] FILES Data: {"video":{"name":"conversation_turn_4_feedback_response.webm","full_path":"conversation_turn_4_feedback_response.webm","type":"video\/webm","tmp_name":"C:\\xampp\\tmp\\php8C5B.tmp","error":0,"size":414088}}
[31-Jul-2025 22:32:24 Europe/Berlin] Database connection successful
[31-Jul-2025 22:32:24 Europe/Berlin] Token received: 43864d6989eb9e7e2441d4178c177135bda938509d8ac2f079d01ad43f36a674
[31-Jul-2025 22:32:24 Europe/Berlin] Token validated successfully
[31-Jul-2025 22:32:24 Europe/Berlin] Moving file from C:\xampp\tmp\php8C5B.tmp to uploads/interviews/9/conversation_turn_4_feedback_response.webm
[31-Jul-2025 22:32:24 Europe/Berlin] Database SQL: INSERT INTO tblinterviewrecordings 
            (REGISTRATIONID, QUESTION_NUMBER, FILE_PATH, DURATION, RECORDED_AT, CONVERSATION_TURN, QUESTION_TYPE, TRANSCRIPT) 
            VALUES 
            ('9', 0, 'uploads/interviews/9/conversation_turn_4_feedback_response.webm', 3.061, NOW(), 4, 'feedback_response', '')
[31-Jul-2025 22:32:24 Europe/Berlin] Error in simple upload working: Unknown column 'TRANSCRIPT' in 'field list'
[31-Jul-2025 22:32:24 Europe/Berlin] Stack trace: #0 C:\xampp\htdocs\eris\simple-upload-working.php(123): mysqli_query(Object(mysqli), 'INSERT INTO tbl...')
#1 {main}
[31-Jul-2025 22:32:24 Europe/Berlin] === Simple Upload Working Ended ===
[31-Jul-2025 22:32:35 Europe/Berlin] === Simple Upload Working Started ===
[31-Jul-2025 22:32:35 Europe/Berlin] Request Method: POST
[31-Jul-2025 22:32:35 Europe/Berlin] POST Data: {"conversationTurn":"4","questionType":"feedback_response","currentEssentialQuestion":"0","duration":"2.522","token":"43864d6989eb9e7e2441d4178c177135bda938509d8ac2f079d01ad43f36a674","registrationId":"9"}
[31-Jul-2025 22:32:35 Europe/Berlin] FILES Data: {"video":{"name":"conversation_turn_4_feedback_response.webm","full_path":"conversation_turn_4_feedback_response.webm","type":"video\/webm","tmp_name":"C:\\xampp\\tmp\\phpBA90.tmp","error":0,"size":324295}}
[31-Jul-2025 22:32:35 Europe/Berlin] Database connection successful
[31-Jul-2025 22:32:35 Europe/Berlin] Token received: 43864d6989eb9e7e2441d4178c177135bda938509d8ac2f079d01ad43f36a674
[31-Jul-2025 22:32:35 Europe/Berlin] Token validated successfully
[31-Jul-2025 22:32:35 Europe/Berlin] Moving file from C:\xampp\tmp\phpBA90.tmp to uploads/interviews/9/conversation_turn_4_feedback_response.webm
[31-Jul-2025 22:32:35 Europe/Berlin] Database SQL: INSERT INTO tblinterviewrecordings 
            (REGISTRATIONID, QUESTION_NUMBER, FILE_PATH, DURATION, RECORDED_AT, CONVERSATION_TURN, QUESTION_TYPE, TRANSCRIPT) 
            VALUES 
            ('9', 0, 'uploads/interviews/9/conversation_turn_4_feedback_response.webm', 2.522, NOW(), 4, 'feedback_response', '')
[31-Jul-2025 22:32:35 Europe/Berlin] Error in simple upload working: Unknown column 'TRANSCRIPT' in 'field list'
[31-Jul-2025 22:32:35 Europe/Berlin] Stack trace: #0 C:\xampp\htdocs\eris\simple-upload-working.php(123): mysqli_query(Object(mysqli), 'INSERT INTO tbl...')
#1 {main}
[31-Jul-2025 22:32:35 Europe/Berlin] === Simple Upload Working Ended ===
[31-Jul-2025 22:32:39 Europe/Berlin] === Simple Upload Working Started ===
[31-Jul-2025 22:32:39 Europe/Berlin] Request Method: POST
[31-Jul-2025 22:32:39 Europe/Berlin] POST Data: {"conversationTurn":"4","questionType":"initial_answer","currentEssentialQuestion":"0","duration":"2.515","token":"43864d6989eb9e7e2441d4178c177135bda938509d8ac2f079d01ad43f36a674","registrationId":"9"}
[31-Jul-2025 22:32:39 Europe/Berlin] FILES Data: {"video":{"name":"conversation_turn_4_initial_answer.webm","full_path":"conversation_turn_4_initial_answer.webm","type":"video\/webm","tmp_name":"C:\\xampp\\tmp\\phpC8BA.tmp","error":0,"size":322606}}
[31-Jul-2025 22:32:39 Europe/Berlin] Database connection successful
[31-Jul-2025 22:32:39 Europe/Berlin] Token received: 43864d6989eb9e7e2441d4178c177135bda938509d8ac2f079d01ad43f36a674
[31-Jul-2025 22:32:39 Europe/Berlin] Token validated successfully
[31-Jul-2025 22:32:39 Europe/Berlin] Moving file from C:\xampp\tmp\phpC8BA.tmp to uploads/interviews/9/conversation_turn_4_initial_answer.webm
[31-Jul-2025 22:32:39 Europe/Berlin] Database SQL: INSERT INTO tblinterviewrecordings 
            (REGISTRATIONID, QUESTION_NUMBER, FILE_PATH, DURATION, RECORDED_AT, CONVERSATION_TURN, QUESTION_TYPE, TRANSCRIPT) 
            VALUES 
            ('9', 0, 'uploads/interviews/9/conversation_turn_4_initial_answer.webm', 2.515, NOW(), 4, 'initial_answer', '')
[31-Jul-2025 22:32:39 Europe/Berlin] Error in simple upload working: Unknown column 'TRANSCRIPT' in 'field list'
[31-Jul-2025 22:32:39 Europe/Berlin] Stack trace: #0 C:\xampp\htdocs\eris\simple-upload-working.php(123): mysqli_query(Object(mysqli), 'INSERT INTO tbl...')
#1 {main}
[31-Jul-2025 22:32:39 Europe/Berlin] === Simple Upload Working Ended ===
[31-Jul-2025 22:32:43 Europe/Berlin] === Simple Upload Working Started ===
[31-Jul-2025 22:32:43 Europe/Berlin] Request Method: POST
[31-Jul-2025 22:32:43 Europe/Berlin] POST Data: {"conversationTurn":"4","questionType":"initial_answer","currentEssentialQuestion":"0","duration":"2.514","token":"43864d6989eb9e7e2441d4178c177135bda938509d8ac2f079d01ad43f36a674","registrationId":"9"}
[31-Jul-2025 22:32:43 Europe/Berlin] FILES Data: {"video":{"name":"conversation_turn_4_initial_answer.webm","full_path":"conversation_turn_4_initial_answer.webm","type":"video\/webm","tmp_name":"C:\\xampp\\tmp\\phpD742.tmp","error":0,"size":344239}}
[31-Jul-2025 22:32:43 Europe/Berlin] Database connection successful
[31-Jul-2025 22:32:43 Europe/Berlin] Token received: 43864d6989eb9e7e2441d4178c177135bda938509d8ac2f079d01ad43f36a674
[31-Jul-2025 22:32:43 Europe/Berlin] Token validated successfully
[31-Jul-2025 22:32:43 Europe/Berlin] Moving file from C:\xampp\tmp\phpD742.tmp to uploads/interviews/9/conversation_turn_4_initial_answer.webm
[31-Jul-2025 22:32:43 Europe/Berlin] Database SQL: INSERT INTO tblinterviewrecordings 
            (REGISTRATIONID, QUESTION_NUMBER, FILE_PATH, DURATION, RECORDED_AT, CONVERSATION_TURN, QUESTION_TYPE, TRANSCRIPT) 
            VALUES 
            ('9', 0, 'uploads/interviews/9/conversation_turn_4_initial_answer.webm', 2.514, NOW(), 4, 'initial_answer', '')
[31-Jul-2025 22:32:43 Europe/Berlin] Error in simple upload working: Unknown column 'TRANSCRIPT' in 'field list'
[31-Jul-2025 22:32:43 Europe/Berlin] Stack trace: #0 C:\xampp\htdocs\eris\simple-upload-working.php(123): mysqli_query(Object(mysqli), 'INSERT INTO tbl...')
#1 {main}
[31-Jul-2025 22:32:43 Europe/Berlin] === Simple Upload Working Ended ===
[31-Jul-2025 22:58:55 Europe/Berlin] === Simple Upload Working Started ===
[31-Jul-2025 22:58:55 Europe/Berlin] Request Method: POST
[31-Jul-2025 22:58:55 Europe/Berlin] POST Data: {"conversationTurn":"2","questionType":"feedback_response","currentEssentialQuestion":"0","duration":"15.683","token":"a431e568157eedc265841bec15ef52ead369c948665664bafd0882645700ccdf","registrationId":"9"}
[31-Jul-2025 22:58:55 Europe/Berlin] FILES Data: {"video":{"name":"conversation_turn_2_feedback_response.webm","full_path":"conversation_turn_2_feedback_response.webm","type":"video\/webm","tmp_name":"C:\\xampp\\tmp\\phpD5E6.tmp","error":0,"size":2323304}}
[31-Jul-2025 22:58:55 Europe/Berlin] Database connection successful
[31-Jul-2025 22:58:55 Europe/Berlin] Token received: a431e568157eedc265841bec15ef52ead369c948665664bafd0882645700ccdf
[31-Jul-2025 22:58:55 Europe/Berlin] Token validated successfully
[31-Jul-2025 22:58:55 Europe/Berlin] Moving file from C:\xampp\tmp\phpD5E6.tmp to uploads/interviews/9/conversation_turn_2_feedback_response.webm
[31-Jul-2025 22:58:55 Europe/Berlin] Database SQL: INSERT INTO tblinterviewrecordings 
            (REGISTRATIONID, QUESTION_NUMBER, FILE_PATH, DURATION, RECORDED_AT, CONVERSATION_TURN, QUESTION_TYPE, TRANSCRIPT) 
            VALUES 
            ('9', 0, 'uploads/interviews/9/conversation_turn_2_feedback_response.webm', 15.683, NOW(), 2, 'feedback_response', '')
[31-Jul-2025 22:58:55 Europe/Berlin] Error in simple upload working: Unknown column 'TRANSCRIPT' in 'field list'
[31-Jul-2025 22:58:55 Europe/Berlin] Stack trace: #0 C:\xampp\htdocs\eris\simple-upload-working.php(123): mysqli_query(Object(mysqli), 'INSERT INTO tbl...')
#1 {main}
[31-Jul-2025 22:58:55 Europe/Berlin] === Simple Upload Working Ended ===
[31-Jul-2025 22:59:24 Europe/Berlin] === Simple Upload Working Started ===
[31-Jul-2025 22:59:24 Europe/Berlin] Request Method: POST
[31-Jul-2025 22:59:24 Europe/Berlin] POST Data: {"conversationTurn":"3","questionType":"feedback_response","currentEssentialQuestion":"0","duration":"19.342","token":"a431e568157eedc265841bec15ef52ead369c948665664bafd0882645700ccdf","registrationId":"9"}
[31-Jul-2025 22:59:24 Europe/Berlin] FILES Data: {"video":{"name":"conversation_turn_3_feedback_response.webm","full_path":"conversation_turn_3_feedback_response.webm","type":"video\/webm","tmp_name":"C:\\xampp\\tmp\\php455A.tmp","error":0,"size":2882447}}
[31-Jul-2025 22:59:24 Europe/Berlin] Database connection successful
[31-Jul-2025 22:59:24 Europe/Berlin] Token received: a431e568157eedc265841bec15ef52ead369c948665664bafd0882645700ccdf
[31-Jul-2025 22:59:24 Europe/Berlin] Token validated successfully
[31-Jul-2025 22:59:24 Europe/Berlin] Moving file from C:\xampp\tmp\php455A.tmp to uploads/interviews/9/conversation_turn_3_feedback_response.webm
[31-Jul-2025 22:59:24 Europe/Berlin] Database SQL: INSERT INTO tblinterviewrecordings 
            (REGISTRATIONID, QUESTION_NUMBER, FILE_PATH, DURATION, RECORDED_AT, CONVERSATION_TURN, QUESTION_TYPE, TRANSCRIPT) 
            VALUES 
            ('9', 0, 'uploads/interviews/9/conversation_turn_3_feedback_response.webm', 19.342, NOW(), 3, 'feedback_response', '')
[31-Jul-2025 22:59:24 Europe/Berlin] Error in simple upload working: Unknown column 'TRANSCRIPT' in 'field list'
[31-Jul-2025 22:59:24 Europe/Berlin] Stack trace: #0 C:\xampp\htdocs\eris\simple-upload-working.php(123): mysqli_query(Object(mysqli), 'INSERT INTO tbl...')
#1 {main}
[31-Jul-2025 22:59:24 Europe/Berlin] === Simple Upload Working Ended ===
[31-Jul-2025 22:59:39 Europe/Berlin] === Simple Upload Working Started ===
[31-Jul-2025 22:59:39 Europe/Berlin] Request Method: POST
[31-Jul-2025 22:59:39 Europe/Berlin] POST Data: {"conversationTurn":"4","questionType":"feedback_response","currentEssentialQuestion":"0","duration":"4.714","token":"a431e568157eedc265841bec15ef52ead369c948665664bafd0882645700ccdf","registrationId":"9"}
[31-Jul-2025 22:59:39 Europe/Berlin] FILES Data: {"video":{"name":"conversation_turn_4_feedback_response.webm","full_path":"conversation_turn_4_feedback_response.webm","type":"video\/webm","tmp_name":"C:\\xampp\\tmp\\php7FA5.tmp","error":0,"size":689529}}
[31-Jul-2025 22:59:39 Europe/Berlin] Database connection successful
[31-Jul-2025 22:59:39 Europe/Berlin] Token received: a431e568157eedc265841bec15ef52ead369c948665664bafd0882645700ccdf
[31-Jul-2025 22:59:39 Europe/Berlin] Token validated successfully
[31-Jul-2025 22:59:39 Europe/Berlin] Moving file from C:\xampp\tmp\php7FA5.tmp to uploads/interviews/9/conversation_turn_4_feedback_response.webm
[31-Jul-2025 22:59:39 Europe/Berlin] Database SQL: INSERT INTO tblinterviewrecordings 
            (REGISTRATIONID, QUESTION_NUMBER, FILE_PATH, DURATION, RECORDED_AT, CONVERSATION_TURN, QUESTION_TYPE, TRANSCRIPT) 
            VALUES 
            ('9', 0, 'uploads/interviews/9/conversation_turn_4_feedback_response.webm', 4.714, NOW(), 4, 'feedback_response', '')
[31-Jul-2025 22:59:39 Europe/Berlin] Error in simple upload working: Unknown column 'TRANSCRIPT' in 'field list'
[31-Jul-2025 22:59:39 Europe/Berlin] Stack trace: #0 C:\xampp\htdocs\eris\simple-upload-working.php(123): mysqli_query(Object(mysqli), 'INSERT INTO tbl...')
#1 {main}
[31-Jul-2025 22:59:39 Europe/Berlin] === Simple Upload Working Ended ===
[31-Jul-2025 23:04:55 Europe/Berlin] === Simple Upload Working Started ===
[31-Jul-2025 23:04:55 Europe/Berlin] Request Method: POST
[31-Jul-2025 23:04:55 Europe/Berlin] POST Data: {"conversationTurn":"2","questionType":"feedback_response","currentEssentialQuestion":"0","duration":"14.021","token":"a431e568157eedc265841bec15ef52ead369c948665664bafd0882645700ccdf","registrationId":"9"}
[31-Jul-2025 23:04:55 Europe/Berlin] FILES Data: {"video":{"name":"conversation_turn_2_feedback_response.webm","full_path":"conversation_turn_2_feedback_response.webm","type":"video\/webm","tmp_name":"C:\\xampp\\tmp\\php52B2.tmp","error":0,"size":2097793}}
[31-Jul-2025 23:04:55 Europe/Berlin] Database connection successful
[31-Jul-2025 23:04:55 Europe/Berlin] Token received: a431e568157eedc265841bec15ef52ead369c948665664bafd0882645700ccdf
[31-Jul-2025 23:04:55 Europe/Berlin] Token validated successfully
[31-Jul-2025 23:04:55 Europe/Berlin] Moving file from C:\xampp\tmp\php52B2.tmp to uploads/interviews/9/conversation_turn_2_feedback_response.webm
[31-Jul-2025 23:04:55 Europe/Berlin] Database SQL: INSERT INTO tblinterviewrecordings 
            (REGISTRATIONID, QUESTION_NUMBER, FILE_PATH, DURATION, RECORDED_AT, CONVERSATION_TURN, QUESTION_TYPE, TRANSCRIPT) 
            VALUES 
            ('9', 0, 'uploads/interviews/9/conversation_turn_2_feedback_response.webm', 14.021, NOW(), 2, 'feedback_response', '')
[31-Jul-2025 23:04:55 Europe/Berlin] Error in simple upload working: Unknown column 'TRANSCRIPT' in 'field list'
[31-Jul-2025 23:04:55 Europe/Berlin] Stack trace: #0 C:\xampp\htdocs\eris\simple-upload-working.php(123): mysqli_query(Object(mysqli), 'INSERT INTO tbl...')
#1 {main}
[31-Jul-2025 23:04:55 Europe/Berlin] === Simple Upload Working Ended ===
[31-Jul-2025 23:05:07 Europe/Berlin] === Simple Upload Working Started ===
[31-Jul-2025 23:05:07 Europe/Berlin] Request Method: POST
[31-Jul-2025 23:05:07 Europe/Berlin] POST Data: {"conversationTurn":"3","questionType":"feedback_response","currentEssentialQuestion":"0","duration":"2.534","token":"a431e568157eedc265841bec15ef52ead369c948665664bafd0882645700ccdf","registrationId":"9"}
[31-Jul-2025 23:05:07 Europe/Berlin] FILES Data: {"video":{"name":"conversation_turn_3_feedback_response.webm","full_path":"conversation_turn_3_feedback_response.webm","type":"video\/webm","tmp_name":"C:\\xampp\\tmp\\php808A.tmp","error":0,"size":327033}}
[31-Jul-2025 23:05:07 Europe/Berlin] Database connection successful
[31-Jul-2025 23:05:07 Europe/Berlin] Token received: a431e568157eedc265841bec15ef52ead369c948665664bafd0882645700ccdf
[31-Jul-2025 23:05:07 Europe/Berlin] Token validated successfully
[31-Jul-2025 23:05:07 Europe/Berlin] Moving file from C:\xampp\tmp\php808A.tmp to uploads/interviews/9/conversation_turn_3_feedback_response.webm
[31-Jul-2025 23:05:07 Europe/Berlin] Database SQL: INSERT INTO tblinterviewrecordings 
            (REGISTRATIONID, QUESTION_NUMBER, FILE_PATH, DURATION, RECORDED_AT, CONVERSATION_TURN, QUESTION_TYPE, TRANSCRIPT) 
            VALUES 
            ('9', 0, 'uploads/interviews/9/conversation_turn_3_feedback_response.webm', 2.534, NOW(), 3, 'feedback_response', '')
[31-Jul-2025 23:05:07 Europe/Berlin] Error in simple upload working: Unknown column 'TRANSCRIPT' in 'field list'
[31-Jul-2025 23:05:07 Europe/Berlin] Stack trace: #0 C:\xampp\htdocs\eris\simple-upload-working.php(123): mysqli_query(Object(mysqli), 'INSERT INTO tbl...')
#1 {main}
[31-Jul-2025 23:05:07 Europe/Berlin] === Simple Upload Working Ended ===
[31-Jul-2025 23:05:19 Europe/Berlin] === Simple Upload Working Started ===
[31-Jul-2025 23:05:19 Europe/Berlin] Request Method: POST
[31-Jul-2025 23:05:19 Europe/Berlin] POST Data: {"conversationTurn":"3","questionType":"feedback_response","currentEssentialQuestion":"0","duration":"2.514","token":"a431e568157eedc265841bec15ef52ead369c948665664bafd0882645700ccdf","registrationId":"9"}
[31-Jul-2025 23:05:19 Europe/Berlin] FILES Data: {"video":{"name":"conversation_turn_3_feedback_response.webm","full_path":"conversation_turn_3_feedback_response.webm","type":"video\/webm","tmp_name":"C:\\xampp\\tmp\\phpB268.tmp","error":0,"size":327647}}
[31-Jul-2025 23:05:19 Europe/Berlin] Database connection successful
[31-Jul-2025 23:05:19 Europe/Berlin] Token received: a431e568157eedc265841bec15ef52ead369c948665664bafd0882645700ccdf
[31-Jul-2025 23:05:19 Europe/Berlin] Token validated successfully
[31-Jul-2025 23:05:19 Europe/Berlin] Moving file from C:\xampp\tmp\phpB268.tmp to uploads/interviews/9/conversation_turn_3_feedback_response.webm
[31-Jul-2025 23:05:19 Europe/Berlin] Database SQL: INSERT INTO tblinterviewrecordings 
            (REGISTRATIONID, QUESTION_NUMBER, FILE_PATH, DURATION, RECORDED_AT, CONVERSATION_TURN, QUESTION_TYPE, TRANSCRIPT) 
            VALUES 
            ('9', 0, 'uploads/interviews/9/conversation_turn_3_feedback_response.webm', 2.514, NOW(), 3, 'feedback_response', '')
[31-Jul-2025 23:05:19 Europe/Berlin] Error in simple upload working: Unknown column 'TRANSCRIPT' in 'field list'
[31-Jul-2025 23:05:19 Europe/Berlin] Stack trace: #0 C:\xampp\htdocs\eris\simple-upload-working.php(123): mysqli_query(Object(mysqli), 'INSERT INTO tbl...')
#1 {main}
[31-Jul-2025 23:05:19 Europe/Berlin] === Simple Upload Working Ended ===
[31-Jul-2025 23:14:32 Europe/Berlin] === Simple Upload Working Started ===
[31-Jul-2025 23:14:32 Europe/Berlin] Request Method: POST
[31-Jul-2025 23:14:32 Europe/Berlin] POST Data: {"conversationTurn":"2","questionType":"feedback_response","currentEssentialQuestion":"0","duration":"13.649","token":"a431e568157eedc265841bec15ef52ead369c948665664bafd0882645700ccdf","registrationId":"9"}
[31-Jul-2025 23:14:32 Europe/Berlin] FILES Data: {"video":{"name":"conversation_turn_2_feedback_response.webm","full_path":"conversation_turn_2_feedback_response.webm","type":"video\/webm","tmp_name":"C:\\xampp\\tmp\\php1FA3.tmp","error":0,"size":2033105}}
[31-Jul-2025 23:14:32 Europe/Berlin] Database connection successful
[31-Jul-2025 23:14:32 Europe/Berlin] Token received: a431e568157eedc265841bec15ef52ead369c948665664bafd0882645700ccdf
[31-Jul-2025 23:14:32 Europe/Berlin] Token validated successfully
[31-Jul-2025 23:14:32 Europe/Berlin] Moving file from C:\xampp\tmp\php1FA3.tmp to uploads/interviews/9/conversation_turn_2_feedback_response.webm
[31-Jul-2025 23:14:32 Europe/Berlin] Database SQL: INSERT INTO tblinterviewrecordings 
            (REGISTRATIONID, QUESTION_NUMBER, FILE_PATH, DURATION, RECORDED_AT, CONVERSATION_TURN, QUESTION_TYPE, TRANSCRIPT) 
            VALUES 
            ('9', 0, 'uploads/interviews/9/conversation_turn_2_feedback_response.webm', 13.649, NOW(), 2, 'feedback_response', '')
[31-Jul-2025 23:14:32 Europe/Berlin] Error in simple upload working: Unknown column 'TRANSCRIPT' in 'field list'
[31-Jul-2025 23:14:32 Europe/Berlin] Stack trace: #0 C:\xampp\htdocs\eris\simple-upload-working.php(123): mysqli_query(Object(mysqli), 'INSERT INTO tbl...')
#1 {main}
[31-Jul-2025 23:14:32 Europe/Berlin] === Simple Upload Working Ended ===
[31-Jul-2025 23:14:55 Europe/Berlin] === Simple Upload Working Started ===
[31-Jul-2025 23:14:55 Europe/Berlin] Request Method: POST
[31-Jul-2025 23:14:55 Europe/Berlin] POST Data: {"conversationTurn":"3","questionType":"feedback_response","currentEssentialQuestion":"0","duration":"11.701","token":"a431e568157eedc265841bec15ef52ead369c948665664bafd0882645700ccdf","registrationId":"9"}
[31-Jul-2025 23:14:55 Europe/Berlin] FILES Data: {"video":{"name":"conversation_turn_3_feedback_response.webm","full_path":"conversation_turn_3_feedback_response.webm","type":"video\/webm","tmp_name":"C:\\xampp\\tmp\\php7A67.tmp","error":0,"size":1741510}}
[31-Jul-2025 23:14:55 Europe/Berlin] Database connection successful
[31-Jul-2025 23:14:55 Europe/Berlin] Token received: a431e568157eedc265841bec15ef52ead369c948665664bafd0882645700ccdf
[31-Jul-2025 23:14:55 Europe/Berlin] Token validated successfully
[31-Jul-2025 23:14:55 Europe/Berlin] Moving file from C:\xampp\tmp\php7A67.tmp to uploads/interviews/9/conversation_turn_3_feedback_response.webm
[31-Jul-2025 23:14:55 Europe/Berlin] Database SQL: INSERT INTO tblinterviewrecordings 
            (REGISTRATIONID, QUESTION_NUMBER, FILE_PATH, DURATION, RECORDED_AT, CONVERSATION_TURN, QUESTION_TYPE, TRANSCRIPT) 
            VALUES 
            ('9', 0, 'uploads/interviews/9/conversation_turn_3_feedback_response.webm', 11.701, NOW(), 3, 'feedback_response', '')
[31-Jul-2025 23:14:55 Europe/Berlin] Error in simple upload working: Unknown column 'TRANSCRIPT' in 'field list'
[31-Jul-2025 23:14:55 Europe/Berlin] Stack trace: #0 C:\xampp\htdocs\eris\simple-upload-working.php(123): mysqli_query(Object(mysqli), 'INSERT INTO tbl...')
#1 {main}
[31-Jul-2025 23:14:55 Europe/Berlin] === Simple Upload Working Ended ===
[31-Jul-2025 23:15:25 Europe/Berlin] === Simple Upload Working Started ===
[31-Jul-2025 23:15:25 Europe/Berlin] Request Method: POST
[31-Jul-2025 23:15:25 Europe/Berlin] POST Data: {"conversationTurn":"3","questionType":"feedback_response","currentEssentialQuestion":"0","duration":"17.227","token":"a431e568157eedc265841bec15ef52ead369c948665664bafd0882645700ccdf","registrationId":"9"}
[31-Jul-2025 23:15:25 Europe/Berlin] FILES Data: {"video":{"name":"conversation_turn_3_feedback_response.webm","full_path":"conversation_turn_3_feedback_response.webm","type":"video\/webm","tmp_name":"C:\\xampp\\tmp\\phpEE7E.tmp","error":0,"size":2581959}}
[31-Jul-2025 23:15:25 Europe/Berlin] Database connection successful
[31-Jul-2025 23:15:25 Europe/Berlin] Token received: a431e568157eedc265841bec15ef52ead369c948665664bafd0882645700ccdf
[31-Jul-2025 23:15:25 Europe/Berlin] Token validated successfully
[31-Jul-2025 23:15:25 Europe/Berlin] Moving file from C:\xampp\tmp\phpEE7E.tmp to uploads/interviews/9/conversation_turn_3_feedback_response.webm
[31-Jul-2025 23:15:25 Europe/Berlin] Database SQL: INSERT INTO tblinterviewrecordings 
            (REGISTRATIONID, QUESTION_NUMBER, FILE_PATH, DURATION, RECORDED_AT, CONVERSATION_TURN, QUESTION_TYPE, TRANSCRIPT) 
            VALUES 
            ('9', 0, 'uploads/interviews/9/conversation_turn_3_feedback_response.webm', 17.227, NOW(), 3, 'feedback_response', '')
[31-Jul-2025 23:15:25 Europe/Berlin] Error in simple upload working: Unknown column 'TRANSCRIPT' in 'field list'
[31-Jul-2025 23:15:25 Europe/Berlin] Stack trace: #0 C:\xampp\htdocs\eris\simple-upload-working.php(123): mysqli_query(Object(mysqli), 'INSERT INTO tbl...')
#1 {main}
[31-Jul-2025 23:15:25 Europe/Berlin] === Simple Upload Working Ended ===
[31-Jul-2025 23:15:28 Europe/Berlin] === Simple Upload Working Started ===
[31-Jul-2025 23:15:28 Europe/Berlin] Request Method: POST
[31-Jul-2025 23:15:28 Europe/Berlin] POST Data: {"conversationTurn":"4","questionType":"feedback_response","currentEssentialQuestion":"0","duration":"2.522","token":"a431e568157eedc265841bec15ef52ead369c948665664bafd0882645700ccdf","registrationId":"9"}
[31-Jul-2025 23:15:28 Europe/Berlin] FILES Data: {"video":{"name":"conversation_turn_4_feedback_response.webm","full_path":"conversation_turn_4_feedback_response.webm","type":"video\/webm","tmp_name":"C:\\xampp\\tmp\\phpFC99.tmp","error":0,"size":327598}}
[31-Jul-2025 23:15:28 Europe/Berlin] Database connection successful
[31-Jul-2025 23:15:28 Europe/Berlin] Token received: a431e568157eedc265841bec15ef52ead369c948665664bafd0882645700ccdf
[31-Jul-2025 23:15:28 Europe/Berlin] Token validated successfully
[31-Jul-2025 23:15:28 Europe/Berlin] Moving file from C:\xampp\tmp\phpFC99.tmp to uploads/interviews/9/conversation_turn_4_feedback_response.webm
[31-Jul-2025 23:15:28 Europe/Berlin] Database SQL: INSERT INTO tblinterviewrecordings 
            (REGISTRATIONID, QUESTION_NUMBER, FILE_PATH, DURATION, RECORDED_AT, CONVERSATION_TURN, QUESTION_TYPE, TRANSCRIPT) 
            VALUES 
            ('9', 0, 'uploads/interviews/9/conversation_turn_4_feedback_response.webm', 2.522, NOW(), 4, 'feedback_response', '')
[31-Jul-2025 23:15:28 Europe/Berlin] Error in simple upload working: Unknown column 'TRANSCRIPT' in 'field list'
[31-Jul-2025 23:15:28 Europe/Berlin] Stack trace: #0 C:\xampp\htdocs\eris\simple-upload-working.php(123): mysqli_query(Object(mysqli), 'INSERT INTO tbl...')
#1 {main}
[31-Jul-2025 23:15:28 Europe/Berlin] === Simple Upload Working Ended ===
[31-Jul-2025 23:15:48 Europe/Berlin] === Simple Upload Working Started ===
[31-Jul-2025 23:15:48 Europe/Berlin] Request Method: POST
[31-Jul-2025 23:15:48 Europe/Berlin] POST Data: {"conversationTurn":"4","questionType":"feedback_response","currentEssentialQuestion":"0","duration":"8.06","token":"a431e568157eedc265841bec15ef52ead369c948665664bafd0882645700ccdf","registrationId":"9"}
[31-Jul-2025 23:15:48 Europe/Berlin] FILES Data: {"video":{"name":"conversation_turn_4_feedback_response.webm","full_path":"conversation_turn_4_feedback_response.webm","type":"video\/webm","tmp_name":"C:\\xampp\\tmp\\php4B17.tmp","error":0,"size":1213759}}
[31-Jul-2025 23:15:48 Europe/Berlin] Database connection successful
[31-Jul-2025 23:15:48 Europe/Berlin] Token received: a431e568157eedc265841bec15ef52ead369c948665664bafd0882645700ccdf
[31-Jul-2025 23:15:48 Europe/Berlin] Token validated successfully
[31-Jul-2025 23:15:48 Europe/Berlin] Moving file from C:\xampp\tmp\php4B17.tmp to uploads/interviews/9/conversation_turn_4_feedback_response.webm
[31-Jul-2025 23:15:48 Europe/Berlin] Database SQL: INSERT INTO tblinterviewrecordings 
            (REGISTRATIONID, QUESTION_NUMBER, FILE_PATH, DURATION, RECORDED_AT, CONVERSATION_TURN, QUESTION_TYPE, TRANSCRIPT) 
            VALUES 
            ('9', 0, 'uploads/interviews/9/conversation_turn_4_feedback_response.webm', 8.06, NOW(), 4, 'feedback_response', '')
[31-Jul-2025 23:15:48 Europe/Berlin] Error in simple upload working: Unknown column 'TRANSCRIPT' in 'field list'
[31-Jul-2025 23:15:48 Europe/Berlin] Stack trace: #0 C:\xampp\htdocs\eris\simple-upload-working.php(123): mysqli_query(Object(mysqli), 'INSERT INTO tbl...')
#1 {main}
[31-Jul-2025 23:15:48 Europe/Berlin] === Simple Upload Working Ended ===
[31-Jul-2025 23:15:52 Europe/Berlin] === Simple Upload Working Started ===
[31-Jul-2025 23:15:52 Europe/Berlin] Request Method: POST
[31-Jul-2025 23:15:52 Europe/Berlin] POST Data: {"conversationTurn":"5","questionType":"feedback_response","currentEssentialQuestion":"0","duration":"2.544","token":"a431e568157eedc265841bec15ef52ead369c948665664bafd0882645700ccdf","registrationId":"9"}
[31-Jul-2025 23:15:52 Europe/Berlin] FILES Data: {"video":{"name":"conversation_turn_5_feedback_response.webm","full_path":"conversation_turn_5_feedback_response.webm","type":"video\/webm","tmp_name":"C:\\xampp\\tmp\\php5951.tmp","error":0,"size":325522}}
[31-Jul-2025 23:15:52 Europe/Berlin] Database connection successful
[31-Jul-2025 23:15:52 Europe/Berlin] Token received: a431e568157eedc265841bec15ef52ead369c948665664bafd0882645700ccdf
[31-Jul-2025 23:15:52 Europe/Berlin] Token validated successfully
[31-Jul-2025 23:15:52 Europe/Berlin] Moving file from C:\xampp\tmp\php5951.tmp to uploads/interviews/9/conversation_turn_5_feedback_response.webm
[31-Jul-2025 23:15:52 Europe/Berlin] Database SQL: INSERT INTO tblinterviewrecordings 
            (REGISTRATIONID, QUESTION_NUMBER, FILE_PATH, DURATION, RECORDED_AT, CONVERSATION_TURN, QUESTION_TYPE, TRANSCRIPT) 
            VALUES 
            ('9', 0, 'uploads/interviews/9/conversation_turn_5_feedback_response.webm', 2.544, NOW(), 5, 'feedback_response', '')
[31-Jul-2025 23:15:52 Europe/Berlin] Error in simple upload working: Unknown column 'TRANSCRIPT' in 'field list'
[31-Jul-2025 23:15:52 Europe/Berlin] Stack trace: #0 C:\xampp\htdocs\eris\simple-upload-working.php(123): mysqli_query(Object(mysqli), 'INSERT INTO tbl...')
#1 {main}
[31-Jul-2025 23:15:52 Europe/Berlin] === Simple Upload Working Ended ===
[31-Jul-2025 23:16:06 Europe/Berlin] === Simple Upload Working Started ===
[31-Jul-2025 23:16:06 Europe/Berlin] Request Method: POST
[31-Jul-2025 23:16:06 Europe/Berlin] POST Data: {"conversationTurn":"5","questionType":"feedback_response","currentEssentialQuestion":"0","duration":"2.518","token":"a431e568157eedc265841bec15ef52ead369c948665664bafd0882645700ccdf","registrationId":"9"}
[31-Jul-2025 23:16:06 Europe/Berlin] FILES Data: {"video":{"name":"conversation_turn_5_feedback_response.webm","full_path":"conversation_turn_5_feedback_response.webm","type":"video\/webm","tmp_name":"C:\\xampp\\tmp\\php91B8.tmp","error":0,"size":328535}}
[31-Jul-2025 23:16:06 Europe/Berlin] Database connection successful
[31-Jul-2025 23:16:06 Europe/Berlin] Token received: a431e568157eedc265841bec15ef52ead369c948665664bafd0882645700ccdf
[31-Jul-2025 23:16:06 Europe/Berlin] Token validated successfully
[31-Jul-2025 23:16:06 Europe/Berlin] Moving file from C:\xampp\tmp\php91B8.tmp to uploads/interviews/9/conversation_turn_5_feedback_response.webm
[31-Jul-2025 23:16:06 Europe/Berlin] Database SQL: INSERT INTO tblinterviewrecordings 
            (REGISTRATIONID, QUESTION_NUMBER, FILE_PATH, DURATION, RECORDED_AT, CONVERSATION_TURN, QUESTION_TYPE, TRANSCRIPT) 
            VALUES 
            ('9', 0, 'uploads/interviews/9/conversation_turn_5_feedback_response.webm', 2.518, NOW(), 5, 'feedback_response', '')
[31-Jul-2025 23:16:06 Europe/Berlin] Error in simple upload working: Unknown column 'TRANSCRIPT' in 'field list'
[31-Jul-2025 23:16:06 Europe/Berlin] Stack trace: #0 C:\xampp\htdocs\eris\simple-upload-working.php(123): mysqli_query(Object(mysqli), 'INSERT INTO tbl...')
#1 {main}
[31-Jul-2025 23:16:06 Europe/Berlin] === Simple Upload Working Ended ===
[31-Jul-2025 23:16:10 Europe/Berlin] === Simple Upload Working Started ===
[31-Jul-2025 23:16:10 Europe/Berlin] Request Method: POST
[31-Jul-2025 23:16:10 Europe/Berlin] POST Data: {"conversationTurn":"5","questionType":"initial_answer","currentEssentialQuestion":"0","duration":"2.556","token":"a431e568157eedc265841bec15ef52ead369c948665664bafd0882645700ccdf","registrationId":"9"}
[31-Jul-2025 23:16:10 Europe/Berlin] FILES Data: {"video":{"name":"conversation_turn_5_initial_answer.webm","full_path":"conversation_turn_5_initial_answer.webm","type":"video\/webm","tmp_name":"C:\\xampp\\tmp\\phpA0AD.tmp","error":0,"size":343999}}
[31-Jul-2025 23:16:10 Europe/Berlin] Database connection successful
[31-Jul-2025 23:16:10 Europe/Berlin] Token received: a431e568157eedc265841bec15ef52ead369c948665664bafd0882645700ccdf
[31-Jul-2025 23:16:10 Europe/Berlin] Token validated successfully
[31-Jul-2025 23:16:10 Europe/Berlin] Moving file from C:\xampp\tmp\phpA0AD.tmp to uploads/interviews/9/conversation_turn_5_initial_answer.webm
[31-Jul-2025 23:16:10 Europe/Berlin] Database SQL: INSERT INTO tblinterviewrecordings 
            (REGISTRATIONID, QUESTION_NUMBER, FILE_PATH, DURATION, RECORDED_AT, CONVERSATION_TURN, QUESTION_TYPE, TRANSCRIPT) 
            VALUES 
            ('9', 0, 'uploads/interviews/9/conversation_turn_5_initial_answer.webm', 2.556, NOW(), 5, 'initial_answer', '')
[31-Jul-2025 23:16:10 Europe/Berlin] Error in simple upload working: Unknown column 'TRANSCRIPT' in 'field list'
[31-Jul-2025 23:16:10 Europe/Berlin] Stack trace: #0 C:\xampp\htdocs\eris\simple-upload-working.php(123): mysqli_query(Object(mysqli), 'INSERT INTO tbl...')
#1 {main}
[31-Jul-2025 23:16:10 Europe/Berlin] === Simple Upload Working Ended ===
[31-Jul-2025 23:23:02 Europe/Berlin] === Simple Upload Working Started ===
[31-Jul-2025 23:23:02 Europe/Berlin] Request Method: POST
[31-Jul-2025 23:23:02 Europe/Berlin] POST Data: {"conversationTurn":"2","questionType":"feedback_response","currentEssentialQuestion":"0","duration":"13.735","token":"00f893fb9e1b35c177eef8aeec997276e99cbbee9da80e08de22654fefcc8e7e","registrationId":"9"}
[31-Jul-2025 23:23:02 Europe/Berlin] FILES Data: {"video":{"name":"conversation_turn_2_feedback_response.webm","full_path":"conversation_turn_2_feedback_response.webm","type":"video\/webm","tmp_name":"C:\\xampp\\tmp\\phpEA0E.tmp","error":0,"size":2039301}}
[31-Jul-2025 23:23:02 Europe/Berlin] Database connection successful
[31-Jul-2025 23:23:02 Europe/Berlin] Token received: 00f893fb9e1b35c177eef8aeec997276e99cbbee9da80e08de22654fefcc8e7e
[31-Jul-2025 23:23:02 Europe/Berlin] Token validated successfully
[31-Jul-2025 23:23:02 Europe/Berlin] Moving file from C:\xampp\tmp\phpEA0E.tmp to uploads/interviews/9/conversation_turn_2_feedback_response.webm
[31-Jul-2025 23:23:02 Europe/Berlin] Database SQL: INSERT INTO tblinterviewrecordings 
            (REGISTRATIONID, QUESTION_NUMBER, FILE_PATH, DURATION, RECORDED_AT, CONVERSATION_TURN, QUESTION_TYPE, TRANSCRIPT) 
            VALUES 
            ('9', 0, 'uploads/interviews/9/conversation_turn_2_feedback_response.webm', 13.735, NOW(), 2, 'feedback_response', '')
[31-Jul-2025 23:23:02 Europe/Berlin] Error in simple upload working: Unknown column 'TRANSCRIPT' in 'field list'
[31-Jul-2025 23:23:02 Europe/Berlin] Stack trace: #0 C:\xampp\htdocs\eris\simple-upload-working.php(123): mysqli_query(Object(mysqli), 'INSERT INTO tbl...')
#1 {main}
[31-Jul-2025 23:23:02 Europe/Berlin] === Simple Upload Working Ended ===
[31-Jul-2025 23:23:23 Europe/Berlin] === Simple Upload Working Started ===
[31-Jul-2025 23:23:23 Europe/Berlin] Request Method: POST
[31-Jul-2025 23:23:23 Europe/Berlin] POST Data: {"conversationTurn":"2","questionType":"feedback_response","currentEssentialQuestion":"0","duration":"8.77","token":"00f893fb9e1b35c177eef8aeec997276e99cbbee9da80e08de22654fefcc8e7e","registrationId":"9"}
[31-Jul-2025 23:23:23 Europe/Berlin] FILES Data: {"video":{"name":"conversation_turn_2_feedback_response.webm","full_path":"conversation_turn_2_feedback_response.webm","type":"video\/webm","tmp_name":"C:\\xampp\\tmp\\php3996.tmp","error":0,"size":1306651}}
[31-Jul-2025 23:23:23 Europe/Berlin] Database connection successful
[31-Jul-2025 23:23:23 Europe/Berlin] Token received: 00f893fb9e1b35c177eef8aeec997276e99cbbee9da80e08de22654fefcc8e7e
[31-Jul-2025 23:23:23 Europe/Berlin] Token validated successfully
[31-Jul-2025 23:23:23 Europe/Berlin] Moving file from C:\xampp\tmp\php3996.tmp to uploads/interviews/9/conversation_turn_2_feedback_response.webm
[31-Jul-2025 23:23:23 Europe/Berlin] Database SQL: INSERT INTO tblinterviewrecordings 
            (REGISTRATIONID, QUESTION_NUMBER, FILE_PATH, DURATION, RECORDED_AT, CONVERSATION_TURN, QUESTION_TYPE, TRANSCRIPT) 
            VALUES 
            ('9', 0, 'uploads/interviews/9/conversation_turn_2_feedback_response.webm', 8.77, NOW(), 2, 'feedback_response', '')
[31-Jul-2025 23:23:23 Europe/Berlin] Error in simple upload working: Unknown column 'TRANSCRIPT' in 'field list'
[31-Jul-2025 23:23:23 Europe/Berlin] Stack trace: #0 C:\xampp\htdocs\eris\simple-upload-working.php(123): mysqli_query(Object(mysqli), 'INSERT INTO tbl...')
#1 {main}
[31-Jul-2025 23:23:23 Europe/Berlin] === Simple Upload Working Ended ===
[31-Jul-2025 23:23:26 Europe/Berlin] === Simple Upload Working Started ===
[31-Jul-2025 23:23:26 Europe/Berlin] Request Method: POST
[31-Jul-2025 23:23:26 Europe/Berlin] POST Data: {"conversationTurn":"3","questionType":"feedback_response","currentEssentialQuestion":"0","duration":"2.536","token":"00f893fb9e1b35c177eef8aeec997276e99cbbee9da80e08de22654fefcc8e7e","registrationId":"9"}
[31-Jul-2025 23:23:26 Europe/Berlin] FILES Data: {"video":{"name":"conversation_turn_3_feedback_response.webm","full_path":"conversation_turn_3_feedback_response.webm","type":"video\/webm","tmp_name":"C:\\xampp\\tmp\\php47C0.tmp","error":0,"size":281472}}
[31-Jul-2025 23:23:26 Europe/Berlin] Database connection successful
[31-Jul-2025 23:23:26 Europe/Berlin] Token received: 00f893fb9e1b35c177eef8aeec997276e99cbbee9da80e08de22654fefcc8e7e
[31-Jul-2025 23:23:26 Europe/Berlin] Token validated successfully
[31-Jul-2025 23:23:26 Europe/Berlin] Moving file from C:\xampp\tmp\php47C0.tmp to uploads/interviews/9/conversation_turn_3_feedback_response.webm
[31-Jul-2025 23:23:26 Europe/Berlin] Database SQL: INSERT INTO tblinterviewrecordings 
            (REGISTRATIONID, QUESTION_NUMBER, FILE_PATH, DURATION, RECORDED_AT, CONVERSATION_TURN, QUESTION_TYPE, TRANSCRIPT) 
            VALUES 
            ('9', 0, 'uploads/interviews/9/conversation_turn_3_feedback_response.webm', 2.536, NOW(), 3, 'feedback_response', '')
[31-Jul-2025 23:23:26 Europe/Berlin] Error in simple upload working: Unknown column 'TRANSCRIPT' in 'field list'
[31-Jul-2025 23:23:26 Europe/Berlin] Stack trace: #0 C:\xampp\htdocs\eris\simple-upload-working.php(123): mysqli_query(Object(mysqli), 'INSERT INTO tbl...')
#1 {main}
[31-Jul-2025 23:23:26 Europe/Berlin] === Simple Upload Working Ended ===
[31-Jul-2025 23:23:48 Europe/Berlin] === Simple Upload Working Started ===
[31-Jul-2025 23:23:48 Europe/Berlin] Request Method: POST
[31-Jul-2025 23:23:48 Europe/Berlin] POST Data: {"conversationTurn":"4","questionType":"feedback_response","currentEssentialQuestion":"0","duration":"10.047","token":"00f893fb9e1b35c177eef8aeec997276e99cbbee9da80e08de22654fefcc8e7e","registrationId":"9"}
[31-Jul-2025 23:23:48 Europe/Berlin] FILES Data: {"video":{"name":"conversation_turn_4_feedback_response.webm","full_path":"conversation_turn_4_feedback_response.webm","type":"video\/webm","tmp_name":"C:\\xampp\\tmp\\php9DD0.tmp","error":0,"size":1486182}}
[31-Jul-2025 23:23:48 Europe/Berlin] Database connection successful
[31-Jul-2025 23:23:48 Europe/Berlin] Token received: 00f893fb9e1b35c177eef8aeec997276e99cbbee9da80e08de22654fefcc8e7e
[31-Jul-2025 23:23:48 Europe/Berlin] Token validated successfully
[31-Jul-2025 23:23:48 Europe/Berlin] Moving file from C:\xampp\tmp\php9DD0.tmp to uploads/interviews/9/conversation_turn_4_feedback_response.webm
[31-Jul-2025 23:23:48 Europe/Berlin] Database SQL: INSERT INTO tblinterviewrecordings 
            (REGISTRATIONID, QUESTION_NUMBER, FILE_PATH, DURATION, RECORDED_AT, CONVERSATION_TURN, QUESTION_TYPE, TRANSCRIPT) 
            VALUES 
            ('9', 0, 'uploads/interviews/9/conversation_turn_4_feedback_response.webm', 10.047, NOW(), 4, 'feedback_response', '')
[31-Jul-2025 23:23:48 Europe/Berlin] Error in simple upload working: Unknown column 'TRANSCRIPT' in 'field list'
[31-Jul-2025 23:23:48 Europe/Berlin] Stack trace: #0 C:\xampp\htdocs\eris\simple-upload-working.php(123): mysqli_query(Object(mysqli), 'INSERT INTO tbl...')
#1 {main}
[31-Jul-2025 23:23:48 Europe/Berlin] === Simple Upload Working Ended ===
[31-Jul-2025 23:24:10 Europe/Berlin] === Simple Upload Working Started ===
[31-Jul-2025 23:24:10 Europe/Berlin] Request Method: POST
[31-Jul-2025 23:24:10 Europe/Berlin] POST Data: {"conversationTurn":"5","questionType":"feedback_response","currentEssentialQuestion":"0","duration":"11.485","token":"00f893fb9e1b35c177eef8aeec997276e99cbbee9da80e08de22654fefcc8e7e","registrationId":"9"}
[31-Jul-2025 23:24:10 Europe/Berlin] FILES Data: {"video":{"name":"conversation_turn_5_feedback_response.webm","full_path":"conversation_turn_5_feedback_response.webm","type":"video\/webm","tmp_name":"C:\\xampp\\tmp\\phpF279.tmp","error":0,"size":1697436}}
[31-Jul-2025 23:24:10 Europe/Berlin] Database connection successful
[31-Jul-2025 23:24:10 Europe/Berlin] Token received: 00f893fb9e1b35c177eef8aeec997276e99cbbee9da80e08de22654fefcc8e7e
[31-Jul-2025 23:24:10 Europe/Berlin] Token validated successfully
[31-Jul-2025 23:24:10 Europe/Berlin] Moving file from C:\xampp\tmp\phpF279.tmp to uploads/interviews/9/conversation_turn_5_feedback_response.webm
[31-Jul-2025 23:24:10 Europe/Berlin] Database SQL: INSERT INTO tblinterviewrecordings 
            (REGISTRATIONID, QUESTION_NUMBER, FILE_PATH, DURATION, RECORDED_AT, CONVERSATION_TURN, QUESTION_TYPE, TRANSCRIPT) 
            VALUES 
            ('9', 0, 'uploads/interviews/9/conversation_turn_5_feedback_response.webm', 11.485, NOW(), 5, 'feedback_response', '')
[31-Jul-2025 23:24:10 Europe/Berlin] Error in simple upload working: Unknown column 'TRANSCRIPT' in 'field list'
[31-Jul-2025 23:24:10 Europe/Berlin] Stack trace: #0 C:\xampp\htdocs\eris\simple-upload-working.php(123): mysqli_query(Object(mysqli), 'INSERT INTO tbl...')
#1 {main}
[31-Jul-2025 23:24:10 Europe/Berlin] === Simple Upload Working Ended ===
[31-Jul-2025 23:24:35 Europe/Berlin] === Simple Upload Working Started ===
[31-Jul-2025 23:24:35 Europe/Berlin] Request Method: POST
[31-Jul-2025 23:24:35 Europe/Berlin] POST Data: {"conversationTurn":"5","questionType":"initial_answer","currentEssentialQuestion":"1","duration":"2.514","token":"00f893fb9e1b35c177eef8aeec997276e99cbbee9da80e08de22654fefcc8e7e","registrationId":"9"}
[31-Jul-2025 23:24:35 Europe/Berlin] FILES Data: {"video":{"name":"conversation_turn_5_initial_answer.webm","full_path":"conversation_turn_5_initial_answer.webm","type":"video\/webm","tmp_name":"C:\\xampp\\tmp\\php5376.tmp","error":0,"size":323648}}
[31-Jul-2025 23:24:35 Europe/Berlin] Database connection successful
[31-Jul-2025 23:24:35 Europe/Berlin] Token received: 00f893fb9e1b35c177eef8aeec997276e99cbbee9da80e08de22654fefcc8e7e
[31-Jul-2025 23:24:35 Europe/Berlin] Token validated successfully
[31-Jul-2025 23:24:35 Europe/Berlin] Moving file from C:\xampp\tmp\php5376.tmp to uploads/interviews/9/conversation_turn_5_initial_answer.webm
[31-Jul-2025 23:24:35 Europe/Berlin] Database SQL: INSERT INTO tblinterviewrecordings 
            (REGISTRATIONID, QUESTION_NUMBER, FILE_PATH, DURATION, RECORDED_AT, CONVERSATION_TURN, QUESTION_TYPE, TRANSCRIPT) 
            VALUES 
            ('9', 1, 'uploads/interviews/9/conversation_turn_5_initial_answer.webm', 2.514, NOW(), 5, 'initial_answer', '')
[31-Jul-2025 23:24:35 Europe/Berlin] Error in simple upload working: Unknown column 'TRANSCRIPT' in 'field list'
[31-Jul-2025 23:24:35 Europe/Berlin] Stack trace: #0 C:\xampp\htdocs\eris\simple-upload-working.php(123): mysqli_query(Object(mysqli), 'INSERT INTO tbl...')
#1 {main}
[31-Jul-2025 23:24:35 Europe/Berlin] === Simple Upload Working Ended ===
[31-Jul-2025 23:24:47 Europe/Berlin] === Simple Upload Working Started ===
[31-Jul-2025 23:24:47 Europe/Berlin] Request Method: POST
[31-Jul-2025 23:24:47 Europe/Berlin] POST Data: {"conversationTurn":"6","questionType":"feedback_response","currentEssentialQuestion":"1","duration":"10.787","token":"00f893fb9e1b35c177eef8aeec997276e99cbbee9da80e08de22654fefcc8e7e","registrationId":"9"}
[31-Jul-2025 23:24:47 Europe/Berlin] FILES Data: {"video":{"name":"conversation_turn_6_feedback_response.webm","full_path":"conversation_turn_6_feedback_response.webm","type":"video\/webm","tmp_name":"C:\\xampp\\tmp\\php8228.tmp","error":0,"size":1601362}}
[31-Jul-2025 23:24:47 Europe/Berlin] Database connection successful
[31-Jul-2025 23:24:47 Europe/Berlin] Token received: 00f893fb9e1b35c177eef8aeec997276e99cbbee9da80e08de22654fefcc8e7e
[31-Jul-2025 23:24:47 Europe/Berlin] Token validated successfully
[31-Jul-2025 23:24:47 Europe/Berlin] Moving file from C:\xampp\tmp\php8228.tmp to uploads/interviews/9/conversation_turn_6_feedback_response.webm
[31-Jul-2025 23:24:47 Europe/Berlin] Database SQL: INSERT INTO tblinterviewrecordings 
            (REGISTRATIONID, QUESTION_NUMBER, FILE_PATH, DURATION, RECORDED_AT, CONVERSATION_TURN, QUESTION_TYPE, TRANSCRIPT) 
            VALUES 
            ('9', 1, 'uploads/interviews/9/conversation_turn_6_feedback_response.webm', 10.787, NOW(), 6, 'feedback_response', '')
[31-Jul-2025 23:24:47 Europe/Berlin] Error in simple upload working: Unknown column 'TRANSCRIPT' in 'field list'
[31-Jul-2025 23:24:47 Europe/Berlin] Stack trace: #0 C:\xampp\htdocs\eris\simple-upload-working.php(123): mysqli_query(Object(mysqli), 'INSERT INTO tbl...')
#1 {main}
[31-Jul-2025 23:24:47 Europe/Berlin] === Simple Upload Working Ended ===
[31-Jul-2025 23:30:44 Europe/Berlin] === Simple Upload Working Started ===
[31-Jul-2025 23:30:44 Europe/Berlin] Request Method: POST
[31-Jul-2025 23:30:44 Europe/Berlin] POST Data: {"conversationTurn":"1","questionType":"initial_answer","currentEssentialQuestion":"0","duration":"10.559","token":"00f893fb9e1b35c177eef8aeec997276e99cbbee9da80e08de22654fefcc8e7e","registrationId":"9"}
[31-Jul-2025 23:30:44 Europe/Berlin] FILES Data: {"video":{"name":"conversation_turn_1_initial_answer.webm","full_path":"conversation_turn_1_initial_answer.webm","type":"video\/webm","tmp_name":"C:\\xampp\\tmp\\phpF434.tmp","error":0,"size":1567606}}
[31-Jul-2025 23:30:44 Europe/Berlin] Database connection successful
[31-Jul-2025 23:30:44 Europe/Berlin] Token received: 00f893fb9e1b35c177eef8aeec997276e99cbbee9da80e08de22654fefcc8e7e
[31-Jul-2025 23:30:44 Europe/Berlin] Token validated successfully
[31-Jul-2025 23:30:44 Europe/Berlin] Moving file from C:\xampp\tmp\phpF434.tmp to uploads/interviews/9/conversation_turn_1_initial_answer.webm
[31-Jul-2025 23:30:44 Europe/Berlin] Database SQL: INSERT INTO tblinterviewrecordings 
            (REGISTRATIONID, QUESTION_NUMBER, FILE_PATH, DURATION, RECORDED_AT, CONVERSATION_TURN, QUESTION_TYPE, TRANSCRIPT) 
            VALUES 
            ('9', 0, 'uploads/interviews/9/conversation_turn_1_initial_answer.webm', 10.559, NOW(), 1, 'initial_answer', '')
[31-Jul-2025 23:30:44 Europe/Berlin] Error in simple upload working: Unknown column 'TRANSCRIPT' in 'field list'
[31-Jul-2025 23:30:44 Europe/Berlin] Stack trace: #0 C:\xampp\htdocs\eris\simple-upload-working.php(123): mysqli_query(Object(mysqli), 'INSERT INTO tbl...')
#1 {main}
[31-Jul-2025 23:30:44 Europe/Berlin] === Simple Upload Working Ended ===
[31-Jul-2025 23:30:46 Europe/Berlin] === Simple Upload Working Started ===
[31-Jul-2025 23:30:46 Europe/Berlin] Request Method: POST
[31-Jul-2025 23:30:46 Europe/Berlin] POST Data: {"conversationTurn":"1","questionType":"initial_answer","currentEssentialQuestion":"0","duration":"1.598","token":"00f893fb9e1b35c177eef8aeec997276e99cbbee9da80e08de22654fefcc8e7e","registrationId":"9"}
[31-Jul-2025 23:30:46 Europe/Berlin] FILES Data: {"video":{"name":"conversation_turn_1_initial_answer.webm","full_path":"conversation_turn_1_initial_answer.webm","type":"video\/webm","tmp_name":"C:\\xampp\\tmp\\phpFEE4.tmp","error":0,"size":160844}}
[31-Jul-2025 23:30:46 Europe/Berlin] Database connection successful
[31-Jul-2025 23:30:46 Europe/Berlin] Token received: 00f893fb9e1b35c177eef8aeec997276e99cbbee9da80e08de22654fefcc8e7e
[31-Jul-2025 23:30:46 Europe/Berlin] Token validated successfully
[31-Jul-2025 23:30:46 Europe/Berlin] Moving file from C:\xampp\tmp\phpFEE4.tmp to uploads/interviews/9/conversation_turn_1_initial_answer.webm
[31-Jul-2025 23:30:46 Europe/Berlin] Database SQL: INSERT INTO tblinterviewrecordings 
            (REGISTRATIONID, QUESTION_NUMBER, FILE_PATH, DURATION, RECORDED_AT, CONVERSATION_TURN, QUESTION_TYPE, TRANSCRIPT) 
            VALUES 
            ('9', 0, 'uploads/interviews/9/conversation_turn_1_initial_answer.webm', 1.598, NOW(), 1, 'initial_answer', '')
[31-Jul-2025 23:30:46 Europe/Berlin] Error in simple upload working: Unknown column 'TRANSCRIPT' in 'field list'
[31-Jul-2025 23:30:46 Europe/Berlin] Stack trace: #0 C:\xampp\htdocs\eris\simple-upload-working.php(123): mysqli_query(Object(mysqli), 'INSERT INTO tbl...')
#1 {main}
[31-Jul-2025 23:30:46 Europe/Berlin] === Simple Upload Working Ended ===
[31-Jul-2025 23:30:53 Europe/Berlin] === Simple Upload Working Started ===
[31-Jul-2025 23:30:53 Europe/Berlin] Request Method: POST
[31-Jul-2025 23:30:53 Europe/Berlin] POST Data: {"conversationTurn":"2","questionType":"feedback_response","currentEssentialQuestion":"0","duration":"5.843","token":"00f893fb9e1b35c177eef8aeec997276e99cbbee9da80e08de22654fefcc8e7e","registrationId":"9"}
[31-Jul-2025 23:30:53 Europe/Berlin] FILES Data: {"video":{"name":"conversation_turn_2_feedback_response.webm","full_path":"conversation_turn_2_feedback_response.webm","type":"video\/webm","tmp_name":"C:\\xampp\\tmp\\php1A1E.tmp","error":0,"size":867217}}
[31-Jul-2025 23:30:53 Europe/Berlin] Database connection successful
[31-Jul-2025 23:30:53 Europe/Berlin] Token received: 00f893fb9e1b35c177eef8aeec997276e99cbbee9da80e08de22654fefcc8e7e
[31-Jul-2025 23:30:53 Europe/Berlin] Token validated successfully
[31-Jul-2025 23:30:53 Europe/Berlin] Moving file from C:\xampp\tmp\php1A1E.tmp to uploads/interviews/9/conversation_turn_2_feedback_response.webm
[31-Jul-2025 23:30:53 Europe/Berlin] Database SQL: INSERT INTO tblinterviewrecordings 
            (REGISTRATIONID, QUESTION_NUMBER, FILE_PATH, DURATION, RECORDED_AT, CONVERSATION_TURN, QUESTION_TYPE, TRANSCRIPT) 
            VALUES 
            ('9', 0, 'uploads/interviews/9/conversation_turn_2_feedback_response.webm', 5.843, NOW(), 2, 'feedback_response', '')
[31-Jul-2025 23:30:53 Europe/Berlin] Error in simple upload working: Unknown column 'TRANSCRIPT' in 'field list'
[31-Jul-2025 23:30:53 Europe/Berlin] Stack trace: #0 C:\xampp\htdocs\eris\simple-upload-working.php(123): mysqli_query(Object(mysqli), 'INSERT INTO tbl...')
#1 {main}
[31-Jul-2025 23:30:53 Europe/Berlin] === Simple Upload Working Ended ===
[31-Jul-2025 23:31:05 Europe/Berlin] === Simple Upload Working Started ===
[31-Jul-2025 23:31:05 Europe/Berlin] Request Method: POST
[31-Jul-2025 23:31:05 Europe/Berlin] POST Data: {"conversationTurn":"2","questionType":"feedback_response","currentEssentialQuestion":"0","duration":"2.525","token":"00f893fb9e1b35c177eef8aeec997276e99cbbee9da80e08de22654fefcc8e7e","registrationId":"9"}
[31-Jul-2025 23:31:05 Europe/Berlin] FILES Data: {"video":{"name":"conversation_turn_2_feedback_response.webm","full_path":"conversation_turn_2_feedback_response.webm","type":"video\/webm","tmp_name":"C:\\xampp\\tmp\\php4824.tmp","error":0,"size":328012}}
[31-Jul-2025 23:31:05 Europe/Berlin] Database connection successful
[31-Jul-2025 23:31:05 Europe/Berlin] Token received: 00f893fb9e1b35c177eef8aeec997276e99cbbee9da80e08de22654fefcc8e7e
[31-Jul-2025 23:31:05 Europe/Berlin] Token validated successfully
[31-Jul-2025 23:31:05 Europe/Berlin] Moving file from C:\xampp\tmp\php4824.tmp to uploads/interviews/9/conversation_turn_2_feedback_response.webm
[31-Jul-2025 23:31:05 Europe/Berlin] Database SQL: INSERT INTO tblinterviewrecordings 
            (REGISTRATIONID, QUESTION_NUMBER, FILE_PATH, DURATION, RECORDED_AT, CONVERSATION_TURN, QUESTION_TYPE, TRANSCRIPT) 
            VALUES 
            ('9', 0, 'uploads/interviews/9/conversation_turn_2_feedback_response.webm', 2.525, NOW(), 2, 'feedback_response', '')
[31-Jul-2025 23:31:05 Europe/Berlin] Error in simple upload working: Unknown column 'TRANSCRIPT' in 'field list'
[31-Jul-2025 23:31:05 Europe/Berlin] Stack trace: #0 C:\xampp\htdocs\eris\simple-upload-working.php(123): mysqli_query(Object(mysqli), 'INSERT INTO tbl...')
#1 {main}
[31-Jul-2025 23:31:05 Europe/Berlin] === Simple Upload Working Ended ===
[31-Jul-2025 23:31:17 Europe/Berlin] === Simple Upload Working Started ===
[31-Jul-2025 23:31:17 Europe/Berlin] Request Method: POST
[31-Jul-2025 23:31:17 Europe/Berlin] POST Data: {"conversationTurn":"2","questionType":"initial_answer","currentEssentialQuestion":"0","duration":"10.83","token":"00f893fb9e1b35c177eef8aeec997276e99cbbee9da80e08de22654fefcc8e7e","registrationId":"9"}
[31-Jul-2025 23:31:17 Europe/Berlin] FILES Data: {"video":{"name":"conversation_turn_2_initial_answer.webm","full_path":"conversation_turn_2_initial_answer.webm","type":"video\/webm","tmp_name":"C:\\xampp\\tmp\\php76E6.tmp","error":0,"size":1607589}}
[31-Jul-2025 23:31:17 Europe/Berlin] Database connection successful
[31-Jul-2025 23:31:17 Europe/Berlin] Token received: 00f893fb9e1b35c177eef8aeec997276e99cbbee9da80e08de22654fefcc8e7e
[31-Jul-2025 23:31:17 Europe/Berlin] Token validated successfully
[31-Jul-2025 23:31:17 Europe/Berlin] Moving file from C:\xampp\tmp\php76E6.tmp to uploads/interviews/9/conversation_turn_2_initial_answer.webm
[31-Jul-2025 23:31:17 Europe/Berlin] Database SQL: INSERT INTO tblinterviewrecordings 
            (REGISTRATIONID, QUESTION_NUMBER, FILE_PATH, DURATION, RECORDED_AT, CONVERSATION_TURN, QUESTION_TYPE, TRANSCRIPT) 
            VALUES 
            ('9', 0, 'uploads/interviews/9/conversation_turn_2_initial_answer.webm', 10.83, NOW(), 2, 'initial_answer', '')
[31-Jul-2025 23:31:17 Europe/Berlin] Error in simple upload working: Unknown column 'TRANSCRIPT' in 'field list'
[31-Jul-2025 23:31:17 Europe/Berlin] Stack trace: #0 C:\xampp\htdocs\eris\simple-upload-working.php(123): mysqli_query(Object(mysqli), 'INSERT INTO tbl...')
#1 {main}
[31-Jul-2025 23:31:17 Europe/Berlin] === Simple Upload Working Ended ===
[31-Jul-2025 23:31:21 Europe/Berlin] === Simple Upload Working Started ===
[31-Jul-2025 23:31:21 Europe/Berlin] Request Method: POST
[31-Jul-2025 23:31:21 Europe/Berlin] POST Data: {"conversationTurn":"2","questionType":"initial_answer","currentEssentialQuestion":"0","duration":"3.081","token":"00f893fb9e1b35c177eef8aeec997276e99cbbee9da80e08de22654fefcc8e7e","registrationId":"9"}
[31-Jul-2025 23:31:21 Europe/Berlin] FILES Data: {"video":{"name":"conversation_turn_2_initial_answer.webm","full_path":"conversation_turn_2_initial_answer.webm","type":"video\/webm","tmp_name":"C:\\xampp\\tmp\\php8732.tmp","error":0,"size":437079}}
[31-Jul-2025 23:31:21 Europe/Berlin] Database connection successful
[31-Jul-2025 23:31:21 Europe/Berlin] Token received: 00f893fb9e1b35c177eef8aeec997276e99cbbee9da80e08de22654fefcc8e7e
[31-Jul-2025 23:31:21 Europe/Berlin] Token validated successfully
[31-Jul-2025 23:31:21 Europe/Berlin] Moving file from C:\xampp\tmp\php8732.tmp to uploads/interviews/9/conversation_turn_2_initial_answer.webm
[31-Jul-2025 23:31:21 Europe/Berlin] Database SQL: INSERT INTO tblinterviewrecordings 
            (REGISTRATIONID, QUESTION_NUMBER, FILE_PATH, DURATION, RECORDED_AT, CONVERSATION_TURN, QUESTION_TYPE, TRANSCRIPT) 
            VALUES 
            ('9', 0, 'uploads/interviews/9/conversation_turn_2_initial_answer.webm', 3.081, NOW(), 2, 'initial_answer', '')
[31-Jul-2025 23:31:21 Europe/Berlin] Error in simple upload working: Unknown column 'TRANSCRIPT' in 'field list'
[31-Jul-2025 23:31:21 Europe/Berlin] Stack trace: #0 C:\xampp\htdocs\eris\simple-upload-working.php(123): mysqli_query(Object(mysqli), 'INSERT INTO tbl...')
#1 {main}
[31-Jul-2025 23:31:21 Europe/Berlin] === Simple Upload Working Ended ===
[31-Jul-2025 23:31:25 Europe/Berlin] === Simple Upload Working Started ===
[31-Jul-2025 23:31:25 Europe/Berlin] Request Method: POST
[31-Jul-2025 23:31:25 Europe/Berlin] POST Data: {"conversationTurn":"2","questionType":"initial_answer","currentEssentialQuestion":"0","duration":"2.511","token":"00f893fb9e1b35c177eef8aeec997276e99cbbee9da80e08de22654fefcc8e7e","registrationId":"9"}
[31-Jul-2025 23:31:25 Europe/Berlin] FILES Data: {"video":{"name":"conversation_turn_2_initial_answer.webm","full_path":"conversation_turn_2_initial_answer.webm","type":"video\/webm","tmp_name":"C:\\xampp\\tmp\\php959B.tmp","error":0,"size":327758}}
[31-Jul-2025 23:31:25 Europe/Berlin] Database connection successful
[31-Jul-2025 23:31:25 Europe/Berlin] Token received: 00f893fb9e1b35c177eef8aeec997276e99cbbee9da80e08de22654fefcc8e7e
[31-Jul-2025 23:31:25 Europe/Berlin] Token validated successfully
[31-Jul-2025 23:31:25 Europe/Berlin] Moving file from C:\xampp\tmp\php959B.tmp to uploads/interviews/9/conversation_turn_2_initial_answer.webm
[31-Jul-2025 23:31:25 Europe/Berlin] Database SQL: INSERT INTO tblinterviewrecordings 
            (REGISTRATIONID, QUESTION_NUMBER, FILE_PATH, DURATION, RECORDED_AT, CONVERSATION_TURN, QUESTION_TYPE, TRANSCRIPT) 
            VALUES 
            ('9', 0, 'uploads/interviews/9/conversation_turn_2_initial_answer.webm', 2.511, NOW(), 2, 'initial_answer', '')
[31-Jul-2025 23:31:25 Europe/Berlin] Error in simple upload working: Unknown column 'TRANSCRIPT' in 'field list'
[31-Jul-2025 23:31:25 Europe/Berlin] Stack trace: #0 C:\xampp\htdocs\eris\simple-upload-working.php(123): mysqli_query(Object(mysqli), 'INSERT INTO tbl...')
#1 {main}
[31-Jul-2025 23:31:25 Europe/Berlin] === Simple Upload Working Ended ===
[03-Aug-2025 19:57:38 Europe/Berlin] === Simple Upload Working Started ===
[03-Aug-2025 19:57:38 Europe/Berlin] Request Method: POST
[03-Aug-2025 19:57:38 Europe/Berlin] POST Data: {"conversationTurn":"2","questionType":"essential_answer","currentEssentialQuestion":"0","duration":"15.621","token":"875c4190142eed84b4de18e5975a6c10e8c3ad83ea3c61d2ec969ed34ca79a64","registrationId":"9","transcript":""}
[03-Aug-2025 19:57:38 Europe/Berlin] FILES Data: {"video":{"name":"conversation_turn_2_essential_answer.webm","full_path":"conversation_turn_2_essential_answer.webm","type":"video\/webm","tmp_name":"C:\\xampp\\tmp\\phpF24F.tmp","error":0,"size":2331376}}
[03-Aug-2025 19:57:39 Europe/Berlin] Database connection successful
[03-Aug-2025 19:57:39 Europe/Berlin] Token received: 875c4190142eed84b4de18e5975a6c10e8c3ad83ea3c61d2ec969ed34ca79a64
[03-Aug-2025 19:57:39 Europe/Berlin] Token validated successfully
[03-Aug-2025 19:57:39 Europe/Berlin] Moving file from C:\xampp\tmp\phpF24F.tmp to uploads/interviews/9/conversation_turn_2_essential_answer.webm
[03-Aug-2025 19:57:39 Europe/Berlin] Database SQL: INSERT INTO tblinterviewrecordings 
            (REGISTRATIONID, QUESTION_NUMBER, FILE_PATH, DURATION, RECORDED_AT, CONVERSATION_TURN, QUESTION_TYPE, TRANSCRIPT) 
            VALUES 
            ('9', 0, 'uploads/interviews/9/conversation_turn_2_essential_answer.webm', 15.621, NOW(), 2, 'essential_answer', '')
[03-Aug-2025 19:57:39 Europe/Berlin] Error in simple upload working: Unknown column 'TRANSCRIPT' in 'field list'
[03-Aug-2025 19:57:39 Europe/Berlin] Stack trace: #0 C:\xampp\htdocs\eris\simple-upload-working.php(123): mysqli_query(Object(mysqli), 'INSERT INTO tbl...')
#1 {main}
[03-Aug-2025 19:57:39 Europe/Berlin] === Simple Upload Working Ended ===
[03-Aug-2025 19:58:13 Europe/Berlin] === Simple Upload Working Started ===
[03-Aug-2025 19:58:13 Europe/Berlin] Request Method: POST
[03-Aug-2025 19:58:13 Europe/Berlin] POST Data: {"conversationTurn":"3","questionType":"essential_answer","currentEssentialQuestion":"1","duration":"12.479","token":"875c4190142eed84b4de18e5975a6c10e8c3ad83ea3c61d2ec969ed34ca79a64","registrationId":"9","transcript":""}
[03-Aug-2025 19:58:13 Europe/Berlin] FILES Data: {"video":{"name":"conversation_turn_3_essential_answer.webm","full_path":"conversation_turn_3_essential_answer.webm","type":"video\/webm","tmp_name":"C:\\xampp\\tmp\\php78C6.tmp","error":0,"size":1863437}}
[03-Aug-2025 19:58:13 Europe/Berlin] Database connection successful
[03-Aug-2025 19:58:13 Europe/Berlin] Token received: 875c4190142eed84b4de18e5975a6c10e8c3ad83ea3c61d2ec969ed34ca79a64
[03-Aug-2025 19:58:13 Europe/Berlin] Token validated successfully
[03-Aug-2025 19:58:13 Europe/Berlin] Moving file from C:\xampp\tmp\php78C6.tmp to uploads/interviews/9/conversation_turn_3_essential_answer.webm
[03-Aug-2025 19:58:13 Europe/Berlin] Database SQL: INSERT INTO tblinterviewrecordings 
            (REGISTRATIONID, QUESTION_NUMBER, FILE_PATH, DURATION, RECORDED_AT, CONVERSATION_TURN, QUESTION_TYPE, TRANSCRIPT) 
            VALUES 
            ('9', 1, 'uploads/interviews/9/conversation_turn_3_essential_answer.webm', 12.479, NOW(), 3, 'essential_answer', '')
[03-Aug-2025 19:58:13 Europe/Berlin] Error in simple upload working: Unknown column 'TRANSCRIPT' in 'field list'
[03-Aug-2025 19:58:13 Europe/Berlin] Stack trace: #0 C:\xampp\htdocs\eris\simple-upload-working.php(123): mysqli_query(Object(mysqli), 'INSERT INTO tbl...')
#1 {main}
[03-Aug-2025 19:58:13 Europe/Berlin] === Simple Upload Working Ended ===
[03-Aug-2025 19:58:49 Europe/Berlin] === Simple Upload Working Started ===
[03-Aug-2025 19:58:49 Europe/Berlin] Request Method: POST
[03-Aug-2025 19:58:49 Europe/Berlin] POST Data: {"conversationTurn":"4","questionType":"essential_answer","currentEssentialQuestion":"2","duration":"13.153","token":"875c4190142eed84b4de18e5975a6c10e8c3ad83ea3c61d2ec969ed34ca79a64","registrationId":"9","transcript":""}
[03-Aug-2025 19:58:49 Europe/Berlin] FILES Data: {"video":{"name":"conversation_turn_4_essential_answer.webm","full_path":"conversation_turn_4_essential_answer.webm","type":"video\/webm","tmp_name":"C:\\xampp\\tmp\\php5D4.tmp","error":0,"size":1941219}}
[03-Aug-2025 19:58:49 Europe/Berlin] Database connection successful
[03-Aug-2025 19:58:49 Europe/Berlin] Token received: 875c4190142eed84b4de18e5975a6c10e8c3ad83ea3c61d2ec969ed34ca79a64
[03-Aug-2025 19:58:49 Europe/Berlin] Token validated successfully
[03-Aug-2025 19:58:49 Europe/Berlin] Moving file from C:\xampp\tmp\php5D4.tmp to uploads/interviews/9/conversation_turn_4_essential_answer.webm
[03-Aug-2025 19:58:49 Europe/Berlin] Database SQL: INSERT INTO tblinterviewrecordings 
            (REGISTRATIONID, QUESTION_NUMBER, FILE_PATH, DURATION, RECORDED_AT, CONVERSATION_TURN, QUESTION_TYPE, TRANSCRIPT) 
            VALUES 
            ('9', 2, 'uploads/interviews/9/conversation_turn_4_essential_answer.webm', 13.153, NOW(), 4, 'essential_answer', '')
[03-Aug-2025 19:58:49 Europe/Berlin] Error in simple upload working: Unknown column 'TRANSCRIPT' in 'field list'
[03-Aug-2025 19:58:49 Europe/Berlin] Stack trace: #0 C:\xampp\htdocs\eris\simple-upload-working.php(123): mysqli_query(Object(mysqli), 'INSERT INTO tbl...')
#1 {main}
[03-Aug-2025 19:58:49 Europe/Berlin] === Simple Upload Working Ended ===
[03-Aug-2025 19:59:22 Europe/Berlin] === Simple Upload Working Started ===
[03-Aug-2025 19:59:22 Europe/Berlin] Request Method: POST
[03-Aug-2025 19:59:22 Europe/Berlin] POST Data: {"conversationTurn":"5","questionType":"essential_answer","currentEssentialQuestion":"3","duration":"12.449","token":"875c4190142eed84b4de18e5975a6c10e8c3ad83ea3c61d2ec969ed34ca79a64","registrationId":"9","transcript":""}
[03-Aug-2025 19:59:22 Europe/Berlin] FILES Data: {"video":{"name":"conversation_turn_5_essential_answer.webm","full_path":"conversation_turn_5_essential_answer.webm","type":"video\/webm","tmp_name":"C:\\xampp\\tmp\\php8824.tmp","error":0,"size":1850405}}
[03-Aug-2025 19:59:22 Europe/Berlin] Database connection successful
[03-Aug-2025 19:59:22 Europe/Berlin] Token received: 875c4190142eed84b4de18e5975a6c10e8c3ad83ea3c61d2ec969ed34ca79a64
[03-Aug-2025 19:59:22 Europe/Berlin] Token validated successfully
[03-Aug-2025 19:59:22 Europe/Berlin] Moving file from C:\xampp\tmp\php8824.tmp to uploads/interviews/9/conversation_turn_5_essential_answer.webm
[03-Aug-2025 19:59:22 Europe/Berlin] Database SQL: INSERT INTO tblinterviewrecordings 
            (REGISTRATIONID, QUESTION_NUMBER, FILE_PATH, DURATION, RECORDED_AT, CONVERSATION_TURN, QUESTION_TYPE, TRANSCRIPT) 
            VALUES 
            ('9', 3, 'uploads/interviews/9/conversation_turn_5_essential_answer.webm', 12.449, NOW(), 5, 'essential_answer', '')
[03-Aug-2025 19:59:22 Europe/Berlin] Error in simple upload working: Unknown column 'TRANSCRIPT' in 'field list'
[03-Aug-2025 19:59:22 Europe/Berlin] Stack trace: #0 C:\xampp\htdocs\eris\simple-upload-working.php(123): mysqli_query(Object(mysqli), 'INSERT INTO tbl...')
#1 {main}
[03-Aug-2025 19:59:22 Europe/Berlin] === Simple Upload Working Ended ===
[03-Aug-2025 19:59:54 Europe/Berlin] === Simple Upload Working Started ===
[03-Aug-2025 19:59:54 Europe/Berlin] Request Method: POST
[03-Aug-2025 19:59:54 Europe/Berlin] POST Data: {"conversationTurn":"5","questionType":"essential_answer","currentEssentialQuestion":"4","duration":"9.288","token":"875c4190142eed84b4de18e5975a6c10e8c3ad83ea3c61d2ec969ed34ca79a64","registrationId":"9","transcript":"um my vision in the next 5th is seen myself other greater Heights has been being on top of everything"}
[03-Aug-2025 19:59:54 Europe/Berlin] FILES Data: {"video":{"name":"conversation_turn_5_essential_answer.webm","full_path":"conversation_turn_5_essential_answer.webm","type":"video\/webm","tmp_name":"C:\\xampp\\tmp\\php38F.tmp","error":0,"size":1392146}}
[03-Aug-2025 19:59:54 Europe/Berlin] Database connection successful
[03-Aug-2025 19:59:54 Europe/Berlin] Token received: 875c4190142eed84b4de18e5975a6c10e8c3ad83ea3c61d2ec969ed34ca79a64
[03-Aug-2025 19:59:54 Europe/Berlin] Token validated successfully
[03-Aug-2025 19:59:54 Europe/Berlin] Moving file from C:\xampp\tmp\php38F.tmp to uploads/interviews/9/conversation_turn_5_essential_answer.webm
[03-Aug-2025 19:59:54 Europe/Berlin] Database SQL: INSERT INTO tblinterviewrecordings 
            (REGISTRATIONID, QUESTION_NUMBER, FILE_PATH, DURATION, RECORDED_AT, CONVERSATION_TURN, QUESTION_TYPE, TRANSCRIPT) 
            VALUES 
            ('9', 4, 'uploads/interviews/9/conversation_turn_5_essential_answer.webm', 9.288, NOW(), 5, 'essential_answer', 'um my vision in the next 5th is seen myself other greater Heights has been being on top of everything')
[03-Aug-2025 19:59:54 Europe/Berlin] Error in simple upload working: Unknown column 'TRANSCRIPT' in 'field list'
[03-Aug-2025 19:59:54 Europe/Berlin] Stack trace: #0 C:\xampp\htdocs\eris\simple-upload-working.php(123): mysqli_query(Object(mysqli), 'INSERT INTO tbl...')
#1 {main}
[03-Aug-2025 19:59:54 Europe/Berlin] === Simple Upload Working Ended ===
[03-Aug-2025 19:59:57 Europe/Berlin] === Simple Upload Working Started ===
[03-Aug-2025 19:59:57 Europe/Berlin] Request Method: POST
[03-Aug-2025 19:59:57 Europe/Berlin] POST Data: {"conversationTurn":"6","questionType":"essential_answer","currentEssentialQuestion":"4","duration":"2.562","token":"875c4190142eed84b4de18e5975a6c10e8c3ad83ea3c61d2ec969ed34ca79a64","registrationId":"9","transcript":""}
[03-Aug-2025 19:59:57 Europe/Berlin] FILES Data: {"video":{"name":"conversation_turn_6_essential_answer.webm","full_path":"conversation_turn_6_essential_answer.webm","type":"video\/webm","tmp_name":"C:\\xampp\\tmp\\php11A9.tmp","error":0,"size":346998}}
[03-Aug-2025 19:59:57 Europe/Berlin] Database connection successful
[03-Aug-2025 19:59:57 Europe/Berlin] Token received: 875c4190142eed84b4de18e5975a6c10e8c3ad83ea3c61d2ec969ed34ca79a64
[03-Aug-2025 19:59:57 Europe/Berlin] Token validated successfully
[03-Aug-2025 19:59:57 Europe/Berlin] Moving file from C:\xampp\tmp\php11A9.tmp to uploads/interviews/9/conversation_turn_6_essential_answer.webm
[03-Aug-2025 19:59:57 Europe/Berlin] Database SQL: INSERT INTO tblinterviewrecordings 
            (REGISTRATIONID, QUESTION_NUMBER, FILE_PATH, DURATION, RECORDED_AT, CONVERSATION_TURN, QUESTION_TYPE, TRANSCRIPT) 
            VALUES 
            ('9', 4, 'uploads/interviews/9/conversation_turn_6_essential_answer.webm', 2.562, NOW(), 6, 'essential_answer', '')
[03-Aug-2025 19:59:57 Europe/Berlin] Error in simple upload working: Unknown column 'TRANSCRIPT' in 'field list'
[03-Aug-2025 19:59:57 Europe/Berlin] Stack trace: #0 C:\xampp\htdocs\eris\simple-upload-working.php(123): mysqli_query(Object(mysqli), 'INSERT INTO tbl...')
#1 {main}
[03-Aug-2025 19:59:58 Europe/Berlin] === Simple Upload Working Ended ===
[03-Aug-2025 20:00:20 Europe/Berlin] === Simple Upload Working Started ===
[03-Aug-2025 20:00:20 Europe/Berlin] Request Method: POST
[03-Aug-2025 20:00:20 Europe/Berlin] POST Data: {"conversationTurn":"6","questionType":"essential_answer","currentEssentialQuestion":"5","duration":"2.552","token":"875c4190142eed84b4de18e5975a6c10e8c3ad83ea3c61d2ec969ed34ca79a64","registrationId":"9","transcript":""}
[03-Aug-2025 20:00:20 Europe/Berlin] FILES Data: {"video":{"name":"conversation_turn_6_essential_answer.webm","full_path":"conversation_turn_6_essential_answer.webm","type":"video\/webm","tmp_name":"C:\\xampp\\tmp\\php6817.tmp","error":0,"size":330262}}
[03-Aug-2025 20:00:20 Europe/Berlin] Database connection successful
[03-Aug-2025 20:00:20 Europe/Berlin] Token received: 875c4190142eed84b4de18e5975a6c10e8c3ad83ea3c61d2ec969ed34ca79a64
[03-Aug-2025 20:00:20 Europe/Berlin] Token validated successfully
[03-Aug-2025 20:00:20 Europe/Berlin] Moving file from C:\xampp\tmp\php6817.tmp to uploads/interviews/9/conversation_turn_6_essential_answer.webm
[03-Aug-2025 20:00:20 Europe/Berlin] Database SQL: INSERT INTO tblinterviewrecordings 
            (REGISTRATIONID, QUESTION_NUMBER, FILE_PATH, DURATION, RECORDED_AT, CONVERSATION_TURN, QUESTION_TYPE, TRANSCRIPT) 
            VALUES 
            ('9', 5, 'uploads/interviews/9/conversation_turn_6_essential_answer.webm', 2.552, NOW(), 6, 'essential_answer', '')
[03-Aug-2025 20:00:20 Europe/Berlin] Error in simple upload working: Unknown column 'TRANSCRIPT' in 'field list'
[03-Aug-2025 20:00:20 Europe/Berlin] Stack trace: #0 C:\xampp\htdocs\eris\simple-upload-working.php(123): mysqli_query(Object(mysqli), 'INSERT INTO tbl...')
#1 {main}
[03-Aug-2025 20:00:20 Europe/Berlin] === Simple Upload Working Ended ===
[03-Aug-2025 20:00:36 Europe/Berlin] === Simple Upload Working Started ===
[03-Aug-2025 20:00:36 Europe/Berlin] Request Method: POST
[03-Aug-2025 20:00:36 Europe/Berlin] POST Data: {"conversationTurn":"7","questionType":"essential_answer","currentEssentialQuestion":"5","duration":"14.818","token":"875c4190142eed84b4de18e5975a6c10e8c3ad83ea3c61d2ec969ed34ca79a64","registrationId":"9","transcript":""}
[03-Aug-2025 20:00:36 Europe/Berlin] FILES Data: {"video":{"name":"conversation_turn_7_essential_answer.webm","full_path":"conversation_turn_7_essential_answer.webm","type":"video\/webm","tmp_name":"C:\\xampp\\tmp\\phpA6A8.tmp","error":0,"size":2206229}}
[03-Aug-2025 20:00:36 Europe/Berlin] Database connection successful
[03-Aug-2025 20:00:36 Europe/Berlin] Token received: 875c4190142eed84b4de18e5975a6c10e8c3ad83ea3c61d2ec969ed34ca79a64
[03-Aug-2025 20:00:36 Europe/Berlin] Token validated successfully
[03-Aug-2025 20:00:36 Europe/Berlin] Moving file from C:\xampp\tmp\phpA6A8.tmp to uploads/interviews/9/conversation_turn_7_essential_answer.webm
[03-Aug-2025 20:00:36 Europe/Berlin] Database SQL: INSERT INTO tblinterviewrecordings 
            (REGISTRATIONID, QUESTION_NUMBER, FILE_PATH, DURATION, RECORDED_AT, CONVERSATION_TURN, QUESTION_TYPE, TRANSCRIPT) 
            VALUES 
            ('9', 5, 'uploads/interviews/9/conversation_turn_7_essential_answer.webm', 14.818, NOW(), 7, 'essential_answer', '')
[03-Aug-2025 20:00:36 Europe/Berlin] Error in simple upload working: Unknown column 'TRANSCRIPT' in 'field list'
[03-Aug-2025 20:00:36 Europe/Berlin] Stack trace: #0 C:\xampp\htdocs\eris\simple-upload-working.php(123): mysqli_query(Object(mysqli), 'INSERT INTO tbl...')
#1 {main}
[03-Aug-2025 20:00:36 Europe/Berlin] === Simple Upload Working Ended ===
[03-Aug-2025 20:01:00 Europe/Berlin] === Simple Upload Working Started ===
[03-Aug-2025 20:01:00 Europe/Berlin] Request Method: POST
[03-Aug-2025 20:01:00 Europe/Berlin] POST Data: {"conversationTurn":"7","questionType":"essential_answer","currentEssentialQuestion":"6","duration":"2.52","token":"875c4190142eed84b4de18e5975a6c10e8c3ad83ea3c61d2ec969ed34ca79a64","registrationId":"9","transcript":""}
[03-Aug-2025 20:01:00 Europe/Berlin] FILES Data: {"video":{"name":"conversation_turn_7_essential_answer.webm","full_path":"conversation_turn_7_essential_answer.webm","type":"video\/webm","tmp_name":"C:\\xampp\\tmp\\php6DA.tmp","error":0,"size":345546}}
[03-Aug-2025 20:01:00 Europe/Berlin] Database connection successful
[03-Aug-2025 20:01:00 Europe/Berlin] Token received: 875c4190142eed84b4de18e5975a6c10e8c3ad83ea3c61d2ec969ed34ca79a64
[03-Aug-2025 20:01:00 Europe/Berlin] Token validated successfully
[03-Aug-2025 20:01:00 Europe/Berlin] Moving file from C:\xampp\tmp\php6DA.tmp to uploads/interviews/9/conversation_turn_7_essential_answer.webm
[03-Aug-2025 20:01:00 Europe/Berlin] Database SQL: INSERT INTO tblinterviewrecordings 
            (REGISTRATIONID, QUESTION_NUMBER, FILE_PATH, DURATION, RECORDED_AT, CONVERSATION_TURN, QUESTION_TYPE, TRANSCRIPT) 
            VALUES 
            ('9', 6, 'uploads/interviews/9/conversation_turn_7_essential_answer.webm', 2.52, NOW(), 7, 'essential_answer', '')
[03-Aug-2025 20:01:00 Europe/Berlin] Error in simple upload working: Unknown column 'TRANSCRIPT' in 'field list'
[03-Aug-2025 20:01:00 Europe/Berlin] Stack trace: #0 C:\xampp\htdocs\eris\simple-upload-working.php(123): mysqli_query(Object(mysqli), 'INSERT INTO tbl...')
#1 {main}
[03-Aug-2025 20:01:00 Europe/Berlin] === Simple Upload Working Ended ===
[03-Aug-2025 20:01:18 Europe/Berlin] === Simple Upload Working Started ===
[03-Aug-2025 20:01:18 Europe/Berlin] Request Method: POST
[03-Aug-2025 20:01:18 Europe/Berlin] POST Data: {"conversationTurn":"8","questionType":"essential_answer","currentEssentialQuestion":"6","duration":"16.67","token":"875c4190142eed84b4de18e5975a6c10e8c3ad83ea3c61d2ec969ed34ca79a64","registrationId":"9","transcript":""}
[03-Aug-2025 20:01:18 Europe/Berlin] FILES Data: {"video":{"name":"conversation_turn_8_essential_answer.webm","full_path":"conversation_turn_8_essential_answer.webm","type":"video\/webm","tmp_name":"C:\\xampp\\tmp\\php4C7F.tmp","error":0,"size":2484431}}
[03-Aug-2025 20:01:18 Europe/Berlin] Database connection successful
[03-Aug-2025 20:01:18 Europe/Berlin] Token received: 875c4190142eed84b4de18e5975a6c10e8c3ad83ea3c61d2ec969ed34ca79a64
[03-Aug-2025 20:01:18 Europe/Berlin] Token validated successfully
[03-Aug-2025 20:01:18 Europe/Berlin] Moving file from C:\xampp\tmp\php4C7F.tmp to uploads/interviews/9/conversation_turn_8_essential_answer.webm
[03-Aug-2025 20:01:18 Europe/Berlin] Database SQL: INSERT INTO tblinterviewrecordings 
            (REGISTRATIONID, QUESTION_NUMBER, FILE_PATH, DURATION, RECORDED_AT, CONVERSATION_TURN, QUESTION_TYPE, TRANSCRIPT) 
            VALUES 
            ('9', 6, 'uploads/interviews/9/conversation_turn_8_essential_answer.webm', 16.67, NOW(), 8, 'essential_answer', '')
[03-Aug-2025 20:01:18 Europe/Berlin] Error in simple upload working: Unknown column 'TRANSCRIPT' in 'field list'
[03-Aug-2025 20:01:18 Europe/Berlin] Stack trace: #0 C:\xampp\htdocs\eris\simple-upload-working.php(123): mysqli_query(Object(mysqli), 'INSERT INTO tbl...')
#1 {main}
[03-Aug-2025 20:01:18 Europe/Berlin] === Simple Upload Working Ended ===
[04-Aug-2025 18:55:48 Europe/Berlin] === Simple Upload Working Started ===
[04-Aug-2025 18:55:48 Europe/Berlin] Request Method: POST
[04-Aug-2025 18:55:48 Europe/Berlin] POST Data: {"conversationTurn":"2","questionType":"essential_answer","currentEssentialQuestion":"0","duration":"13.421","token":"d99a956b67395647dbc6de00586e285779c130a5be7187fda51f8d34fdcd20c9","registrationId":"9","transcript":""}
[04-Aug-2025 18:55:48 Europe/Berlin] FILES Data: {"video":{"name":"conversation_turn_2_essential_answer.webm","full_path":"conversation_turn_2_essential_answer.webm","type":"video\/webm","tmp_name":"C:\\xampp\\tmp\\phpB02B.tmp","error":0,"size":2008605}}
[04-Aug-2025 18:55:48 Europe/Berlin] Database connection successful
[04-Aug-2025 18:55:48 Europe/Berlin] Token received: d99a956b67395647dbc6de00586e285779c130a5be7187fda51f8d34fdcd20c9
[04-Aug-2025 18:55:48 Europe/Berlin] Token validated successfully
[04-Aug-2025 18:55:48 Europe/Berlin] Moving file from C:\xampp\tmp\phpB02B.tmp to uploads/interviews/9/conversation_turn_2_essential_answer.webm
[04-Aug-2025 18:55:48 Europe/Berlin] Database SQL: INSERT INTO tblinterviewrecordings 
            (REGISTRATIONID, QUESTION_NUMBER, FILE_PATH, DURATION, RECORDED_AT, CONVERSATION_TURN, QUESTION_TYPE, TRANSCRIPT) 
            VALUES 
            ('9', 0, 'uploads/interviews/9/conversation_turn_2_essential_answer.webm', 13.421, NOW(), 2, 'essential_answer', '')
[04-Aug-2025 18:55:48 Europe/Berlin] Error in simple upload working: Unknown column 'TRANSCRIPT' in 'field list'
[04-Aug-2025 18:55:48 Europe/Berlin] Stack trace: #0 C:\xampp\htdocs\eris\simple-upload-working.php(123): mysqli_query(Object(mysqli), 'INSERT INTO tbl...')
#1 {main}
[04-Aug-2025 18:55:48 Europe/Berlin] === Simple Upload Working Ended ===
[04-Aug-2025 18:56:21 Europe/Berlin] === Simple Upload Working Started ===
[04-Aug-2025 18:56:21 Europe/Berlin] Request Method: POST
[04-Aug-2025 18:56:21 Europe/Berlin] POST Data: {"conversationTurn":"3","questionType":"essential_answer","currentEssentialQuestion":"1","duration":"11.833","token":"d99a956b67395647dbc6de00586e285779c130a5be7187fda51f8d34fdcd20c9","registrationId":"9","transcript":""}
[04-Aug-2025 18:56:21 Europe/Berlin] FILES Data: {"video":{"name":"conversation_turn_3_essential_answer.webm","full_path":"conversation_turn_3_essential_answer.webm","type":"video\/webm","tmp_name":"C:\\xampp\\tmp\\php30E5.tmp","error":0,"size":1746302}}
[04-Aug-2025 18:56:21 Europe/Berlin] Database connection successful
[04-Aug-2025 18:56:21 Europe/Berlin] Token received: d99a956b67395647dbc6de00586e285779c130a5be7187fda51f8d34fdcd20c9
[04-Aug-2025 18:56:21 Europe/Berlin] Token validated successfully
[04-Aug-2025 18:56:21 Europe/Berlin] Moving file from C:\xampp\tmp\php30E5.tmp to uploads/interviews/9/conversation_turn_3_essential_answer.webm
[04-Aug-2025 18:56:21 Europe/Berlin] Database SQL: INSERT INTO tblinterviewrecordings 
            (REGISTRATIONID, QUESTION_NUMBER, FILE_PATH, DURATION, RECORDED_AT, CONVERSATION_TURN, QUESTION_TYPE, TRANSCRIPT) 
            VALUES 
            ('9', 1, 'uploads/interviews/9/conversation_turn_3_essential_answer.webm', 11.833, NOW(), 3, 'essential_answer', '')
[04-Aug-2025 18:56:21 Europe/Berlin] Error in simple upload working: Unknown column 'TRANSCRIPT' in 'field list'
[04-Aug-2025 18:56:21 Europe/Berlin] Stack trace: #0 C:\xampp\htdocs\eris\simple-upload-working.php(123): mysqli_query(Object(mysqli), 'INSERT INTO tbl...')
#1 {main}
[04-Aug-2025 18:56:21 Europe/Berlin] === Simple Upload Working Ended ===
[04-Aug-2025 18:57:02 Europe/Berlin] === Simple Upload Working Started ===
[04-Aug-2025 18:57:02 Europe/Berlin] Request Method: POST
[04-Aug-2025 18:57:02 Europe/Berlin] POST Data: {"conversationTurn":"4","questionType":"essential_answer","currentEssentialQuestion":"2","duration":"17.92","token":"d99a956b67395647dbc6de00586e285779c130a5be7187fda51f8d34fdcd20c9","registrationId":"9","transcript":""}
[04-Aug-2025 18:57:02 Europe/Berlin] FILES Data: {"video":{"name":"conversation_turn_4_essential_answer.webm","full_path":"conversation_turn_4_essential_answer.webm","type":"video\/webm","tmp_name":"C:\\xampp\\tmp\\phpD0A0.tmp","error":0,"size":2691539}}
[04-Aug-2025 18:57:02 Europe/Berlin] Database connection successful
[04-Aug-2025 18:57:02 Europe/Berlin] Token received: d99a956b67395647dbc6de00586e285779c130a5be7187fda51f8d34fdcd20c9
[04-Aug-2025 18:57:02 Europe/Berlin] Token validated successfully
[04-Aug-2025 18:57:02 Europe/Berlin] Moving file from C:\xampp\tmp\phpD0A0.tmp to uploads/interviews/9/conversation_turn_4_essential_answer.webm
[04-Aug-2025 18:57:02 Europe/Berlin] Database SQL: INSERT INTO tblinterviewrecordings 
            (REGISTRATIONID, QUESTION_NUMBER, FILE_PATH, DURATION, RECORDED_AT, CONVERSATION_TURN, QUESTION_TYPE, TRANSCRIPT) 
            VALUES 
            ('9', 2, 'uploads/interviews/9/conversation_turn_4_essential_answer.webm', 17.92, NOW(), 4, 'essential_answer', '')
[04-Aug-2025 18:57:02 Europe/Berlin] Error in simple upload working: Unknown column 'TRANSCRIPT' in 'field list'
[04-Aug-2025 18:57:02 Europe/Berlin] Stack trace: #0 C:\xampp\htdocs\eris\simple-upload-working.php(123): mysqli_query(Object(mysqli), 'INSERT INTO tbl...')
#1 {main}
[04-Aug-2025 18:57:02 Europe/Berlin] === Simple Upload Working Ended ===
[04-Aug-2025 18:57:42 Europe/Berlin] === Simple Upload Working Started ===
[04-Aug-2025 18:57:42 Europe/Berlin] Request Method: POST
[04-Aug-2025 18:57:42 Europe/Berlin] POST Data: {"conversationTurn":"5","questionType":"essential_answer","currentEssentialQuestion":"3","duration":"18.844","token":"d99a956b67395647dbc6de00586e285779c130a5be7187fda51f8d34fdcd20c9","registrationId":"9","transcript":""}
[04-Aug-2025 18:57:42 Europe/Berlin] FILES Data: {"video":{"name":"conversation_turn_5_essential_answer.webm","full_path":"conversation_turn_5_essential_answer.webm","type":"video\/webm","tmp_name":"C:\\xampp\\tmp\\php6C16.tmp","error":0,"size":2830075}}
[04-Aug-2025 18:57:42 Europe/Berlin] Database connection successful
[04-Aug-2025 18:57:42 Europe/Berlin] Token received: d99a956b67395647dbc6de00586e285779c130a5be7187fda51f8d34fdcd20c9
[04-Aug-2025 18:57:42 Europe/Berlin] Token validated successfully
[04-Aug-2025 18:57:42 Europe/Berlin] Moving file from C:\xampp\tmp\php6C16.tmp to uploads/interviews/9/conversation_turn_5_essential_answer.webm
[04-Aug-2025 18:57:42 Europe/Berlin] Database SQL: INSERT INTO tblinterviewrecordings 
            (REGISTRATIONID, QUESTION_NUMBER, FILE_PATH, DURATION, RECORDED_AT, CONVERSATION_TURN, QUESTION_TYPE, TRANSCRIPT) 
            VALUES 
            ('9', 3, 'uploads/interviews/9/conversation_turn_5_essential_answer.webm', 18.844, NOW(), 5, 'essential_answer', '')
[04-Aug-2025 18:57:42 Europe/Berlin] Error in simple upload working: Unknown column 'TRANSCRIPT' in 'field list'
[04-Aug-2025 18:57:42 Europe/Berlin] Stack trace: #0 C:\xampp\htdocs\eris\simple-upload-working.php(123): mysqli_query(Object(mysqli), 'INSERT INTO tbl...')
#1 {main}
[04-Aug-2025 18:57:42 Europe/Berlin] === Simple Upload Working Ended ===
[04-Aug-2025 18:58:16 Europe/Berlin] === Simple Upload Working Started ===
[04-Aug-2025 18:58:16 Europe/Berlin] Request Method: POST
[04-Aug-2025 18:58:16 Europe/Berlin] POST Data: {"conversationTurn":"5","questionType":"essential_answer","currentEssentialQuestion":"4","duration":"11.445","token":"d99a956b67395647dbc6de00586e285779c130a5be7187fda51f8d34fdcd20c9","registrationId":"9","transcript":""}
[04-Aug-2025 18:58:16 Europe/Berlin] FILES Data: {"video":{"name":"conversation_turn_5_essential_answer.webm","full_path":"conversation_turn_5_essential_answer.webm","type":"video\/webm","tmp_name":"C:\\xampp\\tmp\\phpF397.tmp","error":0,"size":1698174}}
[04-Aug-2025 18:58:16 Europe/Berlin] Database connection successful
[04-Aug-2025 18:58:16 Europe/Berlin] Token received: d99a956b67395647dbc6de00586e285779c130a5be7187fda51f8d34fdcd20c9
[04-Aug-2025 18:58:16 Europe/Berlin] Token validated successfully
[04-Aug-2025 18:58:16 Europe/Berlin] Moving file from C:\xampp\tmp\phpF397.tmp to uploads/interviews/9/conversation_turn_5_essential_answer.webm
[04-Aug-2025 18:58:16 Europe/Berlin] Database SQL: INSERT INTO tblinterviewrecordings 
            (REGISTRATIONID, QUESTION_NUMBER, FILE_PATH, DURATION, RECORDED_AT, CONVERSATION_TURN, QUESTION_TYPE, TRANSCRIPT) 
            VALUES 
            ('9', 4, 'uploads/interviews/9/conversation_turn_5_essential_answer.webm', 11.445, NOW(), 5, 'essential_answer', '')
[04-Aug-2025 18:58:16 Europe/Berlin] Error in simple upload working: Unknown column 'TRANSCRIPT' in 'field list'
[04-Aug-2025 18:58:16 Europe/Berlin] Stack trace: #0 C:\xampp\htdocs\eris\simple-upload-working.php(123): mysqli_query(Object(mysqli), 'INSERT INTO tbl...')
#1 {main}
[04-Aug-2025 18:58:16 Europe/Berlin] === Simple Upload Working Ended ===
[04-Aug-2025 18:58:21 Europe/Berlin] === Simple Upload Working Started ===
[04-Aug-2025 18:58:21 Europe/Berlin] Request Method: POST
[04-Aug-2025 18:58:21 Europe/Berlin] POST Data: {"conversationTurn":"5","questionType":"essential_answer","currentEssentialQuestion":"4","duration":"3.52","token":"d99a956b67395647dbc6de00586e285779c130a5be7187fda51f8d34fdcd20c9","registrationId":"9","transcript":""}
[04-Aug-2025 18:58:21 Europe/Berlin] FILES Data: {"video":{"name":"conversation_turn_5_essential_answer.webm","full_path":"conversation_turn_5_essential_answer.webm","type":"video\/webm","tmp_name":"C:\\xampp\\tmp\\php599.tmp","error":0,"size":481297}}
[04-Aug-2025 18:58:21 Europe/Berlin] Database connection successful
[04-Aug-2025 18:58:21 Europe/Berlin] Token received: d99a956b67395647dbc6de00586e285779c130a5be7187fda51f8d34fdcd20c9
[04-Aug-2025 18:58:21 Europe/Berlin] Token validated successfully
[04-Aug-2025 18:58:21 Europe/Berlin] Moving file from C:\xampp\tmp\php599.tmp to uploads/interviews/9/conversation_turn_5_essential_answer.webm
[04-Aug-2025 18:58:21 Europe/Berlin] Database SQL: INSERT INTO tblinterviewrecordings 
            (REGISTRATIONID, QUESTION_NUMBER, FILE_PATH, DURATION, RECORDED_AT, CONVERSATION_TURN, QUESTION_TYPE, TRANSCRIPT) 
            VALUES 
            ('9', 4, 'uploads/interviews/9/conversation_turn_5_essential_answer.webm', 3.52, NOW(), 5, 'essential_answer', '')
[04-Aug-2025 18:58:21 Europe/Berlin] Error in simple upload working: Unknown column 'TRANSCRIPT' in 'field list'
[04-Aug-2025 18:58:21 Europe/Berlin] Stack trace: #0 C:\xampp\htdocs\eris\simple-upload-working.php(123): mysqli_query(Object(mysqli), 'INSERT INTO tbl...')
#1 {main}
[04-Aug-2025 18:58:21 Europe/Berlin] === Simple Upload Working Ended ===
[04-Aug-2025 18:58:26 Europe/Berlin] === Simple Upload Working Started ===
[04-Aug-2025 18:58:26 Europe/Berlin] Request Method: POST
[04-Aug-2025 18:58:26 Europe/Berlin] POST Data: {"conversationTurn":"6","questionType":"essential_answer","currentEssentialQuestion":"4","duration":"3.54","token":"d99a956b67395647dbc6de00586e285779c130a5be7187fda51f8d34fdcd20c9","registrationId":"9","transcript":""}
[04-Aug-2025 18:58:26 Europe/Berlin] FILES Data: {"video":{"name":"conversation_turn_6_essential_answer.webm","full_path":"conversation_turn_6_essential_answer.webm","type":"video\/webm","tmp_name":"C:\\xampp\\tmp\\php1819.tmp","error":0,"size":484542}}
[04-Aug-2025 18:58:26 Europe/Berlin] Database connection successful
[04-Aug-2025 18:58:26 Europe/Berlin] Token received: d99a956b67395647dbc6de00586e285779c130a5be7187fda51f8d34fdcd20c9
[04-Aug-2025 18:58:26 Europe/Berlin] Token validated successfully
[04-Aug-2025 18:58:26 Europe/Berlin] Moving file from C:\xampp\tmp\php1819.tmp to uploads/interviews/9/conversation_turn_6_essential_answer.webm
[04-Aug-2025 18:58:26 Europe/Berlin] Database SQL: INSERT INTO tblinterviewrecordings 
            (REGISTRATIONID, QUESTION_NUMBER, FILE_PATH, DURATION, RECORDED_AT, CONVERSATION_TURN, QUESTION_TYPE, TRANSCRIPT) 
            VALUES 
            ('9', 4, 'uploads/interviews/9/conversation_turn_6_essential_answer.webm', 3.54, NOW(), 6, 'essential_answer', '')
[04-Aug-2025 18:58:26 Europe/Berlin] Error in simple upload working: Unknown column 'TRANSCRIPT' in 'field list'
[04-Aug-2025 18:58:26 Europe/Berlin] Stack trace: #0 C:\xampp\htdocs\eris\simple-upload-working.php(123): mysqli_query(Object(mysqli), 'INSERT INTO tbl...')
#1 {main}
[04-Aug-2025 18:58:26 Europe/Berlin] === Simple Upload Working Ended ===
[04-Aug-2025 18:58:53 Europe/Berlin] === Simple Upload Working Started ===
[04-Aug-2025 18:58:53 Europe/Berlin] Request Method: POST
[04-Aug-2025 18:58:53 Europe/Berlin] POST Data: {"conversationTurn":"7","questionType":"essential_answer","currentEssentialQuestion":"5","duration":"7.698","token":"d99a956b67395647dbc6de00586e285779c130a5be7187fda51f8d34fdcd20c9","registrationId":"9","transcript":""}
[04-Aug-2025 18:58:53 Europe/Berlin] FILES Data: {"video":{"name":"conversation_turn_7_essential_answer.webm","full_path":"conversation_turn_7_essential_answer.webm","type":"video\/webm","tmp_name":"C:\\xampp\\tmp\\php822E.tmp","error":0,"size":1149890}}
[04-Aug-2025 18:58:53 Europe/Berlin] Database connection successful
[04-Aug-2025 18:58:53 Europe/Berlin] Token received: d99a956b67395647dbc6de00586e285779c130a5be7187fda51f8d34fdcd20c9
[04-Aug-2025 18:58:53 Europe/Berlin] Token validated successfully
[04-Aug-2025 18:58:53 Europe/Berlin] Moving file from C:\xampp\tmp\php822E.tmp to uploads/interviews/9/conversation_turn_7_essential_answer.webm
[04-Aug-2025 18:58:53 Europe/Berlin] Database SQL: INSERT INTO tblinterviewrecordings 
            (REGISTRATIONID, QUESTION_NUMBER, FILE_PATH, DURATION, RECORDED_AT, CONVERSATION_TURN, QUESTION_TYPE, TRANSCRIPT) 
            VALUES 
            ('9', 5, 'uploads/interviews/9/conversation_turn_7_essential_answer.webm', 7.698, NOW(), 7, 'essential_answer', '')
[04-Aug-2025 18:58:53 Europe/Berlin] Error in simple upload working: Unknown column 'TRANSCRIPT' in 'field list'
[04-Aug-2025 18:58:53 Europe/Berlin] Stack trace: #0 C:\xampp\htdocs\eris\simple-upload-working.php(123): mysqli_query(Object(mysqli), 'INSERT INTO tbl...')
#1 {main}
[04-Aug-2025 18:58:53 Europe/Berlin] === Simple Upload Working Ended ===
[04-Aug-2025 18:59:17 Europe/Berlin] === Simple Upload Working Started ===
[04-Aug-2025 18:59:17 Europe/Berlin] Request Method: POST
[04-Aug-2025 18:59:17 Europe/Berlin] POST Data: {"conversationTurn":"7","questionType":"essential_answer","currentEssentialQuestion":"6","duration":"2.522","token":"d99a956b67395647dbc6de00586e285779c130a5be7187fda51f8d34fdcd20c9","registrationId":"9","transcript":""}
[04-Aug-2025 18:59:17 Europe/Berlin] FILES Data: {"video":{"name":"conversation_turn_7_essential_answer.webm","full_path":"conversation_turn_7_essential_answer.webm","type":"video\/webm","tmp_name":"C:\\xampp\\tmp\\phpDF62.tmp","error":0,"size":305906}}
[04-Aug-2025 18:59:17 Europe/Berlin] Database connection successful
[04-Aug-2025 18:59:17 Europe/Berlin] Token received: d99a956b67395647dbc6de00586e285779c130a5be7187fda51f8d34fdcd20c9
[04-Aug-2025 18:59:17 Europe/Berlin] Token validated successfully
[04-Aug-2025 18:59:17 Europe/Berlin] Moving file from C:\xampp\tmp\phpDF62.tmp to uploads/interviews/9/conversation_turn_7_essential_answer.webm
[04-Aug-2025 18:59:17 Europe/Berlin] Database SQL: INSERT INTO tblinterviewrecordings 
            (REGISTRATIONID, QUESTION_NUMBER, FILE_PATH, DURATION, RECORDED_AT, CONVERSATION_TURN, QUESTION_TYPE, TRANSCRIPT) 
            VALUES 
            ('9', 6, 'uploads/interviews/9/conversation_turn_7_essential_answer.webm', 2.522, NOW(), 7, 'essential_answer', '')
[04-Aug-2025 18:59:17 Europe/Berlin] Error in simple upload working: Unknown column 'TRANSCRIPT' in 'field list'
[04-Aug-2025 18:59:17 Europe/Berlin] Stack trace: #0 C:\xampp\htdocs\eris\simple-upload-working.php(123): mysqli_query(Object(mysqli), 'INSERT INTO tbl...')
#1 {main}
[04-Aug-2025 18:59:17 Europe/Berlin] === Simple Upload Working Ended ===
[04-Aug-2025 18:59:24 Europe/Berlin] === Simple Upload Working Started ===
[04-Aug-2025 18:59:24 Europe/Berlin] Request Method: POST
[04-Aug-2025 18:59:24 Europe/Berlin] POST Data: {"conversationTurn":"8","questionType":"essential_answer","currentEssentialQuestion":"6","duration":"6.689","token":"d99a956b67395647dbc6de00586e285779c130a5be7187fda51f8d34fdcd20c9","registrationId":"9","transcript":""}
[04-Aug-2025 18:59:24 Europe/Berlin] FILES Data: {"video":{"name":"conversation_turn_8_essential_answer.webm","full_path":"conversation_turn_8_essential_answer.webm","type":"video\/webm","tmp_name":"C:\\xampp\\tmp\\phpFE17.tmp","error":0,"size":986395}}
[04-Aug-2025 18:59:24 Europe/Berlin] Database connection successful
[04-Aug-2025 18:59:24 Europe/Berlin] Token received: d99a956b67395647dbc6de00586e285779c130a5be7187fda51f8d34fdcd20c9
[04-Aug-2025 18:59:24 Europe/Berlin] Token validated successfully
[04-Aug-2025 18:59:24 Europe/Berlin] Moving file from C:\xampp\tmp\phpFE17.tmp to uploads/interviews/9/conversation_turn_8_essential_answer.webm
[04-Aug-2025 18:59:24 Europe/Berlin] Database SQL: INSERT INTO tblinterviewrecordings 
            (REGISTRATIONID, QUESTION_NUMBER, FILE_PATH, DURATION, RECORDED_AT, CONVERSATION_TURN, QUESTION_TYPE, TRANSCRIPT) 
            VALUES 
            ('9', 6, 'uploads/interviews/9/conversation_turn_8_essential_answer.webm', 6.689, NOW(), 8, 'essential_answer', '')
[04-Aug-2025 18:59:24 Europe/Berlin] Error in simple upload working: Unknown column 'TRANSCRIPT' in 'field list'
[04-Aug-2025 18:59:24 Europe/Berlin] Stack trace: #0 C:\xampp\htdocs\eris\simple-upload-working.php(123): mysqli_query(Object(mysqli), 'INSERT INTO tbl...')
#1 {main}
[04-Aug-2025 18:59:24 Europe/Berlin] === Simple Upload Working Ended ===
[05-Aug-2025 13:35:02 Europe/Berlin] === Simple Upload Working Started ===
[05-Aug-2025 13:35:02 Europe/Berlin] Request Method: POST
[05-Aug-2025 13:35:02 Europe/Berlin] POST Data: {"conversationTurn":"2","questionType":"essential_answer","currentEssentialQuestion":"0","duration":"9.762","token":"d99a956b67395647dbc6de00586e285779c130a5be7187fda51f8d34fdcd20c9","registrationId":"9","transcript":""}
[05-Aug-2025 13:35:02 Europe/Berlin] FILES Data: {"video":{"name":"conversation_turn_2_essential_answer.webm","full_path":"conversation_turn_2_essential_answer.webm","type":"video\/webm","tmp_name":"C:\\xampp\\tmp\\php5F7B.tmp","error":0,"size":1436849}}
[05-Aug-2025 13:35:02 Europe/Berlin] Database connection successful
[05-Aug-2025 13:35:02 Europe/Berlin] Token received: d99a956b67395647dbc6de00586e285779c130a5be7187fda51f8d34fdcd20c9
[05-Aug-2025 13:35:02 Europe/Berlin] Token validated successfully
[05-Aug-2025 13:35:02 Europe/Berlin] Moving file from C:\xampp\tmp\php5F7B.tmp to uploads/interviews/9/conversation_turn_2_essential_answer.webm
[05-Aug-2025 13:35:02 Europe/Berlin] Database SQL: INSERT INTO tblinterviewrecordings 
            (REGISTRATIONID, QUESTION_NUMBER, FILE_PATH, DURATION, RECORDED_AT, CONVERSATION_TURN, QUESTION_TYPE, TRANSCRIPT) 
            VALUES 
            ('9', 0, 'uploads/interviews/9/conversation_turn_2_essential_answer.webm', 9.762, NOW(), 2, 'essential_answer', '')
[05-Aug-2025 13:35:02 Europe/Berlin] Error in simple upload working: Unknown column 'TRANSCRIPT' in 'field list'
[05-Aug-2025 13:35:02 Europe/Berlin] Stack trace: #0 C:\xampp\htdocs\eris\simple-upload-working.php(123): mysqli_query(Object(mysqli), 'INSERT INTO tbl...')
#1 {main}
[05-Aug-2025 13:35:02 Europe/Berlin] === Simple Upload Working Ended ===
[05-Aug-2025 13:35:35 Europe/Berlin] === Simple Upload Working Started ===
[05-Aug-2025 13:35:35 Europe/Berlin] Request Method: POST
[05-Aug-2025 13:35:35 Europe/Berlin] POST Data: {"conversationTurn":"3","questionType":"essential_answer","currentEssentialQuestion":"1","duration":"11.963","token":"d99a956b67395647dbc6de00586e285779c130a5be7187fda51f8d34fdcd20c9","registrationId":"9","transcript":""}
[05-Aug-2025 13:35:35 Europe/Berlin] FILES Data: {"video":{"name":"conversation_turn_3_essential_answer.webm","full_path":"conversation_turn_3_essential_answer.webm","type":"video\/webm","tmp_name":"C:\\xampp\\tmp\\phpE045.tmp","error":0,"size":1763930}}
[05-Aug-2025 13:35:35 Europe/Berlin] Database connection successful
[05-Aug-2025 13:35:35 Europe/Berlin] Token received: d99a956b67395647dbc6de00586e285779c130a5be7187fda51f8d34fdcd20c9
[05-Aug-2025 13:35:35 Europe/Berlin] Token validated successfully
[05-Aug-2025 13:35:35 Europe/Berlin] Moving file from C:\xampp\tmp\phpE045.tmp to uploads/interviews/9/conversation_turn_3_essential_answer.webm
[05-Aug-2025 13:35:35 Europe/Berlin] Database SQL: INSERT INTO tblinterviewrecordings 
            (REGISTRATIONID, QUESTION_NUMBER, FILE_PATH, DURATION, RECORDED_AT, CONVERSATION_TURN, QUESTION_TYPE, TRANSCRIPT) 
            VALUES 
            ('9', 1, 'uploads/interviews/9/conversation_turn_3_essential_answer.webm', 11.963, NOW(), 3, 'essential_answer', '')
[05-Aug-2025 13:35:35 Europe/Berlin] Error in simple upload working: Unknown column 'TRANSCRIPT' in 'field list'
[05-Aug-2025 13:35:35 Europe/Berlin] Stack trace: #0 C:\xampp\htdocs\eris\simple-upload-working.php(123): mysqli_query(Object(mysqli), 'INSERT INTO tbl...')
#1 {main}
[05-Aug-2025 13:35:35 Europe/Berlin] === Simple Upload Working Ended ===
[05-Aug-2025 13:36:14 Europe/Berlin] === Simple Upload Working Started ===
[05-Aug-2025 13:36:14 Europe/Berlin] Request Method: POST
[05-Aug-2025 13:36:14 Europe/Berlin] POST Data: {"conversationTurn":"4","questionType":"essential_answer","currentEssentialQuestion":"2","duration":"16.111","token":"d99a956b67395647dbc6de00586e285779c130a5be7187fda51f8d34fdcd20c9","registrationId":"9","transcript":""}
[05-Aug-2025 13:36:14 Europe/Berlin] FILES Data: {"video":{"name":"conversation_turn_4_essential_answer.webm","full_path":"conversation_turn_4_essential_answer.webm","type":"video\/webm","tmp_name":"C:\\xampp\\tmp\\php7C09.tmp","error":0,"size":2380178}}
[05-Aug-2025 13:36:14 Europe/Berlin] Database connection successful
[05-Aug-2025 13:36:14 Europe/Berlin] Token received: d99a956b67395647dbc6de00586e285779c130a5be7187fda51f8d34fdcd20c9
[05-Aug-2025 13:36:14 Europe/Berlin] Token validated successfully
[05-Aug-2025 13:36:14 Europe/Berlin] Moving file from C:\xampp\tmp\php7C09.tmp to uploads/interviews/9/conversation_turn_4_essential_answer.webm
[05-Aug-2025 13:36:14 Europe/Berlin] Database SQL: INSERT INTO tblinterviewrecordings 
            (REGISTRATIONID, QUESTION_NUMBER, FILE_PATH, DURATION, RECORDED_AT, CONVERSATION_TURN, QUESTION_TYPE, TRANSCRIPT) 
            VALUES 
            ('9', 2, 'uploads/interviews/9/conversation_turn_4_essential_answer.webm', 16.111, NOW(), 4, 'essential_answer', '')
[05-Aug-2025 13:36:14 Europe/Berlin] Error in simple upload working: Unknown column 'TRANSCRIPT' in 'field list'
[05-Aug-2025 13:36:14 Europe/Berlin] Stack trace: #0 C:\xampp\htdocs\eris\simple-upload-working.php(123): mysqli_query(Object(mysqli), 'INSERT INTO tbl...')
#1 {main}
[05-Aug-2025 13:36:14 Europe/Berlin] === Simple Upload Working Ended ===
[05-Aug-2025 13:36:45 Europe/Berlin] === Simple Upload Working Started ===
[05-Aug-2025 13:36:45 Europe/Berlin] Request Method: POST
[05-Aug-2025 13:36:45 Europe/Berlin] POST Data: {"conversationTurn":"4","questionType":"essential_answer","currentEssentialQuestion":"3","duration":"10.862","token":"d99a956b67395647dbc6de00586e285779c130a5be7187fda51f8d34fdcd20c9","registrationId":"9","transcript":""}
[05-Aug-2025 13:36:45 Europe/Berlin] FILES Data: {"video":{"name":"conversation_turn_4_essential_answer.webm","full_path":"conversation_turn_4_essential_answer.webm","type":"video\/webm","tmp_name":"C:\\xampp\\tmp\\phpF466.tmp","error":0,"size":1610092}}
[05-Aug-2025 13:36:45 Europe/Berlin] Database connection successful
[05-Aug-2025 13:36:45 Europe/Berlin] Token received: d99a956b67395647dbc6de00586e285779c130a5be7187fda51f8d34fdcd20c9
[05-Aug-2025 13:36:45 Europe/Berlin] Token validated successfully
[05-Aug-2025 13:36:45 Europe/Berlin] Moving file from C:\xampp\tmp\phpF466.tmp to uploads/interviews/9/conversation_turn_4_essential_answer.webm
[05-Aug-2025 13:36:45 Europe/Berlin] Database SQL: INSERT INTO tblinterviewrecordings 
            (REGISTRATIONID, QUESTION_NUMBER, FILE_PATH, DURATION, RECORDED_AT, CONVERSATION_TURN, QUESTION_TYPE, TRANSCRIPT) 
            VALUES 
            ('9', 3, 'uploads/interviews/9/conversation_turn_4_essential_answer.webm', 10.862, NOW(), 4, 'essential_answer', '')
[05-Aug-2025 13:36:45 Europe/Berlin] Error in simple upload working: Unknown column 'TRANSCRIPT' in 'field list'
[05-Aug-2025 13:36:45 Europe/Berlin] Stack trace: #0 C:\xampp\htdocs\eris\simple-upload-working.php(123): mysqli_query(Object(mysqli), 'INSERT INTO tbl...')
#1 {main}
[05-Aug-2025 13:36:45 Europe/Berlin] === Simple Upload Working Ended ===
[05-Aug-2025 13:36:49 Europe/Berlin] === Simple Upload Working Started ===
[05-Aug-2025 13:36:49 Europe/Berlin] Request Method: POST
[05-Aug-2025 13:36:49 Europe/Berlin] POST Data: {"conversationTurn":"5","questionType":"essential_answer","currentEssentialQuestion":"3","duration":"2.525","token":"d99a956b67395647dbc6de00586e285779c130a5be7187fda51f8d34fdcd20c9","registrationId":"9","transcript":""}
[05-Aug-2025 13:36:49 Europe/Berlin] FILES Data: {"video":{"name":"conversation_turn_5_essential_answer.webm","full_path":"conversation_turn_5_essential_answer.webm","type":"video\/webm","tmp_name":"C:\\xampp\\tmp\\php2B0.tmp","error":0,"size":324288}}
[05-Aug-2025 13:36:49 Europe/Berlin] Database connection successful
[05-Aug-2025 13:36:49 Europe/Berlin] Token received: d99a956b67395647dbc6de00586e285779c130a5be7187fda51f8d34fdcd20c9
[05-Aug-2025 13:36:49 Europe/Berlin] Token validated successfully
[05-Aug-2025 13:36:49 Europe/Berlin] Moving file from C:\xampp\tmp\php2B0.tmp to uploads/interviews/9/conversation_turn_5_essential_answer.webm
[05-Aug-2025 13:36:49 Europe/Berlin] Database SQL: INSERT INTO tblinterviewrecordings 
            (REGISTRATIONID, QUESTION_NUMBER, FILE_PATH, DURATION, RECORDED_AT, CONVERSATION_TURN, QUESTION_TYPE, TRANSCRIPT) 
            VALUES 
            ('9', 3, 'uploads/interviews/9/conversation_turn_5_essential_answer.webm', 2.525, NOW(), 5, 'essential_answer', '')
[05-Aug-2025 13:36:49 Europe/Berlin] Error in simple upload working: Unknown column 'TRANSCRIPT' in 'field list'
[05-Aug-2025 13:36:49 Europe/Berlin] Stack trace: #0 C:\xampp\htdocs\eris\simple-upload-working.php(123): mysqli_query(Object(mysqli), 'INSERT INTO tbl...')
#1 {main}
[05-Aug-2025 13:36:49 Europe/Berlin] === Simple Upload Working Ended ===
[05-Aug-2025 13:37:25 Europe/Berlin] === Simple Upload Working Started ===
[05-Aug-2025 13:37:25 Europe/Berlin] Request Method: POST
[05-Aug-2025 13:37:25 Europe/Berlin] POST Data: {"conversationTurn":"5","questionType":"essential_answer","currentEssentialQuestion":"4","duration":"12.948","token":"d99a956b67395647dbc6de00586e285779c130a5be7187fda51f8d34fdcd20c9","registrationId":"9","transcript":""}
[05-Aug-2025 13:37:25 Europe/Berlin] FILES Data: {"video":{"name":"conversation_turn_5_essential_answer.webm","full_path":"conversation_turn_5_essential_answer.webm","type":"video\/webm","tmp_name":"C:\\xampp\\tmp\\php8F9F.tmp","error":0,"size":1905582}}
[05-Aug-2025 13:37:25 Europe/Berlin] Database connection successful
[05-Aug-2025 13:37:25 Europe/Berlin] Token received: d99a956b67395647dbc6de00586e285779c130a5be7187fda51f8d34fdcd20c9
[05-Aug-2025 13:37:25 Europe/Berlin] Token validated successfully
[05-Aug-2025 13:37:25 Europe/Berlin] Moving file from C:\xampp\tmp\php8F9F.tmp to uploads/interviews/9/conversation_turn_5_essential_answer.webm
[05-Aug-2025 13:37:25 Europe/Berlin] Database SQL: INSERT INTO tblinterviewrecordings 
            (REGISTRATIONID, QUESTION_NUMBER, FILE_PATH, DURATION, RECORDED_AT, CONVERSATION_TURN, QUESTION_TYPE, TRANSCRIPT) 
            VALUES 
            ('9', 4, 'uploads/interviews/9/conversation_turn_5_essential_answer.webm', 12.948, NOW(), 5, 'essential_answer', '')
[05-Aug-2025 13:37:25 Europe/Berlin] Error in simple upload working: Unknown column 'TRANSCRIPT' in 'field list'
[05-Aug-2025 13:37:25 Europe/Berlin] Stack trace: #0 C:\xampp\htdocs\eris\simple-upload-working.php(123): mysqli_query(Object(mysqli), 'INSERT INTO tbl...')
#1 {main}
[05-Aug-2025 13:37:25 Europe/Berlin] === Simple Upload Working Ended ===
[05-Aug-2025 13:37:29 Europe/Berlin] === Simple Upload Working Started ===
[05-Aug-2025 13:37:29 Europe/Berlin] Request Method: POST
[05-Aug-2025 13:37:29 Europe/Berlin] POST Data: {"conversationTurn":"5","questionType":"essential_answer","currentEssentialQuestion":"4","duration":"2.511","token":"d99a956b67395647dbc6de00586e285779c130a5be7187fda51f8d34fdcd20c9","registrationId":"9","transcript":""}
[05-Aug-2025 13:37:29 Europe/Berlin] FILES Data: {"video":{"name":"conversation_turn_5_essential_answer.webm","full_path":"conversation_turn_5_essential_answer.webm","type":"video\/webm","tmp_name":"C:\\xampp\\tmp\\php9DC9.tmp","error":0,"size":336750}}
[05-Aug-2025 13:37:29 Europe/Berlin] Database connection successful
[05-Aug-2025 13:37:29 Europe/Berlin] Token received: d99a956b67395647dbc6de00586e285779c130a5be7187fda51f8d34fdcd20c9
[05-Aug-2025 13:37:29 Europe/Berlin] Token validated successfully
[05-Aug-2025 13:37:29 Europe/Berlin] Moving file from C:\xampp\tmp\php9DC9.tmp to uploads/interviews/9/conversation_turn_5_essential_answer.webm
[05-Aug-2025 13:37:29 Europe/Berlin] Database SQL: INSERT INTO tblinterviewrecordings 
            (REGISTRATIONID, QUESTION_NUMBER, FILE_PATH, DURATION, RECORDED_AT, CONVERSATION_TURN, QUESTION_TYPE, TRANSCRIPT) 
            VALUES 
            ('9', 4, 'uploads/interviews/9/conversation_turn_5_essential_answer.webm', 2.511, NOW(), 5, 'essential_answer', '')
[05-Aug-2025 13:37:29 Europe/Berlin] Error in simple upload working: Unknown column 'TRANSCRIPT' in 'field list'
[05-Aug-2025 13:37:29 Europe/Berlin] Stack trace: #0 C:\xampp\htdocs\eris\simple-upload-working.php(123): mysqli_query(Object(mysqli), 'INSERT INTO tbl...')
#1 {main}
[05-Aug-2025 13:37:29 Europe/Berlin] === Simple Upload Working Ended ===
[05-Aug-2025 13:37:31 Europe/Berlin] === Simple Upload Working Started ===
[05-Aug-2025 13:37:31 Europe/Berlin] Request Method: POST
[05-Aug-2025 13:37:31 Europe/Berlin] POST Data: {"conversationTurn":"5","questionType":"essential_answer","currentEssentialQuestion":"4","duration":"0.992","token":"d99a956b67395647dbc6de00586e285779c130a5be7187fda51f8d34fdcd20c9","registrationId":"9","transcript":""}
[05-Aug-2025 13:37:31 Europe/Berlin] FILES Data: {"video":{"name":"conversation_turn_5_essential_answer.webm","full_path":"conversation_turn_5_essential_answer.webm","type":"video\/webm","tmp_name":"C:\\xampp\\tmp\\phpA626.tmp","error":0,"size":52599}}
[05-Aug-2025 13:37:31 Europe/Berlin] Database connection successful
[05-Aug-2025 13:37:31 Europe/Berlin] Token received: d99a956b67395647dbc6de00586e285779c130a5be7187fda51f8d34fdcd20c9
[05-Aug-2025 13:37:31 Europe/Berlin] Token validated successfully
[05-Aug-2025 13:37:31 Europe/Berlin] Moving file from C:\xampp\tmp\phpA626.tmp to uploads/interviews/9/conversation_turn_5_essential_answer.webm
[05-Aug-2025 13:37:31 Europe/Berlin] Database SQL: INSERT INTO tblinterviewrecordings 
            (REGISTRATIONID, QUESTION_NUMBER, FILE_PATH, DURATION, RECORDED_AT, CONVERSATION_TURN, QUESTION_TYPE, TRANSCRIPT) 
            VALUES 
            ('9', 4, 'uploads/interviews/9/conversation_turn_5_essential_answer.webm', 0.992, NOW(), 5, 'essential_answer', '')
[05-Aug-2025 13:37:31 Europe/Berlin] Error in simple upload working: Unknown column 'TRANSCRIPT' in 'field list'
[05-Aug-2025 13:37:31 Europe/Berlin] Stack trace: #0 C:\xampp\htdocs\eris\simple-upload-working.php(123): mysqli_query(Object(mysqli), 'INSERT INTO tbl...')
#1 {main}
[05-Aug-2025 13:37:31 Europe/Berlin] === Simple Upload Working Ended ===
[05-Aug-2025 13:37:34 Europe/Berlin] === Simple Upload Working Started ===
[05-Aug-2025 13:37:34 Europe/Berlin] Request Method: POST
[05-Aug-2025 13:37:34 Europe/Berlin] POST Data: {"conversationTurn":"5","questionType":"essential_answer","currentEssentialQuestion":"4","duration":"2.515","token":"d99a956b67395647dbc6de00586e285779c130a5be7187fda51f8d34fdcd20c9","registrationId":"9","transcript":""}
[05-Aug-2025 13:37:34 Europe/Berlin] FILES Data: {"video":{"name":"conversation_turn_5_essential_answer.webm","full_path":"conversation_turn_5_essential_answer.webm","type":"video\/webm","tmp_name":"C:\\xampp\\tmp\\phpB460.tmp","error":0,"size":322560}}
[05-Aug-2025 13:37:34 Europe/Berlin] Database connection successful
[05-Aug-2025 13:37:34 Europe/Berlin] Token received: d99a956b67395647dbc6de00586e285779c130a5be7187fda51f8d34fdcd20c9
[05-Aug-2025 13:37:34 Europe/Berlin] Token validated successfully
[05-Aug-2025 13:37:34 Europe/Berlin] Moving file from C:\xampp\tmp\phpB460.tmp to uploads/interviews/9/conversation_turn_5_essential_answer.webm
[05-Aug-2025 13:37:34 Europe/Berlin] Database SQL: INSERT INTO tblinterviewrecordings 
            (REGISTRATIONID, QUESTION_NUMBER, FILE_PATH, DURATION, RECORDED_AT, CONVERSATION_TURN, QUESTION_TYPE, TRANSCRIPT) 
            VALUES 
            ('9', 4, 'uploads/interviews/9/conversation_turn_5_essential_answer.webm', 2.515, NOW(), 5, 'essential_answer', '')
[05-Aug-2025 13:37:34 Europe/Berlin] Error in simple upload working: Unknown column 'TRANSCRIPT' in 'field list'
[05-Aug-2025 13:37:34 Europe/Berlin] Stack trace: #0 C:\xampp\htdocs\eris\simple-upload-working.php(123): mysqli_query(Object(mysqli), 'INSERT INTO tbl...')
#1 {main}
[05-Aug-2025 13:37:34 Europe/Berlin] === Simple Upload Working Ended ===
[05-Aug-2025 13:37:38 Europe/Berlin] === Simple Upload Working Started ===
[05-Aug-2025 13:37:38 Europe/Berlin] Request Method: POST
[05-Aug-2025 13:37:38 Europe/Berlin] POST Data: {"conversationTurn":"5","questionType":"essential_answer","currentEssentialQuestion":"4","duration":"2.507","token":"d99a956b67395647dbc6de00586e285779c130a5be7187fda51f8d34fdcd20c9","registrationId":"9","transcript":""}
[05-Aug-2025 13:37:38 Europe/Berlin] FILES Data: {"video":{"name":"conversation_turn_5_essential_answer.webm","full_path":"conversation_turn_5_essential_answer.webm","type":"video\/webm","tmp_name":"C:\\xampp\\tmp\\phpC29A.tmp","error":0,"size":339223}}
[05-Aug-2025 13:37:38 Europe/Berlin] Database connection successful
[05-Aug-2025 13:37:38 Europe/Berlin] Token received: d99a956b67395647dbc6de00586e285779c130a5be7187fda51f8d34fdcd20c9
[05-Aug-2025 13:37:38 Europe/Berlin] Token validated successfully
[05-Aug-2025 13:37:38 Europe/Berlin] Moving file from C:\xampp\tmp\phpC29A.tmp to uploads/interviews/9/conversation_turn_5_essential_answer.webm
[05-Aug-2025 13:37:38 Europe/Berlin] Database SQL: INSERT INTO tblinterviewrecordings 
            (REGISTRATIONID, QUESTION_NUMBER, FILE_PATH, DURATION, RECORDED_AT, CONVERSATION_TURN, QUESTION_TYPE, TRANSCRIPT) 
            VALUES 
            ('9', 4, 'uploads/interviews/9/conversation_turn_5_essential_answer.webm', 2.507, NOW(), 5, 'essential_answer', '')
[05-Aug-2025 13:37:38 Europe/Berlin] Error in simple upload working: Unknown column 'TRANSCRIPT' in 'field list'
[05-Aug-2025 13:37:38 Europe/Berlin] Stack trace: #0 C:\xampp\htdocs\eris\simple-upload-working.php(123): mysqli_query(Object(mysqli), 'INSERT INTO tbl...')
#1 {main}
[05-Aug-2025 13:37:38 Europe/Berlin] === Simple Upload Working Ended ===
[05-Aug-2025 13:37:53 Europe/Berlin] === Simple Upload Working Started ===
[05-Aug-2025 13:37:53 Europe/Berlin] Request Method: POST
[05-Aug-2025 13:37:53 Europe/Berlin] POST Data: {"conversationTurn":"6","questionType":"essential_answer","currentEssentialQuestion":"4","duration":"13.319","token":"d99a956b67395647dbc6de00586e285779c130a5be7187fda51f8d34fdcd20c9","registrationId":"9","transcript":""}
[05-Aug-2025 13:37:53 Europe/Berlin] FILES Data: {"video":{"name":"conversation_turn_6_essential_answer.webm","full_path":"conversation_turn_6_essential_answer.webm","type":"video\/webm","tmp_name":"C:\\xampp\\tmp\\phpFB1F.tmp","error":0,"size":1965692}}
[05-Aug-2025 13:37:53 Europe/Berlin] Database connection successful
[05-Aug-2025 13:37:53 Europe/Berlin] Token received: d99a956b67395647dbc6de00586e285779c130a5be7187fda51f8d34fdcd20c9
[05-Aug-2025 13:37:53 Europe/Berlin] Token validated successfully
[05-Aug-2025 13:37:53 Europe/Berlin] Moving file from C:\xampp\tmp\phpFB1F.tmp to uploads/interviews/9/conversation_turn_6_essential_answer.webm
[05-Aug-2025 13:37:53 Europe/Berlin] Database SQL: INSERT INTO tblinterviewrecordings 
            (REGISTRATIONID, QUESTION_NUMBER, FILE_PATH, DURATION, RECORDED_AT, CONVERSATION_TURN, QUESTION_TYPE, TRANSCRIPT) 
            VALUES 
            ('9', 4, 'uploads/interviews/9/conversation_turn_6_essential_answer.webm', 13.319, NOW(), 6, 'essential_answer', '')
[05-Aug-2025 13:37:53 Europe/Berlin] Error in simple upload working: Unknown column 'TRANSCRIPT' in 'field list'
[05-Aug-2025 13:37:53 Europe/Berlin] Stack trace: #0 C:\xampp\htdocs\eris\simple-upload-working.php(123): mysqli_query(Object(mysqli), 'INSERT INTO tbl...')
#1 {main}
[05-Aug-2025 13:37:53 Europe/Berlin] === Simple Upload Working Ended ===
[05-Aug-2025 13:38:29 Europe/Berlin] === Simple Upload Working Started ===
[05-Aug-2025 13:38:29 Europe/Berlin] Request Method: POST
[05-Aug-2025 13:38:29 Europe/Berlin] POST Data: {"conversationTurn":"7","questionType":"essential_answer","currentEssentialQuestion":"5","duration":"15.448","token":"d99a956b67395647dbc6de00586e285779c130a5be7187fda51f8d34fdcd20c9","registrationId":"9","transcript":""}
[05-Aug-2025 13:38:29 Europe/Berlin] FILES Data: {"video":{"name":"conversation_turn_7_essential_answer.webm","full_path":"conversation_turn_7_essential_answer.webm","type":"video\/webm","tmp_name":"C:\\xampp\\tmp\\php8985.tmp","error":0,"size":2285799}}
[05-Aug-2025 13:38:29 Europe/Berlin] Database connection successful
[05-Aug-2025 13:38:29 Europe/Berlin] Token received: d99a956b67395647dbc6de00586e285779c130a5be7187fda51f8d34fdcd20c9
[05-Aug-2025 13:38:29 Europe/Berlin] Token validated successfully
[05-Aug-2025 13:38:29 Europe/Berlin] Moving file from C:\xampp\tmp\php8985.tmp to uploads/interviews/9/conversation_turn_7_essential_answer.webm
[05-Aug-2025 13:38:29 Europe/Berlin] Database SQL: INSERT INTO tblinterviewrecordings 
            (REGISTRATIONID, QUESTION_NUMBER, FILE_PATH, DURATION, RECORDED_AT, CONVERSATION_TURN, QUESTION_TYPE, TRANSCRIPT) 
            VALUES 
            ('9', 5, 'uploads/interviews/9/conversation_turn_7_essential_answer.webm', 15.448, NOW(), 7, 'essential_answer', '')
[05-Aug-2025 13:38:29 Europe/Berlin] Error in simple upload working: Unknown column 'TRANSCRIPT' in 'field list'
[05-Aug-2025 13:38:29 Europe/Berlin] Stack trace: #0 C:\xampp\htdocs\eris\simple-upload-working.php(123): mysqli_query(Object(mysqli), 'INSERT INTO tbl...')
#1 {main}
[05-Aug-2025 13:38:29 Europe/Berlin] === Simple Upload Working Ended ===
[05-Aug-2025 13:38:53 Europe/Berlin] === Simple Upload Working Started ===
[05-Aug-2025 13:38:53 Europe/Berlin] Request Method: POST
[05-Aug-2025 13:38:53 Europe/Berlin] POST Data: {"conversationTurn":"7","questionType":"essential_answer","currentEssentialQuestion":"6","duration":"2.521","token":"d99a956b67395647dbc6de00586e285779c130a5be7187fda51f8d34fdcd20c9","registrationId":"9","transcript":""}
[05-Aug-2025 13:38:53 Europe/Berlin] FILES Data: {"video":{"name":"conversation_turn_7_essential_answer.webm","full_path":"conversation_turn_7_essential_answer.webm","type":"video\/webm","tmp_name":"C:\\xampp\\tmp\\phpE91B.tmp","error":0,"size":324393}}
[05-Aug-2025 13:38:53 Europe/Berlin] Database connection successful
[05-Aug-2025 13:38:53 Europe/Berlin] Token received: d99a956b67395647dbc6de00586e285779c130a5be7187fda51f8d34fdcd20c9
[05-Aug-2025 13:38:53 Europe/Berlin] Token validated successfully
[05-Aug-2025 13:38:53 Europe/Berlin] Moving file from C:\xampp\tmp\phpE91B.tmp to uploads/interviews/9/conversation_turn_7_essential_answer.webm
[05-Aug-2025 13:38:53 Europe/Berlin] Database SQL: INSERT INTO tblinterviewrecordings 
            (REGISTRATIONID, QUESTION_NUMBER, FILE_PATH, DURATION, RECORDED_AT, CONVERSATION_TURN, QUESTION_TYPE, TRANSCRIPT) 
            VALUES 
            ('9', 6, 'uploads/interviews/9/conversation_turn_7_essential_answer.webm', 2.521, NOW(), 7, 'essential_answer', '')
[05-Aug-2025 13:38:53 Europe/Berlin] Error in simple upload working: Unknown column 'TRANSCRIPT' in 'field list'
[05-Aug-2025 13:38:53 Europe/Berlin] Stack trace: #0 C:\xampp\htdocs\eris\simple-upload-working.php(123): mysqli_query(Object(mysqli), 'INSERT INTO tbl...')
#1 {main}
[05-Aug-2025 13:38:53 Europe/Berlin] === Simple Upload Working Ended ===
[05-Aug-2025 13:39:11 Europe/Berlin] === Simple Upload Working Started ===
[05-Aug-2025 13:39:11 Europe/Berlin] Request Method: POST
[05-Aug-2025 13:39:11 Europe/Berlin] POST Data: {"conversationTurn":"8","questionType":"essential_answer","currentEssentialQuestion":"6","duration":"16.526","token":"d99a956b67395647dbc6de00586e285779c130a5be7187fda51f8d34fdcd20c9","registrationId":"9","transcript":""}
[05-Aug-2025 13:39:11 Europe/Berlin] FILES Data: {"video":{"name":"conversation_turn_8_essential_answer.webm","full_path":"conversation_turn_8_essential_answer.webm","type":"video\/webm","tmp_name":"C:\\xampp\\tmp\\php2E91.tmp","error":0,"size":2434808}}
[05-Aug-2025 13:39:11 Europe/Berlin] Database connection successful
[05-Aug-2025 13:39:11 Europe/Berlin] Token received: d99a956b67395647dbc6de00586e285779c130a5be7187fda51f8d34fdcd20c9
[05-Aug-2025 13:39:11 Europe/Berlin] Token validated successfully
[05-Aug-2025 13:39:11 Europe/Berlin] Moving file from C:\xampp\tmp\php2E91.tmp to uploads/interviews/9/conversation_turn_8_essential_answer.webm
[05-Aug-2025 13:39:11 Europe/Berlin] Database SQL: INSERT INTO tblinterviewrecordings 
            (REGISTRATIONID, QUESTION_NUMBER, FILE_PATH, DURATION, RECORDED_AT, CONVERSATION_TURN, QUESTION_TYPE, TRANSCRIPT) 
            VALUES 
            ('9', 6, 'uploads/interviews/9/conversation_turn_8_essential_answer.webm', 16.526, NOW(), 8, 'essential_answer', '')
[05-Aug-2025 13:39:11 Europe/Berlin] Error in simple upload working: Unknown column 'TRANSCRIPT' in 'field list'
[05-Aug-2025 13:39:11 Europe/Berlin] Stack trace: #0 C:\xampp\htdocs\eris\simple-upload-working.php(123): mysqli_query(Object(mysqli), 'INSERT INTO tbl...')
#1 {main}
[05-Aug-2025 13:39:11 Europe/Berlin] === Simple Upload Working Ended ===
[05-Aug-2025 13:45:45 Europe/Berlin] === Simple Upload Working Started ===
[05-Aug-2025 13:45:45 Europe/Berlin] Request Method: POST
[05-Aug-2025 13:45:45 Europe/Berlin] POST Data: {"conversationTurn":"1","questionType":"essential_answer","currentEssentialQuestion":"0","duration":"6.34","token":"d99a956b67395647dbc6de00586e285779c130a5be7187fda51f8d34fdcd20c9","registrationId":"9","transcript":""}
[05-Aug-2025 13:45:45 Europe/Berlin] FILES Data: {"video":{"name":"conversation_turn_1_essential_answer.webm","full_path":"conversation_turn_1_essential_answer.webm","type":"video\/webm","tmp_name":"C:\\xampp\\tmp\\php2F03.tmp","error":0,"size":938907}}
[05-Aug-2025 13:45:45 Europe/Berlin] Database connection successful
[05-Aug-2025 13:45:45 Europe/Berlin] Token received: d99a956b67395647dbc6de00586e285779c130a5be7187fda51f8d34fdcd20c9
[05-Aug-2025 13:45:45 Europe/Berlin] Token validated successfully
[05-Aug-2025 13:45:45 Europe/Berlin] Moving file from C:\xampp\tmp\php2F03.tmp to uploads/interviews/9/conversation_turn_1_essential_answer.webm
[05-Aug-2025 13:45:45 Europe/Berlin] Database SQL: INSERT INTO tblinterviewrecordings 
            (REGISTRATIONID, QUESTION_NUMBER, FILE_PATH, DURATION, RECORDED_AT, CONVERSATION_TURN, QUESTION_TYPE, TRANSCRIPT) 
            VALUES 
            ('9', 0, 'uploads/interviews/9/conversation_turn_1_essential_answer.webm', 6.34, NOW(), 1, 'essential_answer', '')
[05-Aug-2025 13:45:45 Europe/Berlin] Error in simple upload working: Unknown column 'TRANSCRIPT' in 'field list'
[05-Aug-2025 13:45:45 Europe/Berlin] Stack trace: #0 C:\xampp\htdocs\eris\simple-upload-working.php(123): mysqli_query(Object(mysqli), 'INSERT INTO tbl...')
#1 {main}
[05-Aug-2025 13:45:45 Europe/Berlin] === Simple Upload Working Ended ===
[05-Aug-2025 13:45:48 Europe/Berlin] === Simple Upload Working Started ===
[05-Aug-2025 13:45:48 Europe/Berlin] Request Method: POST
[05-Aug-2025 13:45:48 Europe/Berlin] POST Data: {"conversationTurn":"1","questionType":"essential_answer","currentEssentialQuestion":"0","duration":"2.514","token":"d99a956b67395647dbc6de00586e285779c130a5be7187fda51f8d34fdcd20c9","registrationId":"9","transcript":""}
[05-Aug-2025 13:45:48 Europe/Berlin] FILES Data: {"video":{"name":"conversation_turn_1_essential_answer.webm","full_path":"conversation_turn_1_essential_answer.webm","type":"video\/webm","tmp_name":"C:\\xampp\\tmp\\php3D6B.tmp","error":0,"size":316450}}
[05-Aug-2025 13:45:48 Europe/Berlin] Database connection successful
[05-Aug-2025 13:45:48 Europe/Berlin] Token received: d99a956b67395647dbc6de00586e285779c130a5be7187fda51f8d34fdcd20c9
[05-Aug-2025 13:45:48 Europe/Berlin] Token validated successfully
[05-Aug-2025 13:45:48 Europe/Berlin] Moving file from C:\xampp\tmp\php3D6B.tmp to uploads/interviews/9/conversation_turn_1_essential_answer.webm
[05-Aug-2025 13:45:48 Europe/Berlin] Database SQL: INSERT INTO tblinterviewrecordings 
            (REGISTRATIONID, QUESTION_NUMBER, FILE_PATH, DURATION, RECORDED_AT, CONVERSATION_TURN, QUESTION_TYPE, TRANSCRIPT) 
            VALUES 
            ('9', 0, 'uploads/interviews/9/conversation_turn_1_essential_answer.webm', 2.514, NOW(), 1, 'essential_answer', '')
[05-Aug-2025 13:45:48 Europe/Berlin] Error in simple upload working: Unknown column 'TRANSCRIPT' in 'field list'
[05-Aug-2025 13:45:48 Europe/Berlin] Stack trace: #0 C:\xampp\htdocs\eris\simple-upload-working.php(123): mysqli_query(Object(mysqli), 'INSERT INTO tbl...')
#1 {main}
[05-Aug-2025 13:45:48 Europe/Berlin] === Simple Upload Working Ended ===
[05-Aug-2025 13:45:52 Europe/Berlin] === Simple Upload Working Started ===
[05-Aug-2025 13:45:52 Europe/Berlin] Request Method: POST
[05-Aug-2025 13:45:52 Europe/Berlin] POST Data: {"conversationTurn":"2","questionType":"essential_answer","currentEssentialQuestion":"0","duration":"2.545","token":"d99a956b67395647dbc6de00586e285779c130a5be7187fda51f8d34fdcd20c9","registrationId":"9","transcript":""}
[05-Aug-2025 13:45:52 Europe/Berlin] FILES Data: {"video":{"name":"conversation_turn_2_essential_answer.webm","full_path":"conversation_turn_2_essential_answer.webm","type":"video\/webm","tmp_name":"C:\\xampp\\tmp\\php4BF3.tmp","error":0,"size":316004}}
[05-Aug-2025 13:45:52 Europe/Berlin] Database connection successful
[05-Aug-2025 13:45:52 Europe/Berlin] Token received: d99a956b67395647dbc6de00586e285779c130a5be7187fda51f8d34fdcd20c9
[05-Aug-2025 13:45:52 Europe/Berlin] Token validated successfully
[05-Aug-2025 13:45:52 Europe/Berlin] Moving file from C:\xampp\tmp\php4BF3.tmp to uploads/interviews/9/conversation_turn_2_essential_answer.webm
[05-Aug-2025 13:45:52 Europe/Berlin] Database SQL: INSERT INTO tblinterviewrecordings 
            (REGISTRATIONID, QUESTION_NUMBER, FILE_PATH, DURATION, RECORDED_AT, CONVERSATION_TURN, QUESTION_TYPE, TRANSCRIPT) 
            VALUES 
            ('9', 0, 'uploads/interviews/9/conversation_turn_2_essential_answer.webm', 2.545, NOW(), 2, 'essential_answer', '')
[05-Aug-2025 13:45:52 Europe/Berlin] Error in simple upload working: Unknown column 'TRANSCRIPT' in 'field list'
[05-Aug-2025 13:45:52 Europe/Berlin] Stack trace: #0 C:\xampp\htdocs\eris\simple-upload-working.php(123): mysqli_query(Object(mysqli), 'INSERT INTO tbl...')
#1 {main}
[05-Aug-2025 13:45:52 Europe/Berlin] === Simple Upload Working Ended ===
[05-Aug-2025 13:46:21 Europe/Berlin] === Simple Upload Working Started ===
[05-Aug-2025 13:46:21 Europe/Berlin] Request Method: POST
[05-Aug-2025 13:46:21 Europe/Berlin] POST Data: {"conversationTurn":"1","questionType":"essential_answer","currentEssentialQuestion":"0","duration":"4.059","token":"d99a956b67395647dbc6de00586e285779c130a5be7187fda51f8d34fdcd20c9","registrationId":"9","transcript":""}
[05-Aug-2025 13:46:21 Europe/Berlin] FILES Data: {"video":{"name":"conversation_turn_1_essential_answer.webm","full_path":"conversation_turn_1_essential_answer.webm","type":"video\/webm","tmp_name":"C:\\xampp\\tmp\\phpBF20.tmp","error":0,"size":606220}}
[05-Aug-2025 13:46:21 Europe/Berlin] Database connection successful
[05-Aug-2025 13:46:21 Europe/Berlin] Token received: d99a956b67395647dbc6de00586e285779c130a5be7187fda51f8d34fdcd20c9
[05-Aug-2025 13:46:21 Europe/Berlin] Token validated successfully
[05-Aug-2025 13:46:21 Europe/Berlin] Moving file from C:\xampp\tmp\phpBF20.tmp to uploads/interviews/9/conversation_turn_1_essential_answer.webm
[05-Aug-2025 13:46:21 Europe/Berlin] Database SQL: INSERT INTO tblinterviewrecordings 
            (REGISTRATIONID, QUESTION_NUMBER, FILE_PATH, DURATION, RECORDED_AT, CONVERSATION_TURN, QUESTION_TYPE, TRANSCRIPT) 
            VALUES 
            ('9', 0, 'uploads/interviews/9/conversation_turn_1_essential_answer.webm', 4.059, NOW(), 1, 'essential_answer', '')
[05-Aug-2025 13:46:21 Europe/Berlin] Error in simple upload working: Unknown column 'TRANSCRIPT' in 'field list'
[05-Aug-2025 13:46:21 Europe/Berlin] Stack trace: #0 C:\xampp\htdocs\eris\simple-upload-working.php(123): mysqli_query(Object(mysqli), 'INSERT INTO tbl...')
#1 {main}
[05-Aug-2025 13:46:21 Europe/Berlin] === Simple Upload Working Ended ===
[05-Aug-2025 13:46:25 Europe/Berlin] === Simple Upload Working Started ===
[05-Aug-2025 13:46:25 Europe/Berlin] Request Method: POST
[05-Aug-2025 13:46:25 Europe/Berlin] POST Data: {"conversationTurn":"2","questionType":"essential_answer","currentEssentialQuestion":"0","duration":"2.542","token":"d99a956b67395647dbc6de00586e285779c130a5be7187fda51f8d34fdcd20c9","registrationId":"9","transcript":""}
[05-Aug-2025 13:46:25 Europe/Berlin] FILES Data: {"video":{"name":"conversation_turn_2_essential_answer.webm","full_path":"conversation_turn_2_essential_answer.webm","type":"video\/webm","tmp_name":"C:\\xampp\\tmp\\phpCD98.tmp","error":0,"size":338799}}
[05-Aug-2025 13:46:25 Europe/Berlin] Database connection successful
[05-Aug-2025 13:46:25 Europe/Berlin] Token received: d99a956b67395647dbc6de00586e285779c130a5be7187fda51f8d34fdcd20c9
[05-Aug-2025 13:46:25 Europe/Berlin] Token validated successfully
[05-Aug-2025 13:46:25 Europe/Berlin] Moving file from C:\xampp\tmp\phpCD98.tmp to uploads/interviews/9/conversation_turn_2_essential_answer.webm
[05-Aug-2025 13:46:25 Europe/Berlin] Database SQL: INSERT INTO tblinterviewrecordings 
            (REGISTRATIONID, QUESTION_NUMBER, FILE_PATH, DURATION, RECORDED_AT, CONVERSATION_TURN, QUESTION_TYPE, TRANSCRIPT) 
            VALUES 
            ('9', 0, 'uploads/interviews/9/conversation_turn_2_essential_answer.webm', 2.542, NOW(), 2, 'essential_answer', '')
[05-Aug-2025 13:46:25 Europe/Berlin] Error in simple upload working: Unknown column 'TRANSCRIPT' in 'field list'
[05-Aug-2025 13:46:25 Europe/Berlin] Stack trace: #0 C:\xampp\htdocs\eris\simple-upload-working.php(123): mysqli_query(Object(mysqli), 'INSERT INTO tbl...')
#1 {main}
[05-Aug-2025 13:46:25 Europe/Berlin] === Simple Upload Working Ended ===
[05-Aug-2025 13:47:17 Europe/Berlin] === Simple Upload Working Started ===
[05-Aug-2025 13:47:17 Europe/Berlin] Request Method: POST
[05-Aug-2025 13:47:17 Europe/Berlin] POST Data: {"conversationTurn":"2","questionType":"essential_answer","currentEssentialQuestion":"0","duration":"12.372","token":"d99a956b67395647dbc6de00586e285779c130a5be7187fda51f8d34fdcd20c9","registrationId":"9","transcript":""}
[05-Aug-2025 13:47:17 Europe/Berlin] FILES Data: {"video":{"name":"conversation_turn_2_essential_answer.webm","full_path":"conversation_turn_2_essential_answer.webm","type":"video\/webm","tmp_name":"C:\\xampp\\tmp\\php9917.tmp","error":0,"size":1832206}}
[05-Aug-2025 13:47:17 Europe/Berlin] Database connection successful
[05-Aug-2025 13:47:17 Europe/Berlin] Token received: d99a956b67395647dbc6de00586e285779c130a5be7187fda51f8d34fdcd20c9
[05-Aug-2025 13:47:17 Europe/Berlin] Token validated successfully
[05-Aug-2025 13:47:17 Europe/Berlin] Moving file from C:\xampp\tmp\php9917.tmp to uploads/interviews/9/conversation_turn_2_essential_answer.webm
[05-Aug-2025 13:47:17 Europe/Berlin] Database SQL: INSERT INTO tblinterviewrecordings 
            (REGISTRATIONID, QUESTION_NUMBER, FILE_PATH, DURATION, RECORDED_AT, CONVERSATION_TURN, QUESTION_TYPE, TRANSCRIPT) 
            VALUES 
            ('9', 0, 'uploads/interviews/9/conversation_turn_2_essential_answer.webm', 12.372, NOW(), 2, 'essential_answer', '')
[05-Aug-2025 13:47:17 Europe/Berlin] Error in simple upload working: Unknown column 'TRANSCRIPT' in 'field list'
[05-Aug-2025 13:47:17 Europe/Berlin] Stack trace: #0 C:\xampp\htdocs\eris\simple-upload-working.php(123): mysqli_query(Object(mysqli), 'INSERT INTO tbl...')
#1 {main}
[05-Aug-2025 13:47:17 Europe/Berlin] === Simple Upload Working Ended ===
[05-Aug-2025 13:47:49 Europe/Berlin] === Simple Upload Working Started ===
[05-Aug-2025 13:47:49 Europe/Berlin] Request Method: POST
[05-Aug-2025 13:47:49 Europe/Berlin] POST Data: {"conversationTurn":"1","questionType":"essential_answer","currentEssentialQuestion":"0","duration":"12.389","token":"d99a956b67395647dbc6de00586e285779c130a5be7187fda51f8d34fdcd20c9","registrationId":"9","transcript":""}
[05-Aug-2025 13:47:49 Europe/Berlin] FILES Data: {"video":{"name":"conversation_turn_1_essential_answer.webm","full_path":"conversation_turn_1_essential_answer.webm","type":"video\/webm","tmp_name":"C:\\xampp\\tmp\\php1657.tmp","error":0,"size":1829553}}
[05-Aug-2025 13:47:49 Europe/Berlin] Database connection successful
[05-Aug-2025 13:47:49 Europe/Berlin] Token received: d99a956b67395647dbc6de00586e285779c130a5be7187fda51f8d34fdcd20c9
[05-Aug-2025 13:47:49 Europe/Berlin] Token validated successfully
[05-Aug-2025 13:47:49 Europe/Berlin] Moving file from C:\xampp\tmp\php1657.tmp to uploads/interviews/9/conversation_turn_1_essential_answer.webm
[05-Aug-2025 13:47:49 Europe/Berlin] Database SQL: INSERT INTO tblinterviewrecordings 
            (REGISTRATIONID, QUESTION_NUMBER, FILE_PATH, DURATION, RECORDED_AT, CONVERSATION_TURN, QUESTION_TYPE, TRANSCRIPT) 
            VALUES 
            ('9', 0, 'uploads/interviews/9/conversation_turn_1_essential_answer.webm', 12.389, NOW(), 1, 'essential_answer', '')
[05-Aug-2025 13:47:49 Europe/Berlin] Error in simple upload working: Unknown column 'TRANSCRIPT' in 'field list'
[05-Aug-2025 13:47:49 Europe/Berlin] Stack trace: #0 C:\xampp\htdocs\eris\simple-upload-working.php(123): mysqli_query(Object(mysqli), 'INSERT INTO tbl...')
#1 {main}
[05-Aug-2025 13:47:49 Europe/Berlin] === Simple Upload Working Ended ===
[05-Aug-2025 13:47:53 Europe/Berlin] === Simple Upload Working Started ===
[05-Aug-2025 13:47:53 Europe/Berlin] Request Method: POST
[05-Aug-2025 13:47:53 Europe/Berlin] POST Data: {"conversationTurn":"2","questionType":"essential_answer","currentEssentialQuestion":"0","duration":"2.531","token":"d99a956b67395647dbc6de00586e285779c130a5be7187fda51f8d34fdcd20c9","registrationId":"9","transcript":""}
[05-Aug-2025 13:47:53 Europe/Berlin] FILES Data: {"video":{"name":"conversation_turn_2_essential_answer.webm","full_path":"conversation_turn_2_essential_answer.webm","type":"video\/webm","tmp_name":"C:\\xampp\\tmp\\php24DE.tmp","error":0,"size":322352}}
[05-Aug-2025 13:47:53 Europe/Berlin] Database connection successful
[05-Aug-2025 13:47:53 Europe/Berlin] Token received: d99a956b67395647dbc6de00586e285779c130a5be7187fda51f8d34fdcd20c9
[05-Aug-2025 13:47:53 Europe/Berlin] Token validated successfully
[05-Aug-2025 13:47:53 Europe/Berlin] Moving file from C:\xampp\tmp\php24DE.tmp to uploads/interviews/9/conversation_turn_2_essential_answer.webm
[05-Aug-2025 13:47:53 Europe/Berlin] Database SQL: INSERT INTO tblinterviewrecordings 
            (REGISTRATIONID, QUESTION_NUMBER, FILE_PATH, DURATION, RECORDED_AT, CONVERSATION_TURN, QUESTION_TYPE, TRANSCRIPT) 
            VALUES 
            ('9', 0, 'uploads/interviews/9/conversation_turn_2_essential_answer.webm', 2.531, NOW(), 2, 'essential_answer', '')
[05-Aug-2025 13:47:53 Europe/Berlin] Error in simple upload working: Unknown column 'TRANSCRIPT' in 'field list'
[05-Aug-2025 13:47:53 Europe/Berlin] Stack trace: #0 C:\xampp\htdocs\eris\simple-upload-working.php(123): mysqli_query(Object(mysqli), 'INSERT INTO tbl...')
#1 {main}
[05-Aug-2025 13:47:53 Europe/Berlin] === Simple Upload Working Ended ===
[05-Aug-2025 13:48:27 Europe/Berlin] === Simple Upload Working Started ===
[05-Aug-2025 13:48:27 Europe/Berlin] Request Method: POST
[05-Aug-2025 13:48:27 Europe/Berlin] POST Data: {"conversationTurn":"2","questionType":"essential_answer","currentEssentialQuestion":"1","duration":"12.911","token":"d99a956b67395647dbc6de00586e285779c130a5be7187fda51f8d34fdcd20c9","registrationId":"9","transcript":""}
[05-Aug-2025 13:48:27 Europe/Berlin] FILES Data: {"video":{"name":"conversation_turn_2_essential_answer.webm","full_path":"conversation_turn_2_essential_answer.webm","type":"video\/webm","tmp_name":"C:\\xampp\\tmp\\phpA9A0.tmp","error":0,"size":1923736}}
[05-Aug-2025 13:48:27 Europe/Berlin] Database connection successful
[05-Aug-2025 13:48:27 Europe/Berlin] Token received: d99a956b67395647dbc6de00586e285779c130a5be7187fda51f8d34fdcd20c9
[05-Aug-2025 13:48:27 Europe/Berlin] Token validated successfully
[05-Aug-2025 13:48:27 Europe/Berlin] Moving file from C:\xampp\tmp\phpA9A0.tmp to uploads/interviews/9/conversation_turn_2_essential_answer.webm
[05-Aug-2025 13:48:27 Europe/Berlin] Database SQL: INSERT INTO tblinterviewrecordings 
            (REGISTRATIONID, QUESTION_NUMBER, FILE_PATH, DURATION, RECORDED_AT, CONVERSATION_TURN, QUESTION_TYPE, TRANSCRIPT) 
            VALUES 
            ('9', 1, 'uploads/interviews/9/conversation_turn_2_essential_answer.webm', 12.911, NOW(), 2, 'essential_answer', '')
[05-Aug-2025 13:48:27 Europe/Berlin] Error in simple upload working: Unknown column 'TRANSCRIPT' in 'field list'
[05-Aug-2025 13:48:27 Europe/Berlin] Stack trace: #0 C:\xampp\htdocs\eris\simple-upload-working.php(123): mysqli_query(Object(mysqli), 'INSERT INTO tbl...')
#1 {main}
[05-Aug-2025 13:48:27 Europe/Berlin] === Simple Upload Working Ended ===
[05-Aug-2025 13:48:31 Europe/Berlin] === Simple Upload Working Started ===
[05-Aug-2025 13:48:31 Europe/Berlin] Request Method: POST
[05-Aug-2025 13:48:31 Europe/Berlin] POST Data: {"conversationTurn":"3","questionType":"essential_answer","currentEssentialQuestion":"1","duration":"2.542","token":"d99a956b67395647dbc6de00586e285779c130a5be7187fda51f8d34fdcd20c9","registrationId":"9","transcript":""}
[05-Aug-2025 13:48:31 Europe/Berlin] FILES Data: {"video":{"name":"conversation_turn_3_essential_answer.webm","full_path":"conversation_turn_3_essential_answer.webm","type":"video\/webm","tmp_name":"C:\\xampp\\tmp\\phpB7D9.tmp","error":0,"size":327849}}
[05-Aug-2025 13:48:31 Europe/Berlin] Database connection successful
[05-Aug-2025 13:48:31 Europe/Berlin] Token received: d99a956b67395647dbc6de00586e285779c130a5be7187fda51f8d34fdcd20c9
[05-Aug-2025 13:48:31 Europe/Berlin] Token validated successfully
[05-Aug-2025 13:48:31 Europe/Berlin] Moving file from C:\xampp\tmp\phpB7D9.tmp to uploads/interviews/9/conversation_turn_3_essential_answer.webm
[05-Aug-2025 13:48:31 Europe/Berlin] Database SQL: INSERT INTO tblinterviewrecordings 
            (REGISTRATIONID, QUESTION_NUMBER, FILE_PATH, DURATION, RECORDED_AT, CONVERSATION_TURN, QUESTION_TYPE, TRANSCRIPT) 
            VALUES 
            ('9', 1, 'uploads/interviews/9/conversation_turn_3_essential_answer.webm', 2.542, NOW(), 3, 'essential_answer', '')
[05-Aug-2025 13:48:31 Europe/Berlin] Error in simple upload working: Unknown column 'TRANSCRIPT' in 'field list'
[05-Aug-2025 13:48:31 Europe/Berlin] Stack trace: #0 C:\xampp\htdocs\eris\simple-upload-working.php(123): mysqli_query(Object(mysqli), 'INSERT INTO tbl...')
#1 {main}
[05-Aug-2025 13:48:31 Europe/Berlin] === Simple Upload Working Ended ===
[05-Aug-2025 13:48:58 Europe/Berlin] === Simple Upload Working Started ===
[05-Aug-2025 13:48:58 Europe/Berlin] Request Method: POST
[05-Aug-2025 13:48:58 Europe/Berlin] POST Data: {"conversationTurn":"3","questionType":"essential_answer","currentEssentialQuestion":"2","duration":"2.536","token":"d99a956b67395647dbc6de00586e285779c130a5be7187fda51f8d34fdcd20c9","registrationId":"9","transcript":""}
[05-Aug-2025 13:48:58 Europe/Berlin] FILES Data: {"video":{"name":"conversation_turn_3_essential_answer.webm","full_path":"conversation_turn_3_essential_answer.webm","type":"video\/webm","tmp_name":"C:\\xampp\\tmp\\php20E5.tmp","error":0,"size":430656}}
[05-Aug-2025 13:48:58 Europe/Berlin] Database connection successful
[05-Aug-2025 13:48:58 Europe/Berlin] Token received: d99a956b67395647dbc6de00586e285779c130a5be7187fda51f8d34fdcd20c9
[05-Aug-2025 13:48:58 Europe/Berlin] Token validated successfully
[05-Aug-2025 13:48:58 Europe/Berlin] Moving file from C:\xampp\tmp\php20E5.tmp to uploads/interviews/9/conversation_turn_3_essential_answer.webm
[05-Aug-2025 13:48:58 Europe/Berlin] Database SQL: INSERT INTO tblinterviewrecordings 
            (REGISTRATIONID, QUESTION_NUMBER, FILE_PATH, DURATION, RECORDED_AT, CONVERSATION_TURN, QUESTION_TYPE, TRANSCRIPT) 
            VALUES 
            ('9', 2, 'uploads/interviews/9/conversation_turn_3_essential_answer.webm', 2.536, NOW(), 3, 'essential_answer', '')
[05-Aug-2025 13:48:58 Europe/Berlin] Error in simple upload working: Unknown column 'TRANSCRIPT' in 'field list'
[05-Aug-2025 13:48:58 Europe/Berlin] Stack trace: #0 C:\xampp\htdocs\eris\simple-upload-working.php(123): mysqli_query(Object(mysqli), 'INSERT INTO tbl...')
#1 {main}
[05-Aug-2025 13:48:58 Europe/Berlin] === Simple Upload Working Ended ===
[05-Aug-2025 13:49:04 Europe/Berlin] === Simple Upload Working Started ===
[05-Aug-2025 13:49:04 Europe/Berlin] Request Method: POST
[05-Aug-2025 13:49:04 Europe/Berlin] POST Data: {"conversationTurn":"4","questionType":"essential_answer","currentEssentialQuestion":"2","duration":"4.943","token":"d99a956b67395647dbc6de00586e285779c130a5be7187fda51f8d34fdcd20c9","registrationId":"9","transcript":""}
[05-Aug-2025 13:49:04 Europe/Berlin] FILES Data: {"video":{"name":"conversation_turn_4_essential_answer.webm","full_path":"conversation_turn_4_essential_answer.webm","type":"video\/webm","tmp_name":"C:\\xampp\\tmp\\php38D3.tmp","error":0,"size":749888}}
[05-Aug-2025 13:49:04 Europe/Berlin] Database connection successful
[05-Aug-2025 13:49:04 Europe/Berlin] Token received: d99a956b67395647dbc6de00586e285779c130a5be7187fda51f8d34fdcd20c9
[05-Aug-2025 13:49:04 Europe/Berlin] Token validated successfully
[05-Aug-2025 13:49:04 Europe/Berlin] Moving file from C:\xampp\tmp\php38D3.tmp to uploads/interviews/9/conversation_turn_4_essential_answer.webm
[05-Aug-2025 13:49:04 Europe/Berlin] Database SQL: INSERT INTO tblinterviewrecordings 
            (REGISTRATIONID, QUESTION_NUMBER, FILE_PATH, DURATION, RECORDED_AT, CONVERSATION_TURN, QUESTION_TYPE, TRANSCRIPT) 
            VALUES 
            ('9', 2, 'uploads/interviews/9/conversation_turn_4_essential_answer.webm', 4.943, NOW(), 4, 'essential_answer', '')
[05-Aug-2025 13:49:04 Europe/Berlin] Error in simple upload working: Unknown column 'TRANSCRIPT' in 'field list'
[05-Aug-2025 13:49:04 Europe/Berlin] Stack trace: #0 C:\xampp\htdocs\eris\simple-upload-working.php(123): mysqli_query(Object(mysqli), 'INSERT INTO tbl...')
#1 {main}
[05-Aug-2025 13:49:04 Europe/Berlin] === Simple Upload Working Ended ===
[05-Aug-2025 13:49:31 Europe/Berlin] === Simple Upload Working Started ===
[05-Aug-2025 13:49:31 Europe/Berlin] Request Method: POST
[05-Aug-2025 13:49:31 Europe/Berlin] POST Data: {"conversationTurn":"4","questionType":"essential_answer","currentEssentialQuestion":"3","duration":"7.017","token":"d99a956b67395647dbc6de00586e285779c130a5be7187fda51f8d34fdcd20c9","registrationId":"9","transcript":""}
[05-Aug-2025 13:49:31 Europe/Berlin] FILES Data: {"video":{"name":"conversation_turn_4_essential_answer.webm","full_path":"conversation_turn_4_essential_answer.webm","type":"video\/webm","tmp_name":"C:\\xampp\\tmp\\phpA2B9.tmp","error":0,"size":1048036}}
[05-Aug-2025 13:49:31 Europe/Berlin] Database connection successful
[05-Aug-2025 13:49:31 Europe/Berlin] Token received: d99a956b67395647dbc6de00586e285779c130a5be7187fda51f8d34fdcd20c9
[05-Aug-2025 13:49:31 Europe/Berlin] Token validated successfully
[05-Aug-2025 13:49:31 Europe/Berlin] Moving file from C:\xampp\tmp\phpA2B9.tmp to uploads/interviews/9/conversation_turn_4_essential_answer.webm
[05-Aug-2025 13:49:31 Europe/Berlin] Database SQL: INSERT INTO tblinterviewrecordings 
            (REGISTRATIONID, QUESTION_NUMBER, FILE_PATH, DURATION, RECORDED_AT, CONVERSATION_TURN, QUESTION_TYPE, TRANSCRIPT) 
            VALUES 
            ('9', 3, 'uploads/interviews/9/conversation_turn_4_essential_answer.webm', 7.017, NOW(), 4, 'essential_answer', '')
[05-Aug-2025 13:49:31 Europe/Berlin] Error in simple upload working: Unknown column 'TRANSCRIPT' in 'field list'
[05-Aug-2025 13:49:31 Europe/Berlin] Stack trace: #0 C:\xampp\htdocs\eris\simple-upload-working.php(123): mysqli_query(Object(mysqli), 'INSERT INTO tbl...')
#1 {main}
[05-Aug-2025 13:49:31 Europe/Berlin] === Simple Upload Working Ended ===
[05-Aug-2025 13:49:34 Europe/Berlin] === Simple Upload Working Started ===
[05-Aug-2025 13:49:34 Europe/Berlin] Request Method: POST
[05-Aug-2025 13:49:34 Europe/Berlin] POST Data: {"conversationTurn":"5","questionType":"essential_answer","currentEssentialQuestion":"3","duration":"2.518","token":"d99a956b67395647dbc6de00586e285779c130a5be7187fda51f8d34fdcd20c9","registrationId":"9","transcript":""}
[05-Aug-2025 13:49:34 Europe/Berlin] FILES Data: {"video":{"name":"conversation_turn_5_essential_answer.webm","full_path":"conversation_turn_5_essential_answer.webm","type":"video\/webm","tmp_name":"C:\\xampp\\tmp\\phpB0E3.tmp","error":0,"size":325421}}
[05-Aug-2025 13:49:34 Europe/Berlin] Database connection successful
[05-Aug-2025 13:49:34 Europe/Berlin] Token received: d99a956b67395647dbc6de00586e285779c130a5be7187fda51f8d34fdcd20c9
[05-Aug-2025 13:49:34 Europe/Berlin] Token validated successfully
[05-Aug-2025 13:49:34 Europe/Berlin] Moving file from C:\xampp\tmp\phpB0E3.tmp to uploads/interviews/9/conversation_turn_5_essential_answer.webm
[05-Aug-2025 13:49:34 Europe/Berlin] Database SQL: INSERT INTO tblinterviewrecordings 
            (REGISTRATIONID, QUESTION_NUMBER, FILE_PATH, DURATION, RECORDED_AT, CONVERSATION_TURN, QUESTION_TYPE, TRANSCRIPT) 
            VALUES 
            ('9', 3, 'uploads/interviews/9/conversation_turn_5_essential_answer.webm', 2.518, NOW(), 5, 'essential_answer', '')
[05-Aug-2025 13:49:34 Europe/Berlin] Error in simple upload working: Unknown column 'TRANSCRIPT' in 'field list'
[05-Aug-2025 13:49:34 Europe/Berlin] Stack trace: #0 C:\xampp\htdocs\eris\simple-upload-working.php(123): mysqli_query(Object(mysqli), 'INSERT INTO tbl...')
#1 {main}
[05-Aug-2025 13:49:34 Europe/Berlin] === Simple Upload Working Ended ===
[05-Aug-2025 13:50:09 Europe/Berlin] === Simple Upload Working Started ===
[05-Aug-2025 13:50:09 Europe/Berlin] Request Method: POST
[05-Aug-2025 13:50:09 Europe/Berlin] POST Data: {"conversationTurn":"6","questionType":"essential_answer","currentEssentialQuestion":"4","duration":"11.3","token":"d99a956b67395647dbc6de00586e285779c130a5be7187fda51f8d34fdcd20c9","registrationId":"9","transcript":""}
[05-Aug-2025 13:50:09 Europe/Berlin] FILES Data: {"video":{"name":"conversation_turn_6_essential_answer.webm","full_path":"conversation_turn_6_essential_answer.webm","type":"video\/webm","tmp_name":"C:\\xampp\\tmp\\php3799.tmp","error":0,"size":1678185}}
[05-Aug-2025 13:50:09 Europe/Berlin] Database connection successful
[05-Aug-2025 13:50:09 Europe/Berlin] Token received: d99a956b67395647dbc6de00586e285779c130a5be7187fda51f8d34fdcd20c9
[05-Aug-2025 13:50:09 Europe/Berlin] Token validated successfully
[05-Aug-2025 13:50:09 Europe/Berlin] Moving file from C:\xampp\tmp\php3799.tmp to uploads/interviews/9/conversation_turn_6_essential_answer.webm
[05-Aug-2025 13:50:09 Europe/Berlin] Database SQL: INSERT INTO tblinterviewrecordings 
            (REGISTRATIONID, QUESTION_NUMBER, FILE_PATH, DURATION, RECORDED_AT, CONVERSATION_TURN, QUESTION_TYPE, TRANSCRIPT) 
            VALUES 
            ('9', 4, 'uploads/interviews/9/conversation_turn_6_essential_answer.webm', 11.3, NOW(), 6, 'essential_answer', '')
[05-Aug-2025 13:50:09 Europe/Berlin] Error in simple upload working: Unknown column 'TRANSCRIPT' in 'field list'
[05-Aug-2025 13:50:09 Europe/Berlin] Stack trace: #0 C:\xampp\htdocs\eris\simple-upload-working.php(123): mysqli_query(Object(mysqli), 'INSERT INTO tbl...')
#1 {main}
[05-Aug-2025 13:50:09 Europe/Berlin] === Simple Upload Working Ended ===
[05-Aug-2025 13:50:33 Europe/Berlin] === Simple Upload Working Started ===
[05-Aug-2025 13:50:33 Europe/Berlin] Request Method: POST
[05-Aug-2025 13:50:33 Europe/Berlin] POST Data: {"conversationTurn":"6","questionType":"essential_answer","currentEssentialQuestion":"5","duration":"4.838","token":"d99a956b67395647dbc6de00586e285779c130a5be7187fda51f8d34fdcd20c9","registrationId":"9","transcript":""}
[05-Aug-2025 13:50:33 Europe/Berlin] FILES Data: {"video":{"name":"conversation_turn_6_essential_answer.webm","full_path":"conversation_turn_6_essential_answer.webm","type":"video\/webm","tmp_name":"C:\\xampp\\tmp\\php96B1.tmp","error":0,"size":722283}}
[05-Aug-2025 13:50:33 Europe/Berlin] Database connection successful
[05-Aug-2025 13:50:33 Europe/Berlin] Token received: d99a956b67395647dbc6de00586e285779c130a5be7187fda51f8d34fdcd20c9
[05-Aug-2025 13:50:33 Europe/Berlin] Token validated successfully
[05-Aug-2025 13:50:33 Europe/Berlin] Moving file from C:\xampp\tmp\php96B1.tmp to uploads/interviews/9/conversation_turn_6_essential_answer.webm
[05-Aug-2025 13:50:33 Europe/Berlin] Database SQL: INSERT INTO tblinterviewrecordings 
            (REGISTRATIONID, QUESTION_NUMBER, FILE_PATH, DURATION, RECORDED_AT, CONVERSATION_TURN, QUESTION_TYPE, TRANSCRIPT) 
            VALUES 
            ('9', 5, 'uploads/interviews/9/conversation_turn_6_essential_answer.webm', 4.838, NOW(), 6, 'essential_answer', '')
[05-Aug-2025 13:50:33 Europe/Berlin] Error in simple upload working: Unknown column 'TRANSCRIPT' in 'field list'
[05-Aug-2025 13:50:33 Europe/Berlin] Stack trace: #0 C:\xampp\htdocs\eris\simple-upload-working.php(123): mysqli_query(Object(mysqli), 'INSERT INTO tbl...')
#1 {main}
[05-Aug-2025 13:50:33 Europe/Berlin] === Simple Upload Working Ended ===
[05-Aug-2025 13:50:41 Europe/Berlin] === Simple Upload Working Started ===
[05-Aug-2025 13:50:41 Europe/Berlin] Request Method: POST
[05-Aug-2025 13:50:41 Europe/Berlin] POST Data: {"conversationTurn":"7","questionType":"essential_answer","currentEssentialQuestion":"5","duration":"6.551","token":"d99a956b67395647dbc6de00586e285779c130a5be7187fda51f8d34fdcd20c9","registrationId":"9","transcript":""}
[05-Aug-2025 13:50:41 Europe/Berlin] FILES Data: {"video":{"name":"conversation_turn_7_essential_answer.webm","full_path":"conversation_turn_7_essential_answer.webm","type":"video\/webm","tmp_name":"C:\\xampp\\tmp\\phpB4BA.tmp","error":0,"size":978639}}
[05-Aug-2025 13:50:41 Europe/Berlin] Database connection successful
[05-Aug-2025 13:50:41 Europe/Berlin] Token received: d99a956b67395647dbc6de00586e285779c130a5be7187fda51f8d34fdcd20c9
[05-Aug-2025 13:50:41 Europe/Berlin] Token validated successfully
[05-Aug-2025 13:50:41 Europe/Berlin] Moving file from C:\xampp\tmp\phpB4BA.tmp to uploads/interviews/9/conversation_turn_7_essential_answer.webm
[05-Aug-2025 13:50:41 Europe/Berlin] Database SQL: INSERT INTO tblinterviewrecordings 
            (REGISTRATIONID, QUESTION_NUMBER, FILE_PATH, DURATION, RECORDED_AT, CONVERSATION_TURN, QUESTION_TYPE, TRANSCRIPT) 
            VALUES 
            ('9', 5, 'uploads/interviews/9/conversation_turn_7_essential_answer.webm', 6.551, NOW(), 7, 'essential_answer', '')
[05-Aug-2025 13:50:41 Europe/Berlin] Error in simple upload working: Unknown column 'TRANSCRIPT' in 'field list'
[05-Aug-2025 13:50:41 Europe/Berlin] Stack trace: #0 C:\xampp\htdocs\eris\simple-upload-working.php(123): mysqli_query(Object(mysqli), 'INSERT INTO tbl...')
#1 {main}
[05-Aug-2025 13:50:41 Europe/Berlin] === Simple Upload Working Ended ===
[05-Aug-2025 13:51:13 Europe/Berlin] === Simple Upload Working Started ===
[05-Aug-2025 13:51:13 Europe/Berlin] Request Method: POST
[05-Aug-2025 13:51:13 Europe/Berlin] POST Data: {"conversationTurn":"8","questionType":"essential_answer","currentEssentialQuestion":"6","duration":"10.822","token":"d99a956b67395647dbc6de00586e285779c130a5be7187fda51f8d34fdcd20c9","registrationId":"9","transcript":""}
[05-Aug-2025 13:51:13 Europe/Berlin] FILES Data: {"video":{"name":"conversation_turn_8_essential_answer.webm","full_path":"conversation_turn_8_essential_answer.webm","type":"video\/webm","tmp_name":"C:\\xampp\\tmp\\php31EA.tmp","error":0,"size":1612701}}
[05-Aug-2025 13:51:13 Europe/Berlin] Database connection successful
[05-Aug-2025 13:51:13 Europe/Berlin] Token received: d99a956b67395647dbc6de00586e285779c130a5be7187fda51f8d34fdcd20c9
[05-Aug-2025 13:51:13 Europe/Berlin] Token validated successfully
[05-Aug-2025 13:51:13 Europe/Berlin] Moving file from C:\xampp\tmp\php31EA.tmp to uploads/interviews/9/conversation_turn_8_essential_answer.webm
[05-Aug-2025 13:51:13 Europe/Berlin] Database SQL: INSERT INTO tblinterviewrecordings 
            (REGISTRATIONID, QUESTION_NUMBER, FILE_PATH, DURATION, RECORDED_AT, CONVERSATION_TURN, QUESTION_TYPE, TRANSCRIPT) 
            VALUES 
            ('9', 6, 'uploads/interviews/9/conversation_turn_8_essential_answer.webm', 10.822, NOW(), 8, 'essential_answer', '')
[05-Aug-2025 13:51:13 Europe/Berlin] Error in simple upload working: Unknown column 'TRANSCRIPT' in 'field list'
[05-Aug-2025 13:51:13 Europe/Berlin] Stack trace: #0 C:\xampp\htdocs\eris\simple-upload-working.php(123): mysqli_query(Object(mysqli), 'INSERT INTO tbl...')
#1 {main}
[05-Aug-2025 13:51:13 Europe/Berlin] === Simple Upload Working Ended ===
[05-Aug-2025 14:06:54 Europe/Berlin] === Simple Upload Working Started ===
[05-Aug-2025 14:06:54 Europe/Berlin] Request Method: POST
[05-Aug-2025 14:06:54 Europe/Berlin] POST Data: {"conversationTurn":"1","questionType":"essential_answer","currentEssentialQuestion":"0","duration":"2.511","token":"d99a956b67395647dbc6de00586e285779c130a5be7187fda51f8d34fdcd20c9","registrationId":"9","transcript":""}
[05-Aug-2025 14:06:54 Europe/Berlin] FILES Data: {"video":{"name":"conversation_turn_1_essential_answer.webm","full_path":"conversation_turn_1_essential_answer.webm","type":"video\/webm","tmp_name":"C:\\xampp\\tmp\\php8DF1.tmp","error":0,"size":148190}}
[05-Aug-2025 14:06:54 Europe/Berlin] Database connection successful
[05-Aug-2025 14:06:54 Europe/Berlin] Token received: d99a956b67395647dbc6de00586e285779c130a5be7187fda51f8d34fdcd20c9
[05-Aug-2025 14:06:54 Europe/Berlin] Token validated successfully
[05-Aug-2025 14:06:54 Europe/Berlin] Moving file from C:\xampp\tmp\php8DF1.tmp to uploads/interviews/9/conversation_turn_1_essential_answer.webm
[05-Aug-2025 14:06:54 Europe/Berlin] Database SQL: INSERT INTO tblinterviewrecordings 
            (REGISTRATIONID, QUESTION_NUMBER, FILE_PATH, DURATION, RECORDED_AT, CONVERSATION_TURN, QUESTION_TYPE, TRANSCRIPT) 
            VALUES 
            ('9', 0, 'uploads/interviews/9/conversation_turn_1_essential_answer.webm', 2.511, NOW(), 1, 'essential_answer', '')
[05-Aug-2025 14:06:54 Europe/Berlin] Upload completed successfully
[05-Aug-2025 14:06:54 Europe/Berlin] === Simple Upload Working Ended ===
[05-Aug-2025 14:06:58 Europe/Berlin] === Simple Upload Working Started ===
[05-Aug-2025 14:06:58 Europe/Berlin] Request Method: POST
[05-Aug-2025 14:06:58 Europe/Berlin] POST Data: {"conversationTurn":"1","questionType":"essential_answer","currentEssentialQuestion":"0","duration":"2.515","token":"d99a956b67395647dbc6de00586e285779c130a5be7187fda51f8d34fdcd20c9","registrationId":"9","transcript":""}
[05-Aug-2025 14:06:58 Europe/Berlin] FILES Data: {"video":{"name":"conversation_turn_1_essential_answer.webm","full_path":"conversation_turn_1_essential_answer.webm","type":"video\/webm","tmp_name":"C:\\xampp\\tmp\\php9C3B.tmp","error":0,"size":147840}}
[05-Aug-2025 14:06:58 Europe/Berlin] Database connection successful
[05-Aug-2025 14:06:58 Europe/Berlin] Token received: d99a956b67395647dbc6de00586e285779c130a5be7187fda51f8d34fdcd20c9
[05-Aug-2025 14:06:58 Europe/Berlin] Token validated successfully
[05-Aug-2025 14:06:58 Europe/Berlin] Moving file from C:\xampp\tmp\php9C3B.tmp to uploads/interviews/9/conversation_turn_1_essential_answer.webm
[05-Aug-2025 14:06:58 Europe/Berlin] Database SQL: INSERT INTO tblinterviewrecordings 
            (REGISTRATIONID, QUESTION_NUMBER, FILE_PATH, DURATION, RECORDED_AT, CONVERSATION_TURN, QUESTION_TYPE, TRANSCRIPT) 
            VALUES 
            ('9', 0, 'uploads/interviews/9/conversation_turn_1_essential_answer.webm', 2.515, NOW(), 1, 'essential_answer', '')
[05-Aug-2025 14:06:58 Europe/Berlin] Upload completed successfully
[05-Aug-2025 14:06:58 Europe/Berlin] === Simple Upload Working Ended ===
[05-Aug-2025 14:07:01 Europe/Berlin] === Simple Upload Working Started ===
[05-Aug-2025 14:07:01 Europe/Berlin] Request Method: POST
[05-Aug-2025 14:07:01 Europe/Berlin] POST Data: {"conversationTurn":"1","questionType":"essential_answer","currentEssentialQuestion":"0","duration":"2.507","token":"d99a956b67395647dbc6de00586e285779c130a5be7187fda51f8d34fdcd20c9","registrationId":"9","transcript":""}
[05-Aug-2025 14:07:01 Europe/Berlin] FILES Data: {"video":{"name":"conversation_turn_1_essential_answer.webm","full_path":"conversation_turn_1_essential_answer.webm","type":"video\/webm","tmp_name":"C:\\xampp\\tmp\\phpAA65.tmp","error":0,"size":147846}}
[05-Aug-2025 14:07:01 Europe/Berlin] Database connection successful
[05-Aug-2025 14:07:01 Europe/Berlin] Token received: d99a956b67395647dbc6de00586e285779c130a5be7187fda51f8d34fdcd20c9
[05-Aug-2025 14:07:01 Europe/Berlin] Token validated successfully
[05-Aug-2025 14:07:01 Europe/Berlin] Moving file from C:\xampp\tmp\phpAA65.tmp to uploads/interviews/9/conversation_turn_1_essential_answer.webm
[05-Aug-2025 14:07:01 Europe/Berlin] Database SQL: INSERT INTO tblinterviewrecordings 
            (REGISTRATIONID, QUESTION_NUMBER, FILE_PATH, DURATION, RECORDED_AT, CONVERSATION_TURN, QUESTION_TYPE, TRANSCRIPT) 
            VALUES 
            ('9', 0, 'uploads/interviews/9/conversation_turn_1_essential_answer.webm', 2.507, NOW(), 1, 'essential_answer', '')
[05-Aug-2025 14:07:01 Europe/Berlin] Upload completed successfully
[05-Aug-2025 14:07:01 Europe/Berlin] === Simple Upload Working Ended ===
[05-Aug-2025 14:19:27 Europe/Berlin] === Simple Upload Working Started ===
[05-Aug-2025 14:19:27 Europe/Berlin] Request Method: POST
[05-Aug-2025 14:19:27 Europe/Berlin] POST Data: {"conversationTurn":"1","questionType":"essential_answer","currentEssentialQuestion":"0","duration":"2.528","token":"d99a956b67395647dbc6de00586e285779c130a5be7187fda51f8d34fdcd20c9","registrationId":"9","transcript":""}
[05-Aug-2025 14:19:27 Europe/Berlin] FILES Data: {"video":{"name":"conversation_turn_1_essential_answer.webm","full_path":"conversation_turn_1_essential_answer.webm","type":"video\/webm","tmp_name":"C:\\xampp\\tmp\\phpB8B.tmp","error":0,"size":154175}}
[05-Aug-2025 14:19:27 Europe/Berlin] Database connection successful
[05-Aug-2025 14:19:27 Europe/Berlin] Token received: d99a956b67395647dbc6de00586e285779c130a5be7187fda51f8d34fdcd20c9
[05-Aug-2025 14:19:27 Europe/Berlin] Token validated successfully
[05-Aug-2025 14:19:27 Europe/Berlin] Moving file from C:\xampp\tmp\phpB8B.tmp to uploads/interviews/9/conversation_turn_1_essential_answer.webm
[05-Aug-2025 14:19:27 Europe/Berlin] Database SQL: INSERT INTO tblinterviewrecordings 
            (REGISTRATIONID, QUESTION_NUMBER, FILE_PATH, DURATION, RECORDED_AT, CONVERSATION_TURN, QUESTION_TYPE, TRANSCRIPT) 
            VALUES 
            ('9', 0, 'uploads/interviews/9/conversation_turn_1_essential_answer.webm', 2.528, NOW(), 1, 'essential_answer', '')
[05-Aug-2025 14:19:27 Europe/Berlin] Upload completed successfully
[05-Aug-2025 14:19:27 Europe/Berlin] === Simple Upload Working Ended ===
[07-Aug-2025 18:21:50 Europe/Berlin] === Simple Upload Working Started ===
[07-Aug-2025 18:21:50 Europe/Berlin] Request Method: POST
[07-Aug-2025 18:21:50 Europe/Berlin] POST Data: {"conversationTurn":"1","questionType":"essential_answer","currentEssentialQuestion":"0","duration":"2.545","token":"01d0d90f116f59eddd637e3ee86f1625240fd5fb173c0a35f03fedbc826fb904","registrationId":"9","transcript":""}
[07-Aug-2025 18:21:50 Europe/Berlin] FILES Data: {"video":{"name":"conversation_turn_1_essential_answer.webm","full_path":"conversation_turn_1_essential_answer.webm","type":"video\/webm","tmp_name":"C:\\xampp\\tmp\\phpAC15.tmp","error":0,"size":139743}}
[07-Aug-2025 18:21:50 Europe/Berlin] Database connection successful
[07-Aug-2025 18:21:50 Europe/Berlin] Token received: 01d0d90f116f59eddd637e3ee86f1625240fd5fb173c0a35f03fedbc826fb904
[07-Aug-2025 18:21:50 Europe/Berlin] Token validated successfully
[07-Aug-2025 18:21:50 Europe/Berlin] Moving file from C:\xampp\tmp\phpAC15.tmp to uploads/interviews/9/conversation_turn_1_essential_answer.webm
[07-Aug-2025 18:21:50 Europe/Berlin] Database SQL: INSERT INTO tblinterviewrecordings 
            (REGISTRATIONID, QUESTION_NUMBER, FILE_PATH, DURATION, RECORDED_AT, CONVERSATION_TURN, QUESTION_TYPE, TRANSCRIPT) 
            VALUES 
            ('9', 0, 'uploads/interviews/9/conversation_turn_1_essential_answer.webm', 2.545, NOW(), 1, 'essential_answer', '')
[07-Aug-2025 18:21:50 Europe/Berlin] Upload completed successfully
[07-Aug-2025 18:21:50 Europe/Berlin] === Simple Upload Working Ended ===
[07-Aug-2025 18:21:54 Europe/Berlin] === Simple Upload Working Started ===
[07-Aug-2025 18:21:54 Europe/Berlin] Request Method: POST
[07-Aug-2025 18:21:54 Europe/Berlin] POST Data: {"conversationTurn":"1","questionType":"essential_answer","currentEssentialQuestion":"0","duration":"2.512","token":"01d0d90f116f59eddd637e3ee86f1625240fd5fb173c0a35f03fedbc826fb904","registrationId":"9","transcript":""}
[07-Aug-2025 18:21:54 Europe/Berlin] FILES Data: {"video":{"name":"conversation_turn_1_essential_answer.webm","full_path":"conversation_turn_1_essential_answer.webm","type":"video\/webm","tmp_name":"C:\\xampp\\tmp\\phpBA4F.tmp","error":0,"size":145231}}
[07-Aug-2025 18:21:54 Europe/Berlin] Database connection successful
[07-Aug-2025 18:21:54 Europe/Berlin] Token received: 01d0d90f116f59eddd637e3ee86f1625240fd5fb173c0a35f03fedbc826fb904
[07-Aug-2025 18:21:54 Europe/Berlin] Token validated successfully
[07-Aug-2025 18:21:54 Europe/Berlin] Moving file from C:\xampp\tmp\phpBA4F.tmp to uploads/interviews/9/conversation_turn_1_essential_answer.webm
[07-Aug-2025 18:21:54 Europe/Berlin] Database SQL: INSERT INTO tblinterviewrecordings 
            (REGISTRATIONID, QUESTION_NUMBER, FILE_PATH, DURATION, RECORDED_AT, CONVERSATION_TURN, QUESTION_TYPE, TRANSCRIPT) 
            VALUES 
            ('9', 0, 'uploads/interviews/9/conversation_turn_1_essential_answer.webm', 2.512, NOW(), 1, 'essential_answer', '')
[07-Aug-2025 18:21:54 Europe/Berlin] Upload completed successfully
[07-Aug-2025 18:21:54 Europe/Berlin] === Simple Upload Working Ended ===
[07-Aug-2025 18:21:57 Europe/Berlin] === Simple Upload Working Started ===
[07-Aug-2025 18:21:57 Europe/Berlin] Request Method: POST
[07-Aug-2025 18:21:57 Europe/Berlin] POST Data: {"conversationTurn":"1","questionType":"essential_answer","currentEssentialQuestion":"0","duration":"2.524","token":"01d0d90f116f59eddd637e3ee86f1625240fd5fb173c0a35f03fedbc826fb904","registrationId":"9","transcript":""}
[07-Aug-2025 18:21:57 Europe/Berlin] FILES Data: {"video":{"name":"conversation_turn_1_essential_answer.webm","full_path":"conversation_turn_1_essential_answer.webm","type":"video\/webm","tmp_name":"C:\\xampp\\tmp\\phpC869.tmp","error":0,"size":138809}}
[07-Aug-2025 18:21:57 Europe/Berlin] Database connection successful
[07-Aug-2025 18:21:57 Europe/Berlin] Token received: 01d0d90f116f59eddd637e3ee86f1625240fd5fb173c0a35f03fedbc826fb904
[07-Aug-2025 18:21:57 Europe/Berlin] Token validated successfully
[07-Aug-2025 18:21:57 Europe/Berlin] Moving file from C:\xampp\tmp\phpC869.tmp to uploads/interviews/9/conversation_turn_1_essential_answer.webm
[07-Aug-2025 18:21:57 Europe/Berlin] Database SQL: INSERT INTO tblinterviewrecordings 
            (REGISTRATIONID, QUESTION_NUMBER, FILE_PATH, DURATION, RECORDED_AT, CONVERSATION_TURN, QUESTION_TYPE, TRANSCRIPT) 
            VALUES 
            ('9', 0, 'uploads/interviews/9/conversation_turn_1_essential_answer.webm', 2.524, NOW(), 1, 'essential_answer', '')
[07-Aug-2025 18:21:57 Europe/Berlin] Upload completed successfully
[07-Aug-2025 18:21:57 Europe/Berlin] === Simple Upload Working Ended ===
[07-Aug-2025 18:22:01 Europe/Berlin] === Simple Upload Working Started ===
[07-Aug-2025 18:22:01 Europe/Berlin] Request Method: POST
[07-Aug-2025 18:22:01 Europe/Berlin] POST Data: {"conversationTurn":"1","questionType":"essential_answer","currentEssentialQuestion":"0","duration":"2.508","token":"01d0d90f116f59eddd637e3ee86f1625240fd5fb173c0a35f03fedbc826fb904","registrationId":"9","transcript":""}
[07-Aug-2025 18:22:01 Europe/Berlin] FILES Data: {"video":{"name":"conversation_turn_1_essential_answer.webm","full_path":"conversation_turn_1_essential_answer.webm","type":"video\/webm","tmp_name":"C:\\xampp\\tmp\\phpD6A3.tmp","error":0,"size":144852}}
[07-Aug-2025 18:22:01 Europe/Berlin] Database connection successful
[07-Aug-2025 18:22:01 Europe/Berlin] Token received: 01d0d90f116f59eddd637e3ee86f1625240fd5fb173c0a35f03fedbc826fb904
[07-Aug-2025 18:22:01 Europe/Berlin] Token validated successfully
[07-Aug-2025 18:22:01 Europe/Berlin] Moving file from C:\xampp\tmp\phpD6A3.tmp to uploads/interviews/9/conversation_turn_1_essential_answer.webm
[07-Aug-2025 18:22:01 Europe/Berlin] Database SQL: INSERT INTO tblinterviewrecordings 
            (REGISTRATIONID, QUESTION_NUMBER, FILE_PATH, DURATION, RECORDED_AT, CONVERSATION_TURN, QUESTION_TYPE, TRANSCRIPT) 
            VALUES 
            ('9', 0, 'uploads/interviews/9/conversation_turn_1_essential_answer.webm', 2.508, NOW(), 1, 'essential_answer', '')
[07-Aug-2025 18:22:01 Europe/Berlin] Upload completed successfully
[07-Aug-2025 18:22:01 Europe/Berlin] === Simple Upload Working Ended ===
[11-Aug-2025 23:44:05 Europe/Berlin] === Simple Upload Working Started ===
[11-Aug-2025 23:44:05 Europe/Berlin] Request Method: POST
[11-Aug-2025 23:44:05 Europe/Berlin] POST Data: {"conversationTurn":"1","questionType":"essential_answer","currentEssentialQuestion":"0","duration":"2.63","token":"6d8904714b90d4670c2f1f546c82a5e3c0e506e157496a98a7f8dd5e2ee44f6e","registrationId":"9","transcript":""}
[11-Aug-2025 23:44:05 Europe/Berlin] FILES Data: {"video":{"name":"conversation_turn_1_essential_answer.webm","full_path":"conversation_turn_1_essential_answer.webm","type":"video\/webm","tmp_name":"C:\\xampp\\tmp\\php231F.tmp","error":0,"size":152156}}
[11-Aug-2025 23:44:05 Europe/Berlin] Database connection successful
[11-Aug-2025 23:44:05 Europe/Berlin] Token received: 6d8904714b90d4670c2f1f546c82a5e3c0e506e157496a98a7f8dd5e2ee44f6e
[11-Aug-2025 23:44:05 Europe/Berlin] Token validated successfully
[11-Aug-2025 23:44:05 Europe/Berlin] Moving file from C:\xampp\tmp\php231F.tmp to uploads/interviews/9/conversation_turn_1_essential_answer.webm
[11-Aug-2025 23:44:05 Europe/Berlin] Database SQL: INSERT INTO tblinterviewrecordings 
            (REGISTRATIONID, QUESTION_NUMBER, FILE_PATH, DURATION, RECORDED_AT, CONVERSATION_TURN, QUESTION_TYPE, TRANSCRIPT) 
            VALUES 
            ('9', 0, 'uploads/interviews/9/conversation_turn_1_essential_answer.webm', 2.63, NOW(), 1, 'essential_answer', '')
[11-Aug-2025 23:44:05 Europe/Berlin] Upload completed successfully
[11-Aug-2025 23:44:05 Europe/Berlin] === Simple Upload Working Ended ===
[11-Aug-2025 23:44:18 Europe/Berlin] === Simple Upload Working Started ===
[11-Aug-2025 23:44:18 Europe/Berlin] Request Method: POST
[11-Aug-2025 23:44:18 Europe/Berlin] POST Data: {"conversationTurn":"2","questionType":"essential_answer","currentEssentialQuestion":"0","duration":"11.419","token":"6d8904714b90d4670c2f1f546c82a5e3c0e506e157496a98a7f8dd5e2ee44f6e","registrationId":"9","transcript":""}
[11-Aug-2025 23:44:18 Europe/Berlin] FILES Data: {"video":{"name":"conversation_turn_2_essential_answer.webm","full_path":"conversation_turn_2_essential_answer.webm","type":"video\/webm","tmp_name":"C:\\xampp\\tmp\\php5423.tmp","error":0,"size":793651}}
[11-Aug-2025 23:44:18 Europe/Berlin] Database connection successful
[11-Aug-2025 23:44:18 Europe/Berlin] Token received: 6d8904714b90d4670c2f1f546c82a5e3c0e506e157496a98a7f8dd5e2ee44f6e
[11-Aug-2025 23:44:18 Europe/Berlin] Token validated successfully
[11-Aug-2025 23:44:18 Europe/Berlin] Moving file from C:\xampp\tmp\php5423.tmp to uploads/interviews/9/conversation_turn_2_essential_answer.webm
[11-Aug-2025 23:44:18 Europe/Berlin] Database SQL: INSERT INTO tblinterviewrecordings 
            (REGISTRATIONID, QUESTION_NUMBER, FILE_PATH, DURATION, RECORDED_AT, CONVERSATION_TURN, QUESTION_TYPE, TRANSCRIPT) 
            VALUES 
            ('9', 0, 'uploads/interviews/9/conversation_turn_2_essential_answer.webm', 11.419, NOW(), 2, 'essential_answer', '')
[11-Aug-2025 23:44:18 Europe/Berlin] Upload completed successfully
[11-Aug-2025 23:44:18 Europe/Berlin] === Simple Upload Working Ended ===
[11-Aug-2025 23:44:43 Europe/Berlin] === Simple Upload Working Started ===
[11-Aug-2025 23:44:43 Europe/Berlin] Request Method: POST
[11-Aug-2025 23:44:43 Europe/Berlin] POST Data: {"conversationTurn":"1","questionType":"essential_answer","currentEssentialQuestion":"0","duration":"2.512","token":"6d8904714b90d4670c2f1f546c82a5e3c0e506e157496a98a7f8dd5e2ee44f6e","registrationId":"9","transcript":""}
[11-Aug-2025 23:44:43 Europe/Berlin] FILES Data: {"video":{"name":"conversation_turn_1_essential_answer.webm","full_path":"conversation_turn_1_essential_answer.webm","type":"video\/webm","tmp_name":"C:\\xampp\\tmp\\phpB86C.tmp","error":0,"size":139490}}
[11-Aug-2025 23:44:43 Europe/Berlin] Database connection successful
[11-Aug-2025 23:44:43 Europe/Berlin] Token received: 6d8904714b90d4670c2f1f546c82a5e3c0e506e157496a98a7f8dd5e2ee44f6e
[11-Aug-2025 23:44:43 Europe/Berlin] Token validated successfully
[11-Aug-2025 23:44:43 Europe/Berlin] Moving file from C:\xampp\tmp\phpB86C.tmp to uploads/interviews/9/conversation_turn_1_essential_answer.webm
[11-Aug-2025 23:44:43 Europe/Berlin] Database SQL: INSERT INTO tblinterviewrecordings 
            (REGISTRATIONID, QUESTION_NUMBER, FILE_PATH, DURATION, RECORDED_AT, CONVERSATION_TURN, QUESTION_TYPE, TRANSCRIPT) 
            VALUES 
            ('9', 0, 'uploads/interviews/9/conversation_turn_1_essential_answer.webm', 2.512, NOW(), 1, 'essential_answer', '')
[11-Aug-2025 23:44:43 Europe/Berlin] Upload completed successfully
[11-Aug-2025 23:44:43 Europe/Berlin] === Simple Upload Working Ended ===
[11-Aug-2025 23:44:48 Europe/Berlin] === Simple Upload Working Started ===
[11-Aug-2025 23:44:48 Europe/Berlin] Request Method: POST
[11-Aug-2025 23:44:48 Europe/Berlin] POST Data: {"conversationTurn":"2","questionType":"essential_answer","currentEssentialQuestion":"0","duration":"3.478","token":"6d8904714b90d4670c2f1f546c82a5e3c0e506e157496a98a7f8dd5e2ee44f6e","registrationId":"9","transcript":""}
[11-Aug-2025 23:44:48 Europe/Berlin] FILES Data: {"video":{"name":"conversation_turn_2_essential_answer.webm","full_path":"conversation_turn_2_essential_answer.webm","type":"video\/webm","tmp_name":"C:\\xampp\\tmp\\phpCA8E.tmp","error":0,"size":205472}}
[11-Aug-2025 23:44:48 Europe/Berlin] Database connection successful
[11-Aug-2025 23:44:48 Europe/Berlin] Token received: 6d8904714b90d4670c2f1f546c82a5e3c0e506e157496a98a7f8dd5e2ee44f6e
[11-Aug-2025 23:44:48 Europe/Berlin] Token validated successfully
[11-Aug-2025 23:44:48 Europe/Berlin] Moving file from C:\xampp\tmp\phpCA8E.tmp to uploads/interviews/9/conversation_turn_2_essential_answer.webm
[11-Aug-2025 23:44:48 Europe/Berlin] Database SQL: INSERT INTO tblinterviewrecordings 
            (REGISTRATIONID, QUESTION_NUMBER, FILE_PATH, DURATION, RECORDED_AT, CONVERSATION_TURN, QUESTION_TYPE, TRANSCRIPT) 
            VALUES 
            ('9', 0, 'uploads/interviews/9/conversation_turn_2_essential_answer.webm', 3.478, NOW(), 2, 'essential_answer', '')
[11-Aug-2025 23:44:48 Europe/Berlin] Upload completed successfully
[11-Aug-2025 23:44:48 Europe/Berlin] === Simple Upload Working Ended ===
[11-Aug-2025 23:54:16 Europe/Berlin] === Simple Upload Working Started ===
[11-Aug-2025 23:54:16 Europe/Berlin] Request Method: POST
[11-Aug-2025 23:54:16 Europe/Berlin] POST Data: {"conversationTurn":"2","questionType":"essential_answer","currentEssentialQuestion":"0","duration":"28.958","token":"6d8904714b90d4670c2f1f546c82a5e3c0e506e157496a98a7f8dd5e2ee44f6e","registrationId":"9","transcript":""}
[11-Aug-2025 23:54:16 Europe/Berlin] FILES Data: {"video":{"name":"conversation_turn_2_essential_answer.webm","full_path":"conversation_turn_2_essential_answer.webm","type":"video\/webm","tmp_name":"C:\\xampp\\tmp\\php73C8.tmp","error":0,"size":1990825}}
[11-Aug-2025 23:54:16 Europe/Berlin] Database connection successful
[11-Aug-2025 23:54:16 Europe/Berlin] Token received: 6d8904714b90d4670c2f1f546c82a5e3c0e506e157496a98a7f8dd5e2ee44f6e
[11-Aug-2025 23:54:16 Europe/Berlin] Token validated successfully
[11-Aug-2025 23:54:16 Europe/Berlin] Moving file from C:\xampp\tmp\php73C8.tmp to uploads/interviews/9/conversation_turn_2_essential_answer.webm
[11-Aug-2025 23:54:16 Europe/Berlin] Database SQL: INSERT INTO tblinterviewrecordings 
            (REGISTRATIONID, QUESTION_NUMBER, FILE_PATH, DURATION, RECORDED_AT, CONVERSATION_TURN, QUESTION_TYPE, TRANSCRIPT) 
            VALUES 
            ('9', 0, 'uploads/interviews/9/conversation_turn_2_essential_answer.webm', 28.958, NOW(), 2, 'essential_answer', '')
[11-Aug-2025 23:54:16 Europe/Berlin] Upload completed successfully
[11-Aug-2025 23:54:16 Europe/Berlin] === Simple Upload Working Ended ===
[11-Aug-2025 23:54:55 Europe/Berlin] === Simple Upload Working Started ===
[11-Aug-2025 23:54:55 Europe/Berlin] Request Method: POST
[11-Aug-2025 23:54:55 Europe/Berlin] POST Data: {"conversationTurn":"3","questionType":"essential_answer","currentEssentialQuestion":"1","duration":"17.211","token":"6d8904714b90d4670c2f1f546c82a5e3c0e506e157496a98a7f8dd5e2ee44f6e","registrationId":"9","transcript":""}
[11-Aug-2025 23:54:55 Europe/Berlin] FILES Data: {"video":{"name":"conversation_turn_3_essential_answer.webm","full_path":"conversation_turn_3_essential_answer.webm","type":"video\/webm","tmp_name":"C:\\xampp\\tmp\\phpD4A.tmp","error":0,"size":1190320}}
[11-Aug-2025 23:54:55 Europe/Berlin] Database connection successful
[11-Aug-2025 23:54:55 Europe/Berlin] Token received: 6d8904714b90d4670c2f1f546c82a5e3c0e506e157496a98a7f8dd5e2ee44f6e
[11-Aug-2025 23:54:55 Europe/Berlin] Token validated successfully
[11-Aug-2025 23:54:55 Europe/Berlin] Moving file from C:\xampp\tmp\phpD4A.tmp to uploads/interviews/9/conversation_turn_3_essential_answer.webm
[11-Aug-2025 23:54:55 Europe/Berlin] Database SQL: INSERT INTO tblinterviewrecordings 
            (REGISTRATIONID, QUESTION_NUMBER, FILE_PATH, DURATION, RECORDED_AT, CONVERSATION_TURN, QUESTION_TYPE, TRANSCRIPT) 
            VALUES 
            ('9', 1, 'uploads/interviews/9/conversation_turn_3_essential_answer.webm', 17.211, NOW(), 3, 'essential_answer', '')
[11-Aug-2025 23:54:55 Europe/Berlin] Upload completed successfully
[11-Aug-2025 23:54:55 Europe/Berlin] === Simple Upload Working Ended ===
[11-Aug-2025 23:55:44 Europe/Berlin] === Simple Upload Working Started ===
[11-Aug-2025 23:55:44 Europe/Berlin] Request Method: POST
[11-Aug-2025 23:55:44 Europe/Berlin] POST Data: {"conversationTurn":"4","questionType":"essential_answer","currentEssentialQuestion":"2","duration":"23.635","token":"6d8904714b90d4670c2f1f546c82a5e3c0e506e157496a98a7f8dd5e2ee44f6e","registrationId":"9","transcript":"to really understand everything I spoke to people that I'm not stood the week and uh give me um a way to solve the issues so yes I take sometimes off to understand English search"}
[11-Aug-2025 23:55:44 Europe/Berlin] FILES Data: {"video":{"name":"conversation_turn_4_essential_answer.webm","full_path":"conversation_turn_4_essential_answer.webm","type":"video\/webm","tmp_name":"C:\\xampp\\tmp\\phpCBC9.tmp","error":0,"size":1627130}}
[11-Aug-2025 23:55:44 Europe/Berlin] Database connection successful
[11-Aug-2025 23:55:44 Europe/Berlin] Token received: 6d8904714b90d4670c2f1f546c82a5e3c0e506e157496a98a7f8dd5e2ee44f6e
[11-Aug-2025 23:55:44 Europe/Berlin] Token validated successfully
[11-Aug-2025 23:55:44 Europe/Berlin] Moving file from C:\xampp\tmp\phpCBC9.tmp to uploads/interviews/9/conversation_turn_4_essential_answer.webm
[11-Aug-2025 23:55:44 Europe/Berlin] Database SQL: INSERT INTO tblinterviewrecordings 
            (REGISTRATIONID, QUESTION_NUMBER, FILE_PATH, DURATION, RECORDED_AT, CONVERSATION_TURN, QUESTION_TYPE, TRANSCRIPT) 
            VALUES 
            ('9', 2, 'uploads/interviews/9/conversation_turn_4_essential_answer.webm', 23.635, NOW(), 4, 'essential_answer', 'to really understand everything I spoke to people that I\'m not stood the week and uh give me um a way to solve the issues so yes I take sometimes off to understand English search')
[11-Aug-2025 23:55:44 Europe/Berlin] Upload completed successfully
[11-Aug-2025 23:55:44 Europe/Berlin] === Simple Upload Working Ended ===
[11-Aug-2025 23:56:25 Europe/Berlin] === Simple Upload Working Started ===
[11-Aug-2025 23:56:25 Europe/Berlin] Request Method: POST
[11-Aug-2025 23:56:25 Europe/Berlin] POST Data: {"conversationTurn":"5","questionType":"essential_answer","currentEssentialQuestion":"3","duration":"22.799","token":"6d8904714b90d4670c2f1f546c82a5e3c0e506e157496a98a7f8dd5e2ee44f6e","registrationId":"9","transcript":""}
[11-Aug-2025 23:56:25 Europe/Berlin] FILES Data: {"video":{"name":"conversation_turn_5_essential_answer.webm","full_path":"conversation_turn_5_essential_answer.webm","type":"video\/webm","tmp_name":"C:\\xampp\\tmp\\php6EE0.tmp","error":0,"size":1560289}}
[11-Aug-2025 23:56:25 Europe/Berlin] Database connection successful
[11-Aug-2025 23:56:25 Europe/Berlin] Token received: 6d8904714b90d4670c2f1f546c82a5e3c0e506e157496a98a7f8dd5e2ee44f6e
[11-Aug-2025 23:56:25 Europe/Berlin] Token validated successfully
[11-Aug-2025 23:56:25 Europe/Berlin] Moving file from C:\xampp\tmp\php6EE0.tmp to uploads/interviews/9/conversation_turn_5_essential_answer.webm
[11-Aug-2025 23:56:25 Europe/Berlin] Database SQL: INSERT INTO tblinterviewrecordings 
            (REGISTRATIONID, QUESTION_NUMBER, FILE_PATH, DURATION, RECORDED_AT, CONVERSATION_TURN, QUESTION_TYPE, TRANSCRIPT) 
            VALUES 
            ('9', 3, 'uploads/interviews/9/conversation_turn_5_essential_answer.webm', 22.799, NOW(), 5, 'essential_answer', '')
[11-Aug-2025 23:56:25 Europe/Berlin] Upload completed successfully
[11-Aug-2025 23:56:25 Europe/Berlin] === Simple Upload Working Ended ===
[11-Aug-2025 23:57:10 Europe/Berlin] === Simple Upload Working Started ===
[11-Aug-2025 23:57:10 Europe/Berlin] Request Method: POST
[11-Aug-2025 23:57:10 Europe/Berlin] POST Data: {"conversationTurn":"6","questionType":"essential_answer","currentEssentialQuestion":"4","duration":"21.878","token":"6d8904714b90d4670c2f1f546c82a5e3c0e506e157496a98a7f8dd5e2ee44f6e","registrationId":"9","transcript":""}
[11-Aug-2025 23:57:10 Europe/Berlin] FILES Data: {"video":{"name":"conversation_turn_6_essential_answer.webm","full_path":"conversation_turn_6_essential_answer.webm","type":"video\/webm","tmp_name":"C:\\xampp\\tmp\\php1E89.tmp","error":0,"size":1511372}}
[11-Aug-2025 23:57:10 Europe/Berlin] Database connection successful
[11-Aug-2025 23:57:10 Europe/Berlin] Token received: 6d8904714b90d4670c2f1f546c82a5e3c0e506e157496a98a7f8dd5e2ee44f6e
[11-Aug-2025 23:57:10 Europe/Berlin] Token validated successfully
[11-Aug-2025 23:57:10 Europe/Berlin] Moving file from C:\xampp\tmp\php1E89.tmp to uploads/interviews/9/conversation_turn_6_essential_answer.webm
[11-Aug-2025 23:57:10 Europe/Berlin] Database SQL: INSERT INTO tblinterviewrecordings 
            (REGISTRATIONID, QUESTION_NUMBER, FILE_PATH, DURATION, RECORDED_AT, CONVERSATION_TURN, QUESTION_TYPE, TRANSCRIPT) 
            VALUES 
            ('9', 4, 'uploads/interviews/9/conversation_turn_6_essential_answer.webm', 21.878, NOW(), 6, 'essential_answer', '')
[11-Aug-2025 23:57:10 Europe/Berlin] Upload completed successfully
[11-Aug-2025 23:57:10 Europe/Berlin] === Simple Upload Working Ended ===
[11-Aug-2025 23:58:03 Europe/Berlin] === Simple Upload Working Started ===
[11-Aug-2025 23:58:03 Europe/Berlin] Request Method: POST
[11-Aug-2025 23:58:03 Europe/Berlin] POST Data: {"conversationTurn":"7","questionType":"essential_answer","currentEssentialQuestion":"5","duration":"30.606","token":"6d8904714b90d4670c2f1f546c82a5e3c0e506e157496a98a7f8dd5e2ee44f6e","registrationId":"9","transcript":""}
[11-Aug-2025 23:58:03 Europe/Berlin] FILES Data: {"video":{"name":"conversation_turn_7_essential_answer.webm","full_path":"conversation_turn_7_essential_answer.webm","type":"video\/webm","tmp_name":"C:\\xampp\\tmp\\phpECE6.tmp","error":0,"size":2101142}}
[11-Aug-2025 23:58:03 Europe/Berlin] Database connection successful
[11-Aug-2025 23:58:03 Europe/Berlin] Token received: 6d8904714b90d4670c2f1f546c82a5e3c0e506e157496a98a7f8dd5e2ee44f6e
[11-Aug-2025 23:58:03 Europe/Berlin] Token validated successfully
[11-Aug-2025 23:58:03 Europe/Berlin] Moving file from C:\xampp\tmp\phpECE6.tmp to uploads/interviews/9/conversation_turn_7_essential_answer.webm
[11-Aug-2025 23:58:03 Europe/Berlin] Database SQL: INSERT INTO tblinterviewrecordings 
            (REGISTRATIONID, QUESTION_NUMBER, FILE_PATH, DURATION, RECORDED_AT, CONVERSATION_TURN, QUESTION_TYPE, TRANSCRIPT) 
            VALUES 
            ('9', 5, 'uploads/interviews/9/conversation_turn_7_essential_answer.webm', 30.606, NOW(), 7, 'essential_answer', '')
[11-Aug-2025 23:58:03 Europe/Berlin] Upload completed successfully
[11-Aug-2025 23:58:03 Europe/Berlin] === Simple Upload Working Ended ===
[11-Aug-2025 23:58:52 Europe/Berlin] === Simple Upload Working Started ===
[11-Aug-2025 23:58:52 Europe/Berlin] Request Method: POST
[11-Aug-2025 23:58:52 Europe/Berlin] POST Data: {"conversationTurn":"7","questionType":"essential_answer","currentEssentialQuestion":"6","duration":"28.474","token":"6d8904714b90d4670c2f1f546c82a5e3c0e506e157496a98a7f8dd5e2ee44f6e","registrationId":"9","transcript":""}
[11-Aug-2025 23:58:52 Europe/Berlin] FILES Data: {"video":{"name":"conversation_turn_7_essential_answer.webm","full_path":"conversation_turn_7_essential_answer.webm","type":"video\/webm","tmp_name":"C:\\xampp\\tmp\\phpAAAA.tmp","error":0,"size":1949680}}
[11-Aug-2025 23:58:52 Europe/Berlin] Database connection successful
[11-Aug-2025 23:58:52 Europe/Berlin] Token received: 6d8904714b90d4670c2f1f546c82a5e3c0e506e157496a98a7f8dd5e2ee44f6e
[11-Aug-2025 23:58:52 Europe/Berlin] Token validated successfully
[11-Aug-2025 23:58:52 Europe/Berlin] Moving file from C:\xampp\tmp\phpAAAA.tmp to uploads/interviews/9/conversation_turn_7_essential_answer.webm
[11-Aug-2025 23:58:52 Europe/Berlin] Database SQL: INSERT INTO tblinterviewrecordings 
            (REGISTRATIONID, QUESTION_NUMBER, FILE_PATH, DURATION, RECORDED_AT, CONVERSATION_TURN, QUESTION_TYPE, TRANSCRIPT) 
            VALUES 
            ('9', 6, 'uploads/interviews/9/conversation_turn_7_essential_answer.webm', 28.474, NOW(), 7, 'essential_answer', '')
[11-Aug-2025 23:58:52 Europe/Berlin] Upload completed successfully
[11-Aug-2025 23:58:52 Europe/Berlin] === Simple Upload Working Ended ===
[11-Aug-2025 23:59:03 Europe/Berlin] === Simple Upload Working Started ===
[11-Aug-2025 23:59:03 Europe/Berlin] Request Method: POST
[11-Aug-2025 23:59:03 Europe/Berlin] POST Data: {"conversationTurn":"7","questionType":"essential_answer","currentEssentialQuestion":"6","duration":"10.153","token":"6d8904714b90d4670c2f1f546c82a5e3c0e506e157496a98a7f8dd5e2ee44f6e","registrationId":"9","transcript":""}
[11-Aug-2025 23:59:03 Europe/Berlin] FILES Data: {"video":{"name":"conversation_turn_7_essential_answer.webm","full_path":"conversation_turn_7_essential_answer.webm","type":"video\/webm","tmp_name":"C:\\xampp\\tmp\\phpD6CB.tmp","error":0,"size":705601}}
[11-Aug-2025 23:59:03 Europe/Berlin] Database connection successful
[11-Aug-2025 23:59:03 Europe/Berlin] Token received: 6d8904714b90d4670c2f1f546c82a5e3c0e506e157496a98a7f8dd5e2ee44f6e
[11-Aug-2025 23:59:03 Europe/Berlin] Token validated successfully
[11-Aug-2025 23:59:03 Europe/Berlin] Moving file from C:\xampp\tmp\phpD6CB.tmp to uploads/interviews/9/conversation_turn_7_essential_answer.webm
[11-Aug-2025 23:59:03 Europe/Berlin] Database SQL: INSERT INTO tblinterviewrecordings 
            (REGISTRATIONID, QUESTION_NUMBER, FILE_PATH, DURATION, RECORDED_AT, CONVERSATION_TURN, QUESTION_TYPE, TRANSCRIPT) 
            VALUES 
            ('9', 6, 'uploads/interviews/9/conversation_turn_7_essential_answer.webm', 10.153, NOW(), 7, 'essential_answer', '')
[11-Aug-2025 23:59:03 Europe/Berlin] Upload completed successfully
[11-Aug-2025 23:59:03 Europe/Berlin] === Simple Upload Working Ended ===
[11-Aug-2025 23:59:25 Europe/Berlin] === Simple Upload Working Started ===
[11-Aug-2025 23:59:25 Europe/Berlin] Request Method: POST
[11-Aug-2025 23:59:25 Europe/Berlin] POST Data: {"conversationTurn":"7","questionType":"essential_answer","currentEssentialQuestion":"6","duration":"21.237","token":"6d8904714b90d4670c2f1f546c82a5e3c0e506e157496a98a7f8dd5e2ee44f6e","registrationId":"9","transcript":""}
[11-Aug-2025 23:59:25 Europe/Berlin] FILES Data: {"video":{"name":"conversation_turn_7_essential_answer.webm","full_path":"conversation_turn_7_essential_answer.webm","type":"video\/webm","tmp_name":"C:\\xampp\\tmp\\php2E33.tmp","error":0,"size":1452266}}
[11-Aug-2025 23:59:25 Europe/Berlin] Database connection successful
[11-Aug-2025 23:59:25 Europe/Berlin] Token received: 6d8904714b90d4670c2f1f546c82a5e3c0e506e157496a98a7f8dd5e2ee44f6e
[11-Aug-2025 23:59:25 Europe/Berlin] Token validated successfully
[11-Aug-2025 23:59:25 Europe/Berlin] Moving file from C:\xampp\tmp\php2E33.tmp to uploads/interviews/9/conversation_turn_7_essential_answer.webm
[11-Aug-2025 23:59:25 Europe/Berlin] Database SQL: INSERT INTO tblinterviewrecordings 
            (REGISTRATIONID, QUESTION_NUMBER, FILE_PATH, DURATION, RECORDED_AT, CONVERSATION_TURN, QUESTION_TYPE, TRANSCRIPT) 
            VALUES 
            ('9', 6, 'uploads/interviews/9/conversation_turn_7_essential_answer.webm', 21.237, NOW(), 7, 'essential_answer', '')
[11-Aug-2025 23:59:25 Europe/Berlin] Upload completed successfully
[11-Aug-2025 23:59:25 Europe/Berlin] === Simple Upload Working Ended ===
[11-Aug-2025 23:59:38 Europe/Berlin] === Simple Upload Working Started ===
[11-Aug-2025 23:59:38 Europe/Berlin] Request Method: POST
[11-Aug-2025 23:59:38 Europe/Berlin] POST Data: {"conversationTurn":"7","questionType":"essential_answer","currentEssentialQuestion":"6","duration":"11.693","token":"6d8904714b90d4670c2f1f546c82a5e3c0e506e157496a98a7f8dd5e2ee44f6e","registrationId":"9","transcript":""}
[11-Aug-2025 23:59:38 Europe/Berlin] FILES Data: {"video":{"name":"conversation_turn_7_essential_answer.webm","full_path":"conversation_turn_7_essential_answer.webm","type":"video\/webm","tmp_name":"C:\\xampp\\tmp\\php6041.tmp","error":0,"size":800966}}
[11-Aug-2025 23:59:38 Europe/Berlin] Database connection successful
[11-Aug-2025 23:59:38 Europe/Berlin] Token received: 6d8904714b90d4670c2f1f546c82a5e3c0e506e157496a98a7f8dd5e2ee44f6e
[11-Aug-2025 23:59:38 Europe/Berlin] Token validated successfully
[11-Aug-2025 23:59:38 Europe/Berlin] Moving file from C:\xampp\tmp\php6041.tmp to uploads/interviews/9/conversation_turn_7_essential_answer.webm
[11-Aug-2025 23:59:38 Europe/Berlin] Database SQL: INSERT INTO tblinterviewrecordings 
            (REGISTRATIONID, QUESTION_NUMBER, FILE_PATH, DURATION, RECORDED_AT, CONVERSATION_TURN, QUESTION_TYPE, TRANSCRIPT) 
            VALUES 
            ('9', 6, 'uploads/interviews/9/conversation_turn_7_essential_answer.webm', 11.693, NOW(), 7, 'essential_answer', '')
[11-Aug-2025 23:59:38 Europe/Berlin] Upload completed successfully
[11-Aug-2025 23:59:38 Europe/Berlin] === Simple Upload Working Ended ===
[12-Aug-2025 00:10:32 Europe/Berlin] === Simple Upload Working Started ===
[12-Aug-2025 00:10:32 Europe/Berlin] Request Method: POST
[12-Aug-2025 00:10:32 Europe/Berlin] POST Data: {"conversationTurn":"2","questionType":"essential_answer","currentEssentialQuestion":"0","duration":"13.606","token":"6d8904714b90d4670c2f1f546c82a5e3c0e506e157496a98a7f8dd5e2ee44f6e","registrationId":"9","transcript":""}
[12-Aug-2025 00:10:32 Europe/Berlin] FILES Data: {"video":{"name":"conversation_turn_2_essential_answer.webm","full_path":"conversation_turn_2_essential_answer.webm","type":"video\/webm","tmp_name":"C:\\xampp\\tmp\\php5A56.tmp","error":0,"size":938131}}
[12-Aug-2025 00:10:32 Europe/Berlin] Database connection successful
[12-Aug-2025 00:10:32 Europe/Berlin] Token received: 6d8904714b90d4670c2f1f546c82a5e3c0e506e157496a98a7f8dd5e2ee44f6e
[12-Aug-2025 00:10:32 Europe/Berlin] Token validated successfully
[12-Aug-2025 00:10:32 Europe/Berlin] Moving file from C:\xampp\tmp\php5A56.tmp to uploads/interviews/9/conversation_turn_2_essential_answer.webm
[12-Aug-2025 00:10:32 Europe/Berlin] Database SQL: INSERT INTO tblinterviewrecordings 
            (REGISTRATIONID, QUESTION_NUMBER, FILE_PATH, DURATION, RECORDED_AT, CONVERSATION_TURN, QUESTION_TYPE, TRANSCRIPT) 
            VALUES 
            ('9', 0, 'uploads/interviews/9/conversation_turn_2_essential_answer.webm', 13.606, NOW(), 2, 'essential_answer', '')
[12-Aug-2025 00:10:32 Europe/Berlin] Upload completed successfully
[12-Aug-2025 00:10:32 Europe/Berlin] === Simple Upload Working Ended ===
[13-Aug-2025 00:29:34 Europe/Berlin] === Simple Upload Working Started ===
[13-Aug-2025 00:29:34 Europe/Berlin] Request Method: POST
[13-Aug-2025 00:29:34 Europe/Berlin] POST Data: {"conversationTurn":"2","questionType":"essential_answer","currentEssentialQuestion":"0","duration":"11.719","token":"6d8904714b90d4670c2f1f546c82a5e3c0e506e157496a98a7f8dd5e2ee44f6e","registrationId":"9","transcript":""}
[13-Aug-2025 00:29:34 Europe/Berlin] FILES Data: {"video":{"name":"conversation_turn_2_essential_answer.webm","full_path":"conversation_turn_2_essential_answer.webm","type":"video\/webm","tmp_name":"C:\\xampp\\tmp\\php21A1.tmp","error":0,"size":803010}}
[13-Aug-2025 00:29:34 Europe/Berlin] Database connection successful
[13-Aug-2025 00:29:34 Europe/Berlin] Token received: 6d8904714b90d4670c2f1f546c82a5e3c0e506e157496a98a7f8dd5e2ee44f6e
[13-Aug-2025 00:29:34 Europe/Berlin] Token validated successfully
[13-Aug-2025 00:29:34 Europe/Berlin] Moving file from C:\xampp\tmp\php21A1.tmp to uploads/interviews/9/conversation_turn_2_essential_answer.webm
[13-Aug-2025 00:29:34 Europe/Berlin] Database SQL: INSERT INTO tblinterviewrecordings 
            (REGISTRATIONID, QUESTION_NUMBER, FILE_PATH, DURATION, RECORDED_AT, CONVERSATION_TURN, QUESTION_TYPE, TRANSCRIPT) 
            VALUES 
            ('9', 0, 'uploads/interviews/9/conversation_turn_2_essential_answer.webm', 11.719, NOW(), 2, 'essential_answer', '')
[13-Aug-2025 00:29:34 Europe/Berlin] Upload completed successfully
[13-Aug-2025 00:29:34 Europe/Berlin] === Simple Upload Working Ended ===
[13-Aug-2025 00:30:10 Europe/Berlin] === Simple Upload Working Started ===
[13-Aug-2025 00:30:10 Europe/Berlin] Request Method: POST
[13-Aug-2025 00:30:10 Europe/Berlin] POST Data: {"conversationTurn":"3","questionType":"essential_answer","currentEssentialQuestion":"1","duration":"15.456","token":"6d8904714b90d4670c2f1f546c82a5e3c0e506e157496a98a7f8dd5e2ee44f6e","registrationId":"9","transcript":""}
[13-Aug-2025 00:30:10 Europe/Berlin] FILES Data: {"video":{"name":"conversation_turn_3_essential_answer.webm","full_path":"conversation_turn_3_essential_answer.webm","type":"video\/webm","tmp_name":"C:\\xampp\\tmp\\phpB056.tmp","error":0,"size":1060820}}
[13-Aug-2025 00:30:10 Europe/Berlin] Database connection successful
[13-Aug-2025 00:30:10 Europe/Berlin] Token received: 6d8904714b90d4670c2f1f546c82a5e3c0e506e157496a98a7f8dd5e2ee44f6e
[13-Aug-2025 00:30:10 Europe/Berlin] Token validated successfully
[13-Aug-2025 00:30:10 Europe/Berlin] Moving file from C:\xampp\tmp\phpB056.tmp to uploads/interviews/9/conversation_turn_3_essential_answer.webm
[13-Aug-2025 00:30:10 Europe/Berlin] Database SQL: INSERT INTO tblinterviewrecordings 
            (REGISTRATIONID, QUESTION_NUMBER, FILE_PATH, DURATION, RECORDED_AT, CONVERSATION_TURN, QUESTION_TYPE, TRANSCRIPT) 
            VALUES 
            ('9', 1, 'uploads/interviews/9/conversation_turn_3_essential_answer.webm', 15.456, NOW(), 3, 'essential_answer', '')
[13-Aug-2025 00:30:10 Europe/Berlin] Upload completed successfully
[13-Aug-2025 00:30:10 Europe/Berlin] === Simple Upload Working Ended ===
[13-Aug-2025 00:30:52 Europe/Berlin] === Simple Upload Working Started ===
[13-Aug-2025 00:30:52 Europe/Berlin] Request Method: POST
[13-Aug-2025 00:30:53 Europe/Berlin] POST Data: {"conversationTurn":"4","questionType":"essential_answer","currentEssentialQuestion":"2","duration":"18.847","token":"6d8904714b90d4670c2f1f546c82a5e3c0e506e157496a98a7f8dd5e2ee44f6e","registrationId":"9","transcript":""}
[13-Aug-2025 00:30:53 Europe/Berlin] FILES Data: {"video":{"name":"conversation_turn_4_essential_answer.webm","full_path":"conversation_turn_4_essential_answer.webm","type":"video\/webm","tmp_name":"C:\\xampp\\tmp\\php55CE.tmp","error":0,"size":1289620}}
[13-Aug-2025 00:30:53 Europe/Berlin] Database connection successful
[13-Aug-2025 00:30:53 Europe/Berlin] Token received: 6d8904714b90d4670c2f1f546c82a5e3c0e506e157496a98a7f8dd5e2ee44f6e
[13-Aug-2025 00:30:53 Europe/Berlin] Token validated successfully
[13-Aug-2025 00:30:53 Europe/Berlin] Moving file from C:\xampp\tmp\php55CE.tmp to uploads/interviews/9/conversation_turn_4_essential_answer.webm
[13-Aug-2025 00:30:53 Europe/Berlin] Database SQL: INSERT INTO tblinterviewrecordings 
            (REGISTRATIONID, QUESTION_NUMBER, FILE_PATH, DURATION, RECORDED_AT, CONVERSATION_TURN, QUESTION_TYPE, TRANSCRIPT) 
            VALUES 
            ('9', 2, 'uploads/interviews/9/conversation_turn_4_essential_answer.webm', 18.847, NOW(), 4, 'essential_answer', '')
[13-Aug-2025 00:30:53 Europe/Berlin] Upload completed successfully
[13-Aug-2025 00:30:53 Europe/Berlin] === Simple Upload Working Ended ===
[13-Aug-2025 00:31:30 Europe/Berlin] === Simple Upload Working Started ===
[13-Aug-2025 00:31:30 Europe/Berlin] Request Method: POST
[13-Aug-2025 00:31:30 Europe/Berlin] POST Data: {"conversationTurn":"5","questionType":"essential_answer","currentEssentialQuestion":"3","duration":"16.838","token":"6d8904714b90d4670c2f1f546c82a5e3c0e506e157496a98a7f8dd5e2ee44f6e","registrationId":"9","transcript":""}
[13-Aug-2025 00:31:30 Europe/Berlin] FILES Data: {"video":{"name":"conversation_turn_5_essential_answer.webm","full_path":"conversation_turn_5_essential_answer.webm","type":"video\/webm","tmp_name":"C:\\xampp\\tmp\\phpE657.tmp","error":0,"size":1150273}}
[13-Aug-2025 00:31:30 Europe/Berlin] Database connection successful
[13-Aug-2025 00:31:30 Europe/Berlin] Token received: 6d8904714b90d4670c2f1f546c82a5e3c0e506e157496a98a7f8dd5e2ee44f6e
[13-Aug-2025 00:31:30 Europe/Berlin] Token validated successfully
[13-Aug-2025 00:31:30 Europe/Berlin] Moving file from C:\xampp\tmp\phpE657.tmp to uploads/interviews/9/conversation_turn_5_essential_answer.webm
[13-Aug-2025 00:31:30 Europe/Berlin] Database SQL: INSERT INTO tblinterviewrecordings 
            (REGISTRATIONID, QUESTION_NUMBER, FILE_PATH, DURATION, RECORDED_AT, CONVERSATION_TURN, QUESTION_TYPE, TRANSCRIPT) 
            VALUES 
            ('9', 3, 'uploads/interviews/9/conversation_turn_5_essential_answer.webm', 16.838, NOW(), 5, 'essential_answer', '')
[13-Aug-2025 00:31:30 Europe/Berlin] Upload completed successfully
[13-Aug-2025 00:31:30 Europe/Berlin] === Simple Upload Working Ended ===
[13-Aug-2025 00:32:10 Europe/Berlin] === Simple Upload Working Started ===
[13-Aug-2025 00:32:10 Europe/Berlin] Request Method: POST
[13-Aug-2025 00:32:10 Europe/Berlin] POST Data: {"conversationTurn":"6","questionType":"essential_answer","currentEssentialQuestion":"4","duration":"17.642","token":"6d8904714b90d4670c2f1f546c82a5e3c0e506e157496a98a7f8dd5e2ee44f6e","registrationId":"9","transcript":""}
[13-Aug-2025 00:32:10 Europe/Berlin] FILES Data: {"video":{"name":"conversation_turn_6_essential_answer.webm","full_path":"conversation_turn_6_essential_answer.webm","type":"video\/webm","tmp_name":"C:\\xampp\\tmp\\php8567.tmp","error":0,"size":1215852}}
[13-Aug-2025 00:32:10 Europe/Berlin] Database connection successful
[13-Aug-2025 00:32:10 Europe/Berlin] Token received: 6d8904714b90d4670c2f1f546c82a5e3c0e506e157496a98a7f8dd5e2ee44f6e
[13-Aug-2025 00:32:10 Europe/Berlin] Token validated successfully
[13-Aug-2025 00:32:10 Europe/Berlin] Moving file from C:\xampp\tmp\php8567.tmp to uploads/interviews/9/conversation_turn_6_essential_answer.webm
[13-Aug-2025 00:32:10 Europe/Berlin] Database SQL: INSERT INTO tblinterviewrecordings 
            (REGISTRATIONID, QUESTION_NUMBER, FILE_PATH, DURATION, RECORDED_AT, CONVERSATION_TURN, QUESTION_TYPE, TRANSCRIPT) 
            VALUES 
            ('9', 4, 'uploads/interviews/9/conversation_turn_6_essential_answer.webm', 17.642, NOW(), 6, 'essential_answer', '')
[13-Aug-2025 00:32:10 Europe/Berlin] Upload completed successfully
[13-Aug-2025 00:32:10 Europe/Berlin] === Simple Upload Working Ended ===
[13-Aug-2025 00:32:44 Europe/Berlin] === Simple Upload Working Started ===
[13-Aug-2025 00:32:44 Europe/Berlin] Request Method: POST
[13-Aug-2025 00:32:44 Europe/Berlin] POST Data: {"conversationTurn":"7","questionType":"essential_answer","currentEssentialQuestion":"5","duration":"13.485","token":"6d8904714b90d4670c2f1f546c82a5e3c0e506e157496a98a7f8dd5e2ee44f6e","registrationId":"9","transcript":""}
[13-Aug-2025 00:32:44 Europe/Berlin] FILES Data: {"video":{"name":"conversation_turn_7_essential_answer.webm","full_path":"conversation_turn_7_essential_answer.webm","type":"video\/webm","tmp_name":"C:\\xampp\\tmp\\php892.tmp","error":0,"size":924717}}
[13-Aug-2025 00:32:44 Europe/Berlin] Database connection successful
[13-Aug-2025 00:32:44 Europe/Berlin] Token received: 6d8904714b90d4670c2f1f546c82a5e3c0e506e157496a98a7f8dd5e2ee44f6e
[13-Aug-2025 00:32:44 Europe/Berlin] Token validated successfully
[13-Aug-2025 00:32:44 Europe/Berlin] Moving file from C:\xampp\tmp\php892.tmp to uploads/interviews/9/conversation_turn_7_essential_answer.webm
[13-Aug-2025 00:32:44 Europe/Berlin] Database SQL: INSERT INTO tblinterviewrecordings 
            (REGISTRATIONID, QUESTION_NUMBER, FILE_PATH, DURATION, RECORDED_AT, CONVERSATION_TURN, QUESTION_TYPE, TRANSCRIPT) 
            VALUES 
            ('9', 5, 'uploads/interviews/9/conversation_turn_7_essential_answer.webm', 13.485, NOW(), 7, 'essential_answer', '')
[13-Aug-2025 00:32:44 Europe/Berlin] Upload completed successfully
[13-Aug-2025 00:32:44 Europe/Berlin] === Simple Upload Working Ended ===
[13-Aug-2025 00:33:24 Europe/Berlin] === Simple Upload Working Started ===
[13-Aug-2025 00:33:24 Europe/Berlin] Request Method: POST
[13-Aug-2025 00:33:24 Europe/Berlin] POST Data: {"conversationTurn":"8","questionType":"essential_answer","currentEssentialQuestion":"6","duration":"16.866","token":"6d8904714b90d4670c2f1f546c82a5e3c0e506e157496a98a7f8dd5e2ee44f6e","registrationId":"9","transcript":""}
[13-Aug-2025 00:33:24 Europe/Berlin] FILES Data: {"video":{"name":"conversation_turn_8_essential_answer.webm","full_path":"conversation_turn_8_essential_answer.webm","type":"video\/webm","tmp_name":"C:\\xampp\\tmp\\phpA3D9.tmp","error":0,"size":1159155}}
[13-Aug-2025 00:33:24 Europe/Berlin] Database connection successful
[13-Aug-2025 00:33:24 Europe/Berlin] Token received: 6d8904714b90d4670c2f1f546c82a5e3c0e506e157496a98a7f8dd5e2ee44f6e
[13-Aug-2025 00:33:24 Europe/Berlin] Token validated successfully
[13-Aug-2025 00:33:24 Europe/Berlin] Moving file from C:\xampp\tmp\phpA3D9.tmp to uploads/interviews/9/conversation_turn_8_essential_answer.webm
[13-Aug-2025 00:33:24 Europe/Berlin] Database SQL: INSERT INTO tblinterviewrecordings 
            (REGISTRATIONID, QUESTION_NUMBER, FILE_PATH, DURATION, RECORDED_AT, CONVERSATION_TURN, QUESTION_TYPE, TRANSCRIPT) 
            VALUES 
            ('9', 6, 'uploads/interviews/9/conversation_turn_8_essential_answer.webm', 16.866, NOW(), 8, 'essential_answer', '')
[13-Aug-2025 00:33:24 Europe/Berlin] Upload completed successfully
[13-Aug-2025 00:33:24 Europe/Berlin] === Simple Upload Working Ended ===
[13-Aug-2025 01:05:40 Europe/Berlin] === Simple Upload Working Started ===
[13-Aug-2025 01:05:40 Europe/Berlin] Request Method: POST
[13-Aug-2025 01:05:40 Europe/Berlin] POST Data: {"conversationTurn":"2","questionType":"essential_answer","currentEssentialQuestion":"0","duration":"17.595","token":"efbbb87bd52939b36ce0a223b59fe000929138fc5c359b68df9c55d025cb8b4b","registrationId":"9","transcript":""}
[13-Aug-2025 01:05:40 Europe/Berlin] FILES Data: {"video":{"name":"conversation_turn_2_essential_answer.webm","full_path":"conversation_turn_2_essential_answer.webm","type":"video\/webm","tmp_name":"C:\\xampp\\tmp\\php3186.tmp","error":0,"size":1204124}}
[13-Aug-2025 01:05:40 Europe/Berlin] Database connection successful
[13-Aug-2025 01:05:40 Europe/Berlin] Token received: efbbb87bd52939b36ce0a223b59fe000929138fc5c359b68df9c55d025cb8b4b
[13-Aug-2025 01:05:40 Europe/Berlin] Token validated successfully
[13-Aug-2025 01:05:40 Europe/Berlin] Moving file from C:\xampp\tmp\php3186.tmp to uploads/interviews/9/conversation_turn_2_essential_answer.webm
[13-Aug-2025 01:05:40 Europe/Berlin] Database SQL: INSERT INTO tblinterviewrecordings 
            (REGISTRATIONID, QUESTION_NUMBER, FILE_PATH, DURATION, RECORDED_AT, CONVERSATION_TURN, QUESTION_TYPE, TRANSCRIPT) 
            VALUES 
            ('9', 0, 'uploads/interviews/9/conversation_turn_2_essential_answer.webm', 17.595, NOW(), 2, 'essential_answer', '')
[13-Aug-2025 01:05:40 Europe/Berlin] Upload completed successfully
[13-Aug-2025 01:05:40 Europe/Berlin] === Simple Upload Working Ended ===
[13-Aug-2025 01:06:24 Europe/Berlin] === Simple Upload Working Started ===
[13-Aug-2025 01:06:24 Europe/Berlin] Request Method: POST
[13-Aug-2025 01:06:24 Europe/Berlin] POST Data: {"conversationTurn":"3","questionType":"essential_answer","currentEssentialQuestion":"1","duration":"23.623","token":"efbbb87bd52939b36ce0a223b59fe000929138fc5c359b68df9c55d025cb8b4b","registrationId":"9","transcript":""}
[13-Aug-2025 01:06:24 Europe/Berlin] FILES Data: {"video":{"name":"conversation_turn_3_essential_answer.webm","full_path":"conversation_turn_3_essential_answer.webm","type":"video\/webm","tmp_name":"C:\\xampp\\tmp\\phpDC5E.tmp","error":0,"size":1621506}}
[13-Aug-2025 01:06:24 Europe/Berlin] Database connection successful
[13-Aug-2025 01:06:24 Europe/Berlin] Token received: efbbb87bd52939b36ce0a223b59fe000929138fc5c359b68df9c55d025cb8b4b
[13-Aug-2025 01:06:24 Europe/Berlin] Token validated successfully
[13-Aug-2025 01:06:24 Europe/Berlin] Moving file from C:\xampp\tmp\phpDC5E.tmp to uploads/interviews/9/conversation_turn_3_essential_answer.webm
[13-Aug-2025 01:06:24 Europe/Berlin] Database SQL: INSERT INTO tblinterviewrecordings 
            (REGISTRATIONID, QUESTION_NUMBER, FILE_PATH, DURATION, RECORDED_AT, CONVERSATION_TURN, QUESTION_TYPE, TRANSCRIPT) 
            VALUES 
            ('9', 1, 'uploads/interviews/9/conversation_turn_3_essential_answer.webm', 23.623, NOW(), 3, 'essential_answer', '')
[13-Aug-2025 01:06:24 Europe/Berlin] Upload completed successfully
[13-Aug-2025 01:06:24 Europe/Berlin] === Simple Upload Working Ended ===
[13-Aug-2025 01:07:12 Europe/Berlin] === Simple Upload Working Started ===
[13-Aug-2025 01:07:12 Europe/Berlin] Request Method: POST
[13-Aug-2025 01:07:12 Europe/Berlin] POST Data: {"conversationTurn":"4","questionType":"essential_answer","currentEssentialQuestion":"2","duration":"25.92","token":"efbbb87bd52939b36ce0a223b59fe000929138fc5c359b68df9c55d025cb8b4b","registrationId":"9","transcript":""}
[13-Aug-2025 01:07:12 Europe/Berlin] FILES Data: {"video":{"name":"conversation_turn_4_essential_answer.webm","full_path":"conversation_turn_4_essential_answer.webm","type":"video\/webm","tmp_name":"C:\\xampp\\tmp\\php95FA.tmp","error":0,"size":1779503}}
[13-Aug-2025 01:07:12 Europe/Berlin] Database connection successful
[13-Aug-2025 01:07:12 Europe/Berlin] Token received: efbbb87bd52939b36ce0a223b59fe000929138fc5c359b68df9c55d025cb8b4b
[13-Aug-2025 01:07:12 Europe/Berlin] Token validated successfully
[13-Aug-2025 01:07:12 Europe/Berlin] Moving file from C:\xampp\tmp\php95FA.tmp to uploads/interviews/9/conversation_turn_4_essential_answer.webm
[13-Aug-2025 01:07:12 Europe/Berlin] Database SQL: INSERT INTO tblinterviewrecordings 
            (REGISTRATIONID, QUESTION_NUMBER, FILE_PATH, DURATION, RECORDED_AT, CONVERSATION_TURN, QUESTION_TYPE, TRANSCRIPT) 
            VALUES 
            ('9', 2, 'uploads/interviews/9/conversation_turn_4_essential_answer.webm', 25.92, NOW(), 4, 'essential_answer', '')
[13-Aug-2025 01:07:12 Europe/Berlin] Upload completed successfully
[13-Aug-2025 01:07:12 Europe/Berlin] === Simple Upload Working Ended ===
[13-Aug-2025 01:07:54 Europe/Berlin] === Simple Upload Working Started ===
[13-Aug-2025 01:07:54 Europe/Berlin] Request Method: POST
[13-Aug-2025 01:07:54 Europe/Berlin] POST Data: {"conversationTurn":"5","questionType":"essential_answer","currentEssentialQuestion":"3","duration":"21.729","token":"efbbb87bd52939b36ce0a223b59fe000929138fc5c359b68df9c55d025cb8b4b","registrationId":"9","transcript":""}
[13-Aug-2025 01:07:54 Europe/Berlin] FILES Data: {"video":{"name":"conversation_turn_5_essential_answer.webm","full_path":"conversation_turn_5_essential_answer.webm","type":"video\/webm","tmp_name":"C:\\xampp\\tmp\\php39EC.tmp","error":0,"size":1491095}}
[13-Aug-2025 01:07:54 Europe/Berlin] Database connection successful
[13-Aug-2025 01:07:54 Europe/Berlin] Token received: efbbb87bd52939b36ce0a223b59fe000929138fc5c359b68df9c55d025cb8b4b
[13-Aug-2025 01:07:54 Europe/Berlin] Token validated successfully
[13-Aug-2025 01:07:54 Europe/Berlin] Moving file from C:\xampp\tmp\php39EC.tmp to uploads/interviews/9/conversation_turn_5_essential_answer.webm
[13-Aug-2025 01:07:54 Europe/Berlin] Database SQL: INSERT INTO tblinterviewrecordings 
            (REGISTRATIONID, QUESTION_NUMBER, FILE_PATH, DURATION, RECORDED_AT, CONVERSATION_TURN, QUESTION_TYPE, TRANSCRIPT) 
            VALUES 
            ('9', 3, 'uploads/interviews/9/conversation_turn_5_essential_answer.webm', 21.729, NOW(), 5, 'essential_answer', '')
[13-Aug-2025 01:07:54 Europe/Berlin] Upload completed successfully
[13-Aug-2025 01:07:54 Europe/Berlin] === Simple Upload Working Ended ===
[13-Aug-2025 01:08:41 Europe/Berlin] === Simple Upload Working Started ===
[13-Aug-2025 01:08:41 Europe/Berlin] Request Method: POST
[13-Aug-2025 01:08:41 Europe/Berlin] POST Data: {"conversationTurn":"6","questionType":"essential_answer","currentEssentialQuestion":"4","duration":"27.423","token":"efbbb87bd52939b36ce0a223b59fe000929138fc5c359b68df9c55d025cb8b4b","registrationId":"9","transcript":""}
[13-Aug-2025 01:08:41 Europe/Berlin] FILES Data: {"video":{"name":"conversation_turn_6_essential_answer.webm","full_path":"conversation_turn_6_essential_answer.webm","type":"video\/webm","tmp_name":"C:\\xampp\\tmp\\phpF1A4.tmp","error":0,"size":1883772}}
[13-Aug-2025 01:08:41 Europe/Berlin] Database connection successful
[13-Aug-2025 01:08:41 Europe/Berlin] Token received: efbbb87bd52939b36ce0a223b59fe000929138fc5c359b68df9c55d025cb8b4b
[13-Aug-2025 01:08:41 Europe/Berlin] Token validated successfully
[13-Aug-2025 01:08:41 Europe/Berlin] Moving file from C:\xampp\tmp\phpF1A4.tmp to uploads/interviews/9/conversation_turn_6_essential_answer.webm
[13-Aug-2025 01:08:41 Europe/Berlin] Database SQL: INSERT INTO tblinterviewrecordings 
            (REGISTRATIONID, QUESTION_NUMBER, FILE_PATH, DURATION, RECORDED_AT, CONVERSATION_TURN, QUESTION_TYPE, TRANSCRIPT) 
            VALUES 
            ('9', 4, 'uploads/interviews/9/conversation_turn_6_essential_answer.webm', 27.423, NOW(), 6, 'essential_answer', '')
[13-Aug-2025 01:08:41 Europe/Berlin] Upload completed successfully
[13-Aug-2025 01:08:41 Europe/Berlin] === Simple Upload Working Ended ===
[13-Aug-2025 01:09:27 Europe/Berlin] === Simple Upload Working Started ===
[13-Aug-2025 01:09:27 Europe/Berlin] Request Method: POST
[13-Aug-2025 01:09:27 Europe/Berlin] POST Data: {"conversationTurn":"7","questionType":"essential_answer","currentEssentialQuestion":"5","duration":"27.12","token":"efbbb87bd52939b36ce0a223b59fe000929138fc5c359b68df9c55d025cb8b4b","registrationId":"9","transcript":""}
[13-Aug-2025 01:09:27 Europe/Berlin] FILES Data: {"video":{"name":"conversation_turn_7_essential_answer.webm","full_path":"conversation_turn_7_essential_answer.webm","type":"video\/webm","tmp_name":"C:\\xampp\\tmp\\phpA64F.tmp","error":0,"size":1855484}}
[13-Aug-2025 01:09:27 Europe/Berlin] Database connection successful
[13-Aug-2025 01:09:27 Europe/Berlin] Token received: efbbb87bd52939b36ce0a223b59fe000929138fc5c359b68df9c55d025cb8b4b
[13-Aug-2025 01:09:27 Europe/Berlin] Token validated successfully
[13-Aug-2025 01:09:27 Europe/Berlin] Moving file from C:\xampp\tmp\phpA64F.tmp to uploads/interviews/9/conversation_turn_7_essential_answer.webm
[13-Aug-2025 01:09:27 Europe/Berlin] Database SQL: INSERT INTO tblinterviewrecordings 
            (REGISTRATIONID, QUESTION_NUMBER, FILE_PATH, DURATION, RECORDED_AT, CONVERSATION_TURN, QUESTION_TYPE, TRANSCRIPT) 
            VALUES 
            ('9', 5, 'uploads/interviews/9/conversation_turn_7_essential_answer.webm', 27.12, NOW(), 7, 'essential_answer', '')
[13-Aug-2025 01:09:27 Europe/Berlin] Upload completed successfully
[13-Aug-2025 01:09:27 Europe/Berlin] === Simple Upload Working Ended ===
[13-Aug-2025 01:10:11 Europe/Berlin] === Simple Upload Working Started ===
[13-Aug-2025 01:10:11 Europe/Berlin] Request Method: POST
[13-Aug-2025 01:10:11 Europe/Berlin] POST Data: {"conversationTurn":"8","questionType":"essential_answer","currentEssentialQuestion":"6","duration":"23.618","token":"efbbb87bd52939b36ce0a223b59fe000929138fc5c359b68df9c55d025cb8b4b","registrationId":"9","transcript":""}
[13-Aug-2025 01:10:11 Europe/Berlin] FILES Data: {"video":{"name":"conversation_turn_8_essential_answer.webm","full_path":"conversation_turn_8_essential_answer.webm","type":"video\/webm","tmp_name":"C:\\xampp\\tmp\\php5434.tmp","error":0,"size":1624623}}
[13-Aug-2025 01:10:11 Europe/Berlin] Database connection successful
[13-Aug-2025 01:10:11 Europe/Berlin] Token received: efbbb87bd52939b36ce0a223b59fe000929138fc5c359b68df9c55d025cb8b4b
[13-Aug-2025 01:10:11 Europe/Berlin] Token validated successfully
[13-Aug-2025 01:10:11 Europe/Berlin] Moving file from C:\xampp\tmp\php5434.tmp to uploads/interviews/9/conversation_turn_8_essential_answer.webm
[13-Aug-2025 01:10:11 Europe/Berlin] Database SQL: INSERT INTO tblinterviewrecordings 
            (REGISTRATIONID, QUESTION_NUMBER, FILE_PATH, DURATION, RECORDED_AT, CONVERSATION_TURN, QUESTION_TYPE, TRANSCRIPT) 
            VALUES 
            ('9', 6, 'uploads/interviews/9/conversation_turn_8_essential_answer.webm', 23.618, NOW(), 8, 'essential_answer', '')
[13-Aug-2025 01:10:11 Europe/Berlin] Upload completed successfully
[13-Aug-2025 01:10:11 Europe/Berlin] === Simple Upload Working Ended ===
[13-Aug-2025 01:18:25 Europe/Berlin] === Simple Upload Working Started ===
[13-Aug-2025 01:18:25 Europe/Berlin] Request Method: POST
[13-Aug-2025 01:18:25 Europe/Berlin] POST Data: {"conversationTurn":"2","questionType":"essential_answer","currentEssentialQuestion":"0","duration":"17.687","token":"efbbb87bd52939b36ce0a223b59fe000929138fc5c359b68df9c55d025cb8b4b","registrationId":"9","transcript":""}
[13-Aug-2025 01:18:25 Europe/Berlin] FILES Data: {"video":{"name":"conversation_turn_2_essential_answer.webm","full_path":"conversation_turn_2_essential_answer.webm","type":"video\/webm","tmp_name":"C:\\xampp\\tmp\\phpDBA3.tmp","error":0,"size":1212608}}
[13-Aug-2025 01:18:25 Europe/Berlin] Database connection successful
[13-Aug-2025 01:18:25 Europe/Berlin] Token received: efbbb87bd52939b36ce0a223b59fe000929138fc5c359b68df9c55d025cb8b4b
[13-Aug-2025 01:18:25 Europe/Berlin] Token validated successfully
[13-Aug-2025 01:18:25 Europe/Berlin] Moving file from C:\xampp\tmp\phpDBA3.tmp to uploads/interviews/9/conversation_turn_2_essential_answer.webm
[13-Aug-2025 01:18:25 Europe/Berlin] Database SQL: INSERT INTO tblinterviewrecordings 
            (REGISTRATIONID, QUESTION_NUMBER, FILE_PATH, DURATION, RECORDED_AT, CONVERSATION_TURN, QUESTION_TYPE, TRANSCRIPT) 
            VALUES 
            ('9', 0, 'uploads/interviews/9/conversation_turn_2_essential_answer.webm', 17.687, NOW(), 2, 'essential_answer', '')
[13-Aug-2025 01:18:25 Europe/Berlin] Upload completed successfully
[13-Aug-2025 01:18:25 Europe/Berlin] === Simple Upload Working Ended ===
[13-Aug-2025 01:18:56 Europe/Berlin] === Simple Upload Working Started ===
[13-Aug-2025 01:18:56 Europe/Berlin] Request Method: POST
[13-Aug-2025 01:18:56 Europe/Berlin] POST Data: {"conversationTurn":"2","questionType":"essential_answer","currentEssentialQuestion":"1","duration":"11.409","token":"efbbb87bd52939b36ce0a223b59fe000929138fc5c359b68df9c55d025cb8b4b","registrationId":"9","transcript":""}
[13-Aug-2025 01:18:56 Europe/Berlin] FILES Data: {"video":{"name":"conversation_turn_2_essential_answer.webm","full_path":"conversation_turn_2_essential_answer.webm","type":"video\/webm","tmp_name":"C:\\xampp\\tmp\\php56DF.tmp","error":0,"size":786036}}
[13-Aug-2025 01:18:56 Europe/Berlin] Database connection successful
[13-Aug-2025 01:18:56 Europe/Berlin] Token received: efbbb87bd52939b36ce0a223b59fe000929138fc5c359b68df9c55d025cb8b4b
[13-Aug-2025 01:18:56 Europe/Berlin] Token validated successfully
[13-Aug-2025 01:18:56 Europe/Berlin] Moving file from C:\xampp\tmp\php56DF.tmp to uploads/interviews/9/conversation_turn_2_essential_answer.webm
[13-Aug-2025 01:18:56 Europe/Berlin] Database SQL: INSERT INTO tblinterviewrecordings 
            (REGISTRATIONID, QUESTION_NUMBER, FILE_PATH, DURATION, RECORDED_AT, CONVERSATION_TURN, QUESTION_TYPE, TRANSCRIPT) 
            VALUES 
            ('9', 1, 'uploads/interviews/9/conversation_turn_2_essential_answer.webm', 11.409, NOW(), 2, 'essential_answer', '')
[13-Aug-2025 01:18:56 Europe/Berlin] Upload completed successfully
[13-Aug-2025 01:18:56 Europe/Berlin] === Simple Upload Working Ended ===
[13-Aug-2025 01:19:03 Europe/Berlin] === Simple Upload Working Started ===
[13-Aug-2025 01:19:03 Europe/Berlin] Request Method: POST
[13-Aug-2025 01:19:03 Europe/Berlin] POST Data: {"conversationTurn":"3","questionType":"essential_answer","currentEssentialQuestion":"1","duration":"6.048","token":"efbbb87bd52939b36ce0a223b59fe000929138fc5c359b68df9c55d025cb8b4b","registrationId":"9","transcript":""}
[13-Aug-2025 01:19:03 Europe/Berlin] FILES Data: {"video":{"name":"conversation_turn_3_essential_answer.webm","full_path":"conversation_turn_3_essential_answer.webm","type":"video\/webm","tmp_name":"C:\\xampp\\tmp\\php72D4.tmp","error":0,"size":417407}}
[13-Aug-2025 01:19:04 Europe/Berlin] Database connection successful
[13-Aug-2025 01:19:04 Europe/Berlin] Token received: efbbb87bd52939b36ce0a223b59fe000929138fc5c359b68df9c55d025cb8b4b
[13-Aug-2025 01:19:04 Europe/Berlin] Token validated successfully
[13-Aug-2025 01:19:04 Europe/Berlin] Moving file from C:\xampp\tmp\php72D4.tmp to uploads/interviews/9/conversation_turn_3_essential_answer.webm
[13-Aug-2025 01:19:04 Europe/Berlin] Database SQL: INSERT INTO tblinterviewrecordings 
            (REGISTRATIONID, QUESTION_NUMBER, FILE_PATH, DURATION, RECORDED_AT, CONVERSATION_TURN, QUESTION_TYPE, TRANSCRIPT) 
            VALUES 
            ('9', 1, 'uploads/interviews/9/conversation_turn_3_essential_answer.webm', 6.048, NOW(), 3, 'essential_answer', '')
[13-Aug-2025 01:19:04 Europe/Berlin] Upload completed successfully
[13-Aug-2025 01:19:04 Europe/Berlin] === Simple Upload Working Ended ===
[13-Aug-2025 01:19:53 Europe/Berlin] === Simple Upload Working Started ===
[13-Aug-2025 01:19:53 Europe/Berlin] Request Method: POST
[13-Aug-2025 01:19:53 Europe/Berlin] POST Data: {"conversationTurn":"4","questionType":"essential_answer","currentEssentialQuestion":"2","duration":"27.518","token":"efbbb87bd52939b36ce0a223b59fe000929138fc5c359b68df9c55d025cb8b4b","registrationId":"9","transcript":""}
[13-Aug-2025 01:19:53 Europe/Berlin] FILES Data: {"video":{"name":"conversation_turn_4_essential_answer.webm","full_path":"conversation_turn_4_essential_answer.webm","type":"video\/webm","tmp_name":"C:\\xampp\\tmp\\php348F.tmp","error":0,"size":1888181}}
[13-Aug-2025 01:19:53 Europe/Berlin] Database connection successful
[13-Aug-2025 01:19:53 Europe/Berlin] Token received: efbbb87bd52939b36ce0a223b59fe000929138fc5c359b68df9c55d025cb8b4b
[13-Aug-2025 01:19:53 Europe/Berlin] Token validated successfully
[13-Aug-2025 01:19:53 Europe/Berlin] Moving file from C:\xampp\tmp\php348F.tmp to uploads/interviews/9/conversation_turn_4_essential_answer.webm
[13-Aug-2025 01:19:53 Europe/Berlin] Database SQL: INSERT INTO tblinterviewrecordings 
            (REGISTRATIONID, QUESTION_NUMBER, FILE_PATH, DURATION, RECORDED_AT, CONVERSATION_TURN, QUESTION_TYPE, TRANSCRIPT) 
            VALUES 
            ('9', 2, 'uploads/interviews/9/conversation_turn_4_essential_answer.webm', 27.518, NOW(), 4, 'essential_answer', '')
[13-Aug-2025 01:19:53 Europe/Berlin] Upload completed successfully
[13-Aug-2025 01:19:53 Europe/Berlin] === Simple Upload Working Ended ===
[13-Aug-2025 01:20:23 Europe/Berlin] === Simple Upload Working Started ===
[13-Aug-2025 01:20:23 Europe/Berlin] Request Method: POST
[13-Aug-2025 01:20:23 Europe/Berlin] POST Data: {"conversationTurn":"4","questionType":"essential_answer","currentEssentialQuestion":"3","duration":"10.438","token":"efbbb87bd52939b36ce0a223b59fe000929138fc5c359b68df9c55d025cb8b4b","registrationId":"9","transcript":""}
[13-Aug-2025 01:20:23 Europe/Berlin] FILES Data: {"video":{"name":"conversation_turn_4_essential_answer.webm","full_path":"conversation_turn_4_essential_answer.webm","type":"video\/webm","tmp_name":"C:\\xampp\\tmp\\phpAB08.tmp","error":0,"size":713014}}
[13-Aug-2025 01:20:23 Europe/Berlin] Database connection successful
[13-Aug-2025 01:20:23 Europe/Berlin] Token received: efbbb87bd52939b36ce0a223b59fe000929138fc5c359b68df9c55d025cb8b4b
[13-Aug-2025 01:20:23 Europe/Berlin] Token validated successfully
[13-Aug-2025 01:20:23 Europe/Berlin] Moving file from C:\xampp\tmp\phpAB08.tmp to uploads/interviews/9/conversation_turn_4_essential_answer.webm
[13-Aug-2025 01:20:23 Europe/Berlin] Database SQL: INSERT INTO tblinterviewrecordings 
            (REGISTRATIONID, QUESTION_NUMBER, FILE_PATH, DURATION, RECORDED_AT, CONVERSATION_TURN, QUESTION_TYPE, TRANSCRIPT) 
            VALUES 
            ('9', 3, 'uploads/interviews/9/conversation_turn_4_essential_answer.webm', 10.438, NOW(), 4, 'essential_answer', '')
[13-Aug-2025 01:20:23 Europe/Berlin] Upload completed successfully
[13-Aug-2025 01:20:23 Europe/Berlin] === Simple Upload Working Ended ===
[13-Aug-2025 01:20:28 Europe/Berlin] === Simple Upload Working Started ===
[13-Aug-2025 01:20:28 Europe/Berlin] Request Method: POST
[13-Aug-2025 01:20:28 Europe/Berlin] POST Data: {"conversationTurn":"5","questionType":"essential_answer","currentEssentialQuestion":"3","duration":"3.754","token":"efbbb87bd52939b36ce0a223b59fe000929138fc5c359b68df9c55d025cb8b4b","registrationId":"9","transcript":""}
[13-Aug-2025 01:20:28 Europe/Berlin] FILES Data: {"video":{"name":"conversation_turn_5_essential_answer.webm","full_path":"conversation_turn_5_essential_answer.webm","type":"video\/webm","tmp_name":"C:\\xampp\\tmp\\phpBE04.tmp","error":0,"size":248000}}
[13-Aug-2025 01:20:28 Europe/Berlin] Database connection successful
[13-Aug-2025 01:20:28 Europe/Berlin] Token received: efbbb87bd52939b36ce0a223b59fe000929138fc5c359b68df9c55d025cb8b4b
[13-Aug-2025 01:20:28 Europe/Berlin] Token validated successfully
[13-Aug-2025 01:20:28 Europe/Berlin] Moving file from C:\xampp\tmp\phpBE04.tmp to uploads/interviews/9/conversation_turn_5_essential_answer.webm
[13-Aug-2025 01:20:28 Europe/Berlin] Database SQL: INSERT INTO tblinterviewrecordings 
            (REGISTRATIONID, QUESTION_NUMBER, FILE_PATH, DURATION, RECORDED_AT, CONVERSATION_TURN, QUESTION_TYPE, TRANSCRIPT) 
            VALUES 
            ('9', 3, 'uploads/interviews/9/conversation_turn_5_essential_answer.webm', 3.754, NOW(), 5, 'essential_answer', '')
[13-Aug-2025 01:20:28 Europe/Berlin] Upload completed successfully
[13-Aug-2025 01:20:28 Europe/Berlin] === Simple Upload Working Ended ===
[13-Aug-2025 01:21:07 Europe/Berlin] === Simple Upload Working Started ===
[13-Aug-2025 01:21:07 Europe/Berlin] Request Method: POST
[13-Aug-2025 01:21:07 Europe/Berlin] POST Data: {"conversationTurn":"6","questionType":"essential_answer","currentEssentialQuestion":"4","duration":"17.66","token":"efbbb87bd52939b36ce0a223b59fe000929138fc5c359b68df9c55d025cb8b4b","registrationId":"9","transcript":"and I believe that job is going to get them"}
[13-Aug-2025 01:21:07 Europe/Berlin] FILES Data: {"video":{"name":"conversation_turn_6_essential_answer.webm","full_path":"conversation_turn_6_essential_answer.webm","type":"video\/webm","tmp_name":"C:\\xampp\\tmp\\php53DD.tmp","error":0,"size":1214263}}
[13-Aug-2025 01:21:07 Europe/Berlin] Database connection successful
[13-Aug-2025 01:21:07 Europe/Berlin] Token received: efbbb87bd52939b36ce0a223b59fe000929138fc5c359b68df9c55d025cb8b4b
[13-Aug-2025 01:21:07 Europe/Berlin] Token validated successfully
[13-Aug-2025 01:21:07 Europe/Berlin] Moving file from C:\xampp\tmp\php53DD.tmp to uploads/interviews/9/conversation_turn_6_essential_answer.webm
[13-Aug-2025 01:21:07 Europe/Berlin] Database SQL: INSERT INTO tblinterviewrecordings 
            (REGISTRATIONID, QUESTION_NUMBER, FILE_PATH, DURATION, RECORDED_AT, CONVERSATION_TURN, QUESTION_TYPE, TRANSCRIPT) 
            VALUES 
            ('9', 4, 'uploads/interviews/9/conversation_turn_6_essential_answer.webm', 17.66, NOW(), 6, 'essential_answer', 'and I believe that job is going to get them')
[13-Aug-2025 01:21:07 Europe/Berlin] Upload completed successfully
[13-Aug-2025 01:21:07 Europe/Berlin] === Simple Upload Working Ended ===
[13-Aug-2025 01:21:42 Europe/Berlin] === Simple Upload Working Started ===
[13-Aug-2025 01:21:42 Europe/Berlin] Request Method: POST
[13-Aug-2025 01:21:42 Europe/Berlin] POST Data: {"conversationTurn":"7","questionType":"essential_answer","currentEssentialQuestion":"5","duration":"15.71","token":"efbbb87bd52939b36ce0a223b59fe000929138fc5c359b68df9c55d025cb8b4b","registrationId":"9","transcript":""}
[13-Aug-2025 01:21:42 Europe/Berlin] FILES Data: {"video":{"name":"conversation_turn_7_essential_answer.webm","full_path":"conversation_turn_7_essential_answer.webm","type":"video\/webm","tmp_name":"C:\\xampp\\tmp\\phpDEE7.tmp","error":0,"size":1080986}}
[13-Aug-2025 01:21:42 Europe/Berlin] Database connection successful
[13-Aug-2025 01:21:42 Europe/Berlin] Token received: efbbb87bd52939b36ce0a223b59fe000929138fc5c359b68df9c55d025cb8b4b
[13-Aug-2025 01:21:42 Europe/Berlin] Token validated successfully
[13-Aug-2025 01:21:42 Europe/Berlin] Moving file from C:\xampp\tmp\phpDEE7.tmp to uploads/interviews/9/conversation_turn_7_essential_answer.webm
[13-Aug-2025 01:21:42 Europe/Berlin] Database SQL: INSERT INTO tblinterviewrecordings 
            (REGISTRATIONID, QUESTION_NUMBER, FILE_PATH, DURATION, RECORDED_AT, CONVERSATION_TURN, QUESTION_TYPE, TRANSCRIPT) 
            VALUES 
            ('9', 5, 'uploads/interviews/9/conversation_turn_7_essential_answer.webm', 15.71, NOW(), 7, 'essential_answer', '')
[13-Aug-2025 01:21:42 Europe/Berlin] Upload completed successfully
[13-Aug-2025 01:21:42 Europe/Berlin] === Simple Upload Working Ended ===
[13-Aug-2025 01:22:28 Europe/Berlin] === Simple Upload Working Started ===
[13-Aug-2025 01:22:28 Europe/Berlin] Request Method: POST
[13-Aug-2025 01:22:28 Europe/Berlin] POST Data: {"conversationTurn":"8","questionType":"essential_answer","currentEssentialQuestion":"6","duration":"17.087","token":"efbbb87bd52939b36ce0a223b59fe000929138fc5c359b68df9c55d025cb8b4b","registrationId":"9","transcript":""}
[13-Aug-2025 01:22:28 Europe/Berlin] FILES Data: {"video":{"name":"conversation_turn_8_essential_answer.webm","full_path":"conversation_turn_8_essential_answer.webm","type":"video\/webm","tmp_name":"C:\\xampp\\tmp\\php9325.tmp","error":0,"size":1179126}}
[13-Aug-2025 01:22:28 Europe/Berlin] Database connection successful
[13-Aug-2025 01:22:28 Europe/Berlin] Token received: efbbb87bd52939b36ce0a223b59fe000929138fc5c359b68df9c55d025cb8b4b
[13-Aug-2025 01:22:28 Europe/Berlin] Token validated successfully
[13-Aug-2025 01:22:28 Europe/Berlin] Moving file from C:\xampp\tmp\php9325.tmp to uploads/interviews/9/conversation_turn_8_essential_answer.webm
[13-Aug-2025 01:22:28 Europe/Berlin] Database SQL: INSERT INTO tblinterviewrecordings 
            (REGISTRATIONID, QUESTION_NUMBER, FILE_PATH, DURATION, RECORDED_AT, CONVERSATION_TURN, QUESTION_TYPE, TRANSCRIPT) 
            VALUES 
            ('9', 6, 'uploads/interviews/9/conversation_turn_8_essential_answer.webm', 17.087, NOW(), 8, 'essential_answer', '')
[13-Aug-2025 01:22:28 Europe/Berlin] Upload completed successfully
[13-Aug-2025 01:22:28 Europe/Berlin] === Simple Upload Working Ended ===
[14-Aug-2025 10:43:31 Europe/Berlin] === Simple Upload Working Started ===
[14-Aug-2025 10:43:31 Europe/Berlin] Request Method: POST
[14-Aug-2025 10:43:31 Europe/Berlin] POST Data: {"conversationTurn":"1","questionType":"essential_answer","currentEssentialQuestion":"0","duration":"9.002","token":"9a4297e04b74dbbd1affbadddfce1eb1f7ab39c6ace3967f2301c67c5559217b","registrationId":"1","transcript":""}
[14-Aug-2025 10:43:31 Europe/Berlin] FILES Data: {"video":{"name":"conversation_turn_1_essential_answer.webm","full_path":"conversation_turn_1_essential_answer.webm","type":"video\/webm","tmp_name":"C:\\xampp\\tmp\\phpB267.tmp","error":0,"size":1356535}}
[14-Aug-2025 10:43:31 Europe/Berlin] Database connection successful
[14-Aug-2025 10:43:31 Europe/Berlin] Token received: 9a4297e04b74dbbd1affbadddfce1eb1f7ab39c6ace3967f2301c67c5559217b
[14-Aug-2025 10:43:31 Europe/Berlin] Token validated successfully
[14-Aug-2025 10:43:31 Europe/Berlin] Moving file from C:\xampp\tmp\phpB267.tmp to uploads/interviews/1/conversation_turn_1_essential_answer.webm
[14-Aug-2025 10:43:31 Europe/Berlin] Database SQL: INSERT INTO tblinterviewrecordings 
            (REGISTRATIONID, QUESTION_NUMBER, FILE_PATH, DURATION, RECORDED_AT, CONVERSATION_TURN, QUESTION_TYPE, TRANSCRIPT) 
            VALUES 
            ('1', 0, 'uploads/interviews/1/conversation_turn_1_essential_answer.webm', 9.002, NOW(), 1, 'essential_answer', '')
[14-Aug-2025 10:43:31 Europe/Berlin] Error in simple upload working: Unknown column 'TRANSCRIPT' in 'field list'
[14-Aug-2025 10:43:31 Europe/Berlin] Stack trace: #0 C:\xampp\htdocs\eris\simple-upload-working.php(123): mysqli_query(Object(mysqli), 'INSERT INTO tbl...')
#1 {main}
[14-Aug-2025 10:43:31 Europe/Berlin] === Simple Upload Working Ended ===
[14-Aug-2025 10:43:37 Europe/Berlin] === Simple Upload Working Started ===
[14-Aug-2025 10:43:37 Europe/Berlin] Request Method: POST
[14-Aug-2025 10:43:37 Europe/Berlin] POST Data: {"conversationTurn":"1","questionType":"essential_answer","currentEssentialQuestion":"0","duration":"5.46","token":"9a4297e04b74dbbd1affbadddfce1eb1f7ab39c6ace3967f2301c67c5559217b","registrationId":"1","transcript":""}
[14-Aug-2025 10:43:37 Europe/Berlin] FILES Data: {"video":{"name":"conversation_turn_1_essential_answer.webm","full_path":"conversation_turn_1_essential_answer.webm","type":"video\/webm","tmp_name":"C:\\xampp\\tmp\\phpCC2A.tmp","error":0,"size":789933}}
[14-Aug-2025 10:43:37 Europe/Berlin] Database connection successful
[14-Aug-2025 10:43:37 Europe/Berlin] Token received: 9a4297e04b74dbbd1affbadddfce1eb1f7ab39c6ace3967f2301c67c5559217b
[14-Aug-2025 10:43:37 Europe/Berlin] Token validated successfully
[14-Aug-2025 10:43:37 Europe/Berlin] Moving file from C:\xampp\tmp\phpCC2A.tmp to uploads/interviews/1/conversation_turn_1_essential_answer.webm
[14-Aug-2025 10:43:37 Europe/Berlin] Database SQL: INSERT INTO tblinterviewrecordings 
            (REGISTRATIONID, QUESTION_NUMBER, FILE_PATH, DURATION, RECORDED_AT, CONVERSATION_TURN, QUESTION_TYPE, TRANSCRIPT) 
            VALUES 
            ('1', 0, 'uploads/interviews/1/conversation_turn_1_essential_answer.webm', 5.46, NOW(), 1, 'essential_answer', '')
[14-Aug-2025 10:43:37 Europe/Berlin] Error in simple upload working: Unknown column 'TRANSCRIPT' in 'field list'
[14-Aug-2025 10:43:37 Europe/Berlin] Stack trace: #0 C:\xampp\htdocs\eris\simple-upload-working.php(123): mysqli_query(Object(mysqli), 'INSERT INTO tbl...')
#1 {main}
[14-Aug-2025 10:43:37 Europe/Berlin] === Simple Upload Working Ended ===
[14-Aug-2025 13:59:56 Europe/Berlin] === Simple Upload Working Started ===
[14-Aug-2025 13:59:56 Europe/Berlin] Request Method: POST
[14-Aug-2025 13:59:56 Europe/Berlin] POST Data: {"conversationTurn":"2","questionType":"essential_answer","currentEssentialQuestion":"0","duration":"11.965","token":"b63449ade4005ad87188553a9b72d01843503a50ee0132f59210c1fcd65fe7cc","registrationId":"2","transcript":""}
[14-Aug-2025 13:59:56 Europe/Berlin] FILES Data: {"video":{"name":"conversation_turn_2_essential_answer.webm","full_path":"conversation_turn_2_essential_answer.webm","type":"video\/webm","tmp_name":"C:\\xampp\\tmp\\php86C9.tmp","error":0,"size":1778589}}
[14-Aug-2025 13:59:56 Europe/Berlin] Database connection successful
[14-Aug-2025 13:59:56 Europe/Berlin] Token received: b63449ade4005ad87188553a9b72d01843503a50ee0132f59210c1fcd65fe7cc
[14-Aug-2025 13:59:56 Europe/Berlin] Token validated successfully
[14-Aug-2025 13:59:56 Europe/Berlin] Moving file from C:\xampp\tmp\php86C9.tmp to uploads/interviews/2/conversation_turn_2_essential_answer.webm
[14-Aug-2025 13:59:56 Europe/Berlin] Database SQL: INSERT INTO tblinterviewrecordings 
            (REGISTRATIONID, QUESTION_NUMBER, FILE_PATH, DURATION, RECORDED_AT, CONVERSATION_TURN, QUESTION_TYPE, TRANSCRIPT) 
            VALUES 
            ('2', 0, 'uploads/interviews/2/conversation_turn_2_essential_answer.webm', 11.965, NOW(), 2, 'essential_answer', '')
[14-Aug-2025 13:59:56 Europe/Berlin] Error in simple upload working: Unknown column 'TRANSCRIPT' in 'field list'
[14-Aug-2025 13:59:56 Europe/Berlin] Stack trace: #0 C:\xampp\htdocs\eris\simple-upload-working.php(123): mysqli_query(Object(mysqli), 'INSERT INTO tbl...')
#1 {main}
[14-Aug-2025 13:59:56 Europe/Berlin] === Simple Upload Working Ended ===
[14-Aug-2025 14:01:21 Europe/Berlin] === Simple Upload Working Started ===
[14-Aug-2025 14:01:21 Europe/Berlin] Request Method: POST
[14-Aug-2025 14:01:21 Europe/Berlin] POST Data: {"conversationTurn":"2","questionType":"essential_answer","currentEssentialQuestion":"0","duration":"14.704","token":"b63449ade4005ad87188553a9b72d01843503a50ee0132f59210c1fcd65fe7cc","registrationId":"2","transcript":""}
[14-Aug-2025 14:01:21 Europe/Berlin] FILES Data: {"video":{"name":"conversation_turn_2_essential_answer.webm","full_path":"conversation_turn_2_essential_answer.webm","type":"video\/webm","tmp_name":"C:\\xampp\\tmp\\phpD2C3.tmp","error":0,"size":2179908}}
[14-Aug-2025 14:01:21 Europe/Berlin] Database connection successful
[14-Aug-2025 14:01:21 Europe/Berlin] Token received: b63449ade4005ad87188553a9b72d01843503a50ee0132f59210c1fcd65fe7cc
[14-Aug-2025 14:01:21 Europe/Berlin] Token validated successfully
[14-Aug-2025 14:01:21 Europe/Berlin] Moving file from C:\xampp\tmp\phpD2C3.tmp to uploads/interviews/2/conversation_turn_2_essential_answer.webm
[14-Aug-2025 14:01:21 Europe/Berlin] Database SQL: INSERT INTO tblinterviewrecordings 
            (REGISTRATIONID, QUESTION_NUMBER, FILE_PATH, DURATION, RECORDED_AT, CONVERSATION_TURN, QUESTION_TYPE, TRANSCRIPT) 
            VALUES 
            ('2', 0, 'uploads/interviews/2/conversation_turn_2_essential_answer.webm', 14.704, NOW(), 2, 'essential_answer', '')
[14-Aug-2025 14:01:21 Europe/Berlin] Error in simple upload working: Unknown column 'TRANSCRIPT' in 'field list'
[14-Aug-2025 14:01:21 Europe/Berlin] Stack trace: #0 C:\xampp\htdocs\eris\simple-upload-working.php(123): mysqli_query(Object(mysqli), 'INSERT INTO tbl...')
#1 {main}
[14-Aug-2025 14:01:21 Europe/Berlin] === Simple Upload Working Ended ===
[14-Aug-2025 14:02:34 Europe/Berlin] === Simple Upload Working Started ===
[14-Aug-2025 14:02:34 Europe/Berlin] Request Method: POST
[14-Aug-2025 14:02:34 Europe/Berlin] POST Data: {"conversationTurn":"2","questionType":"essential_answer","currentEssentialQuestion":"1","duration":"51.884","token":"b63449ade4005ad87188553a9b72d01843503a50ee0132f59210c1fcd65fe7cc","registrationId":"2","transcript":"uses experience yes so after that it sends um it sense the ratings to a separate interview results page where the admins get access to it there AI grades the um okay um so um we are trying to implement a um something we did about I don't know where somewhere yeah great"}
[14-Aug-2025 14:02:34 Europe/Berlin] FILES Data: {"video":{"name":"conversation_turn_2_essential_answer.webm","full_path":"conversation_turn_2_essential_answer.webm","type":"video\/webm","tmp_name":"C:\\xampp\\tmp\\phpEFBD.tmp","error":0,"size":7531527}}
[14-Aug-2025 14:02:34 Europe/Berlin] Database connection successful
[14-Aug-2025 14:02:34 Europe/Berlin] Token received: b63449ade4005ad87188553a9b72d01843503a50ee0132f59210c1fcd65fe7cc
[14-Aug-2025 14:02:34 Europe/Berlin] Token validated successfully
[14-Aug-2025 14:02:34 Europe/Berlin] Moving file from C:\xampp\tmp\phpEFBD.tmp to uploads/interviews/2/conversation_turn_2_essential_answer.webm
[14-Aug-2025 14:02:34 Europe/Berlin] Database SQL: INSERT INTO tblinterviewrecordings 
            (REGISTRATIONID, QUESTION_NUMBER, FILE_PATH, DURATION, RECORDED_AT, CONVERSATION_TURN, QUESTION_TYPE, TRANSCRIPT) 
            VALUES 
            ('2', 1, 'uploads/interviews/2/conversation_turn_2_essential_answer.webm', 51.884, NOW(), 2, 'essential_answer', 'uses experience yes so after that it sends um it sense the ratings to a separate interview results page where the admins get access to it there AI grades the um okay um so um we are trying to implement a um something we did about I don\'t know where somewhere yeah great')
[14-Aug-2025 14:02:34 Europe/Berlin] Error in simple upload working: Unknown column 'TRANSCRIPT' in 'field list'
[14-Aug-2025 14:02:34 Europe/Berlin] Stack trace: #0 C:\xampp\htdocs\eris\simple-upload-working.php(123): mysqli_query(Object(mysqli), 'INSERT INTO tbl...')
#1 {main}
[14-Aug-2025 14:02:34 Europe/Berlin] === Simple Upload Working Ended ===
[02-Sep-2025 17:33:20 Europe/Berlin] === Simple Upload Working Started ===
[02-Sep-2025 17:33:20 Europe/Berlin] Request Method: POST
[02-Sep-2025 17:33:20 Europe/Berlin] POST Data: {"conversationTurn":"2","questionType":"essential_answer","currentEssentialQuestion":"0","duration":"8.946","token":"899e6e6ac987d22482c37030617dbc77314e5b8be37e6cd8f44263acc627a3ea","registrationId":"2","transcript":""}
[02-Sep-2025 17:33:20 Europe/Berlin] FILES Data: {"video":{"name":"conversation_turn_2_essential_answer.webm","full_path":"conversation_turn_2_essential_answer.webm","type":"video\/webm","tmp_name":"C:\\xampp\\tmp\\php352F.tmp","error":0,"size":615961}}
[02-Sep-2025 17:33:20 Europe/Berlin] Database connection successful
[02-Sep-2025 17:33:21 Europe/Berlin] Token received: 899e6e6ac987d22482c37030617dbc77314e5b8be37e6cd8f44263acc627a3ea
[02-Sep-2025 17:33:21 Europe/Berlin] Token validated successfully
[02-Sep-2025 17:33:21 Europe/Berlin] Moving file from C:\xampp\tmp\php352F.tmp to uploads/interviews/2/conversation_turn_2_essential_answer.webm
[02-Sep-2025 17:33:21 Europe/Berlin] Database SQL: INSERT INTO tblinterviewrecordings 
            (REGISTRATIONID, QUESTION_NUMBER, FILE_PATH, DURATION, RECORDED_AT, CONVERSATION_TURN, QUESTION_TYPE, TRANSCRIPT) 
            VALUES 
            ('2', 0, 'uploads/interviews/2/conversation_turn_2_essential_answer.webm', 8.946, NOW(), 2, 'essential_answer', '')
[02-Sep-2025 17:33:21 Europe/Berlin] Error in simple upload working: Unknown column 'TRANSCRIPT' in 'field list'
[02-Sep-2025 17:33:21 Europe/Berlin] Stack trace: #0 C:\xampp\htdocs\eris\simple-upload-working.php(123): mysqli_query(Object(mysqli), 'INSERT INTO tbl...')
#1 {main}
[02-Sep-2025 17:33:21 Europe/Berlin] === Simple Upload Working Ended ===
[02-Sep-2025 17:33:43 Europe/Berlin] === Simple Upload Working Started ===
[02-Sep-2025 17:33:43 Europe/Berlin] Request Method: POST
[02-Sep-2025 17:33:43 Europe/Berlin] POST Data: {"conversationTurn":"2","questionType":"essential_answer","currentEssentialQuestion":"1","duration":"4.883","token":"899e6e6ac987d22482c37030617dbc77314e5b8be37e6cd8f44263acc627a3ea","registrationId":"2","transcript":""}
[02-Sep-2025 17:33:43 Europe/Berlin] FILES Data: {"video":{"name":"conversation_turn_2_essential_answer.webm","full_path":"conversation_turn_2_essential_answer.webm","type":"video\/webm","tmp_name":"C:\\xampp\\tmp\\php8D04.tmp","error":0,"size":342320}}
[02-Sep-2025 17:33:43 Europe/Berlin] Database connection successful
[02-Sep-2025 17:33:43 Europe/Berlin] Token received: 899e6e6ac987d22482c37030617dbc77314e5b8be37e6cd8f44263acc627a3ea
[02-Sep-2025 17:33:43 Europe/Berlin] Token validated successfully
[02-Sep-2025 17:33:43 Europe/Berlin] Moving file from C:\xampp\tmp\php8D04.tmp to uploads/interviews/2/conversation_turn_2_essential_answer.webm
[02-Sep-2025 17:33:43 Europe/Berlin] Database SQL: INSERT INTO tblinterviewrecordings 
            (REGISTRATIONID, QUESTION_NUMBER, FILE_PATH, DURATION, RECORDED_AT, CONVERSATION_TURN, QUESTION_TYPE, TRANSCRIPT) 
            VALUES 
            ('2', 1, 'uploads/interviews/2/conversation_turn_2_essential_answer.webm', 4.883, NOW(), 2, 'essential_answer', '')
[02-Sep-2025 17:33:43 Europe/Berlin] Error in simple upload working: Unknown column 'TRANSCRIPT' in 'field list'
[02-Sep-2025 17:33:43 Europe/Berlin] Stack trace: #0 C:\xampp\htdocs\eris\simple-upload-working.php(123): mysqli_query(Object(mysqli), 'INSERT INTO tbl...')
#1 {main}
[02-Sep-2025 17:33:43 Europe/Berlin] === Simple Upload Working Ended ===
[03-Sep-2025 16:03:04 Europe/Berlin] === Simple Upload Working Started ===
[03-Sep-2025 16:03:04 Europe/Berlin] Request Method: POST
[03-Sep-2025 16:03:04 Europe/Berlin] POST Data: {"conversationTurn":"2","questionType":"essential_answer","currentEssentialQuestion":"0","duration":"13.056","token":"899e6e6ac987d22482c37030617dbc77314e5b8be37e6cd8f44263acc627a3ea","registrationId":"2","transcript":"okay"}
[03-Sep-2025 16:03:04 Europe/Berlin] FILES Data: {"video":{"name":"conversation_turn_2_essential_answer.webm","full_path":"conversation_turn_2_essential_answer.webm","type":"video\/webm","tmp_name":"C:\\xampp\\tmp\\php42A.tmp","error":0,"size":897855}}
[03-Sep-2025 16:03:04 Europe/Berlin] Database connection successful
[03-Sep-2025 16:03:04 Europe/Berlin] Token received: 899e6e6ac987d22482c37030617dbc77314e5b8be37e6cd8f44263acc627a3ea
[03-Sep-2025 16:03:04 Europe/Berlin] Token validated successfully
[03-Sep-2025 16:03:04 Europe/Berlin] Moving file from C:\xampp\tmp\php42A.tmp to uploads/interviews/2/conversation_turn_2_essential_answer.webm
[03-Sep-2025 16:03:04 Europe/Berlin] Database SQL: INSERT INTO tblinterviewrecordings 
            (REGISTRATIONID, QUESTION_NUMBER, FILE_PATH, DURATION, RECORDED_AT, CONVERSATION_TURN, QUESTION_TYPE, TRANSCRIPT) 
            VALUES 
            ('2', 0, 'uploads/interviews/2/conversation_turn_2_essential_answer.webm', 13.056, NOW(), 2, 'essential_answer', 'okay')
[03-Sep-2025 16:03:04 Europe/Berlin] Error in simple upload working: Unknown column 'TRANSCRIPT' in 'field list'
[03-Sep-2025 16:03:04 Europe/Berlin] Stack trace: #0 C:\xampp\htdocs\eris\simple-upload-working.php(123): mysqli_query(Object(mysqli), 'INSERT INTO tbl...')
#1 {main}
[03-Sep-2025 16:03:04 Europe/Berlin] === Simple Upload Working Ended ===
[03-Sep-2025 17:55:57 Europe/Berlin] === Simple Upload Working Started ===
[03-Sep-2025 17:55:57 Europe/Berlin] Request Method: POST
[03-Sep-2025 17:55:57 Europe/Berlin] POST Data: {"conversationTurn":"2","questionType":"essential_answer","currentEssentialQuestion":"0","duration":"6.829","token":"899e6e6ac987d22482c37030617dbc77314e5b8be37e6cd8f44263acc627a3ea","registrationId":"2","transcript":""}
[03-Sep-2025 17:55:57 Europe/Berlin] FILES Data: {"video":{"name":"conversation_turn_2_essential_answer.webm","full_path":"conversation_turn_2_essential_answer.webm","type":"video\/webm","tmp_name":"C:\\xampp\\tmp\\php5DEF.tmp","error":0,"size":472695}}
[03-Sep-2025 17:55:57 Europe/Berlin] Database connection successful
[03-Sep-2025 17:55:57 Europe/Berlin] Token received: 899e6e6ac987d22482c37030617dbc77314e5b8be37e6cd8f44263acc627a3ea
[03-Sep-2025 17:55:57 Europe/Berlin] Token validated successfully
[03-Sep-2025 17:55:57 Europe/Berlin] Moving file from C:\xampp\tmp\php5DEF.tmp to uploads/interviews/2/conversation_turn_2_essential_answer.webm
[03-Sep-2025 17:55:57 Europe/Berlin] Database SQL: INSERT INTO tblinterviewrecordings 
            (REGISTRATIONID, QUESTION_NUMBER, FILE_PATH, DURATION, RECORDED_AT, CONVERSATION_TURN, QUESTION_TYPE, TRANSCRIPT) 
            VALUES 
            ('2', 0, 'uploads/interviews/2/conversation_turn_2_essential_answer.webm', 6.829, NOW(), 2, 'essential_answer', '')
[03-Sep-2025 17:55:57 Europe/Berlin] Error in simple upload working: Unknown column 'TRANSCRIPT' in 'field list'
[03-Sep-2025 17:55:57 Europe/Berlin] Stack trace: #0 C:\xampp\htdocs\eris\simple-upload-working.php(123): mysqli_query(Object(mysqli), 'INSERT INTO tbl...')
#1 {main}
[03-Sep-2025 17:55:57 Europe/Berlin] === Simple Upload Working Ended ===
[03-Sep-2025 17:56:18 Europe/Berlin] === Simple Upload Working Started ===
[03-Sep-2025 17:56:18 Europe/Berlin] Request Method: POST
[03-Sep-2025 17:56:18 Europe/Berlin] POST Data: {"conversationTurn":"2","questionType":"essential_answer","currentEssentialQuestion":"1","duration":"2.07","token":"899e6e6ac987d22482c37030617dbc77314e5b8be37e6cd8f44263acc627a3ea","registrationId":"2","transcript":""}
[03-Sep-2025 17:56:18 Europe/Berlin] FILES Data: {"video":{"name":"conversation_turn_2_essential_answer.webm","full_path":"conversation_turn_2_essential_answer.webm","type":"video\/webm","tmp_name":"C:\\xampp\\tmp\\phpB075.tmp","error":0,"size":114608}}
[03-Sep-2025 17:56:18 Europe/Berlin] Database connection successful
[03-Sep-2025 17:56:18 Europe/Berlin] Token received: 899e6e6ac987d22482c37030617dbc77314e5b8be37e6cd8f44263acc627a3ea
[03-Sep-2025 17:56:18 Europe/Berlin] Token validated successfully
[03-Sep-2025 17:56:18 Europe/Berlin] Moving file from C:\xampp\tmp\phpB075.tmp to uploads/interviews/2/conversation_turn_2_essential_answer.webm
[03-Sep-2025 17:56:18 Europe/Berlin] Database SQL: INSERT INTO tblinterviewrecordings 
            (REGISTRATIONID, QUESTION_NUMBER, FILE_PATH, DURATION, RECORDED_AT, CONVERSATION_TURN, QUESTION_TYPE, TRANSCRIPT) 
            VALUES 
            ('2', 1, 'uploads/interviews/2/conversation_turn_2_essential_answer.webm', 2.07, NOW(), 2, 'essential_answer', '')
[03-Sep-2025 17:56:18 Europe/Berlin] Error in simple upload working: Unknown column 'TRANSCRIPT' in 'field list'
[03-Sep-2025 17:56:18 Europe/Berlin] Stack trace: #0 C:\xampp\htdocs\eris\simple-upload-working.php(123): mysqli_query(Object(mysqli), 'INSERT INTO tbl...')
#1 {main}
[03-Sep-2025 17:56:18 Europe/Berlin] === Simple Upload Working Ended ===
[03-Sep-2025 18:10:33 Europe/Berlin] === Simple Upload Working Started ===
[03-Sep-2025 18:10:33 Europe/Berlin] Request Method: POST
[03-Sep-2025 18:10:33 Europe/Berlin] POST Data: {"conversationTurn":"2","questionType":"essential_answer","currentEssentialQuestion":"0","duration":"5.135","token":"899e6e6ac987d22482c37030617dbc77314e5b8be37e6cd8f44263acc627a3ea","registrationId":"2","transcript":""}
[03-Sep-2025 18:10:33 Europe/Berlin] FILES Data: {"video":{"name":"conversation_turn_2_essential_answer.webm","full_path":"conversation_turn_2_essential_answer.webm","type":"video\/webm","tmp_name":"C:\\xampp\\tmp\\phpBAC7.tmp","error":0,"size":355054}}
[03-Sep-2025 18:10:33 Europe/Berlin] Database connection successful
[03-Sep-2025 18:10:33 Europe/Berlin] Token received: 899e6e6ac987d22482c37030617dbc77314e5b8be37e6cd8f44263acc627a3ea
[03-Sep-2025 18:10:33 Europe/Berlin] Token validated successfully
[03-Sep-2025 18:10:33 Europe/Berlin] Moving file from C:\xampp\tmp\phpBAC7.tmp to uploads/interviews/2/conversation_turn_2_essential_answer.webm
[03-Sep-2025 18:10:33 Europe/Berlin] Database SQL: INSERT INTO tblinterviewrecordings 
            (REGISTRATIONID, QUESTION_NUMBER, FILE_PATH, DURATION, RECORDED_AT, CONVERSATION_TURN, QUESTION_TYPE, TRANSCRIPT) 
            VALUES 
            ('2', 0, 'uploads/interviews/2/conversation_turn_2_essential_answer.webm', 5.135, NOW(), 2, 'essential_answer', '')
[03-Sep-2025 18:10:33 Europe/Berlin] Upload completed successfully
[03-Sep-2025 18:10:33 Europe/Berlin] === Simple Upload Working Ended ===
[03-Sep-2025 18:10:50 Europe/Berlin] === Simple Upload Working Started ===
[03-Sep-2025 18:10:50 Europe/Berlin] Request Method: POST
[03-Sep-2025 18:10:50 Europe/Berlin] POST Data: {"conversationTurn":"2","questionType":"essential_answer","currentEssentialQuestion":"1","duration":"1.981","token":"899e6e6ac987d22482c37030617dbc77314e5b8be37e6cd8f44263acc627a3ea","registrationId":"2","transcript":""}
[03-Sep-2025 18:10:50 Europe/Berlin] FILES Data: {"video":{"name":"conversation_turn_2_essential_answer.webm","full_path":"conversation_turn_2_essential_answer.webm","type":"video\/webm","tmp_name":"C:\\xampp\\tmp\\phpFF73.tmp","error":0,"size":99934}}
[03-Sep-2025 18:10:50 Europe/Berlin] Database connection successful
[03-Sep-2025 18:10:50 Europe/Berlin] Token received: 899e6e6ac987d22482c37030617dbc77314e5b8be37e6cd8f44263acc627a3ea
[03-Sep-2025 18:10:50 Europe/Berlin] Token validated successfully
[03-Sep-2025 18:10:50 Europe/Berlin] Moving file from C:\xampp\tmp\phpFF73.tmp to uploads/interviews/2/conversation_turn_2_essential_answer.webm
[03-Sep-2025 18:10:50 Europe/Berlin] Database SQL: INSERT INTO tblinterviewrecordings 
            (REGISTRATIONID, QUESTION_NUMBER, FILE_PATH, DURATION, RECORDED_AT, CONVERSATION_TURN, QUESTION_TYPE, TRANSCRIPT) 
            VALUES 
            ('2', 1, 'uploads/interviews/2/conversation_turn_2_essential_answer.webm', 1.981, NOW(), 2, 'essential_answer', '')
[03-Sep-2025 18:10:50 Europe/Berlin] Upload completed successfully
[03-Sep-2025 18:10:50 Europe/Berlin] === Simple Upload Working Ended ===
[04-Sep-2025 00:43:46 Europe/Berlin] === Simple Upload Working Started ===
[04-Sep-2025 00:43:46 Europe/Berlin] Request Method: POST
[04-Sep-2025 00:43:46 Europe/Berlin] POST Data: {"conversationTurn":"2","questionType":"essential_answer","currentEssentialQuestion":"0","duration":"20.092","token":"5f706a6cc1f8c66927ee52833cb26474cbac69644030779807370875ca350540","registrationId":"3","transcript":""}
[04-Sep-2025 00:43:46 Europe/Berlin] FILES Data: {"video":{"name":"conversation_turn_2_essential_answer.webm","full_path":"conversation_turn_2_essential_answer.webm","type":"video\/webm","tmp_name":"C:\\xampp\\tmp\\phpBA37.tmp","error":0,"size":1383478}}
[04-Sep-2025 00:43:46 Europe/Berlin] Database connection successful
[04-Sep-2025 00:43:46 Europe/Berlin] Token received: 5f706a6cc1f8c66927ee52833cb26474cbac69644030779807370875ca350540
[04-Sep-2025 00:43:46 Europe/Berlin] Token validated successfully
[04-Sep-2025 00:43:46 Europe/Berlin] Moving file from C:\xampp\tmp\phpBA37.tmp to uploads/interviews/3/conversation_turn_2_essential_answer.webm
[04-Sep-2025 00:43:46 Europe/Berlin] Database SQL: INSERT INTO tblinterviewrecordings 
            (REGISTRATIONID, QUESTION_NUMBER, FILE_PATH, DURATION, RECORDED_AT, CONVERSATION_TURN, QUESTION_TYPE, TRANSCRIPT) 
            VALUES 
            ('3', 0, 'uploads/interviews/3/conversation_turn_2_essential_answer.webm', 20.092, NOW(), 2, 'essential_answer', '')
[04-Sep-2025 00:43:46 Europe/Berlin] Upload completed successfully
[04-Sep-2025 00:43:46 Europe/Berlin] === Simple Upload Working Ended ===
[04-Sep-2025 00:44:13 Europe/Berlin] === Simple Upload Working Started ===
[04-Sep-2025 00:44:13 Europe/Berlin] Request Method: POST
[04-Sep-2025 00:44:13 Europe/Berlin] POST Data: {"conversationTurn":"3","questionType":"essential_answer","currentEssentialQuestion":"1","duration":"8.463","token":"5f706a6cc1f8c66927ee52833cb26474cbac69644030779807370875ca350540","registrationId":"3","transcript":""}
[04-Sep-2025 00:44:13 Europe/Berlin] FILES Data: {"video":{"name":"conversation_turn_3_essential_answer.webm","full_path":"conversation_turn_3_essential_answer.webm","type":"video\/webm","tmp_name":"C:\\xampp\\tmp\\php2565.tmp","error":0,"size":589347}}
[04-Sep-2025 00:44:13 Europe/Berlin] Database connection successful
[04-Sep-2025 00:44:13 Europe/Berlin] Token received: 5f706a6cc1f8c66927ee52833cb26474cbac69644030779807370875ca350540
[04-Sep-2025 00:44:13 Europe/Berlin] Token validated successfully
[04-Sep-2025 00:44:13 Europe/Berlin] Moving file from C:\xampp\tmp\php2565.tmp to uploads/interviews/3/conversation_turn_3_essential_answer.webm
[04-Sep-2025 00:44:13 Europe/Berlin] Database SQL: INSERT INTO tblinterviewrecordings 
            (REGISTRATIONID, QUESTION_NUMBER, FILE_PATH, DURATION, RECORDED_AT, CONVERSATION_TURN, QUESTION_TYPE, TRANSCRIPT) 
            VALUES 
            ('3', 1, 'uploads/interviews/3/conversation_turn_3_essential_answer.webm', 8.463, NOW(), 3, 'essential_answer', '')
[04-Sep-2025 00:44:13 Europe/Berlin] Upload completed successfully
[04-Sep-2025 00:44:13 Europe/Berlin] === Simple Upload Working Ended ===
[04-Sep-2025 00:44:52 Europe/Berlin] === Simple Upload Working Started ===
[04-Sep-2025 00:44:52 Europe/Berlin] Request Method: POST
[04-Sep-2025 00:44:52 Europe/Berlin] POST Data: {"conversationTurn":"4","questionType":"essential_answer","currentEssentialQuestion":"2","duration":"17.124","token":"5f706a6cc1f8c66927ee52833cb26474cbac69644030779807370875ca350540","registrationId":"3","transcript":""}
[04-Sep-2025 00:44:52 Europe/Berlin] FILES Data: {"video":{"name":"conversation_turn_4_essential_answer.webm","full_path":"conversation_turn_4_essential_answer.webm","type":"video\/webm","tmp_name":"C:\\xampp\\tmp\\phpBE4B.tmp","error":0,"size":1196166}}
[04-Sep-2025 00:44:52 Europe/Berlin] Database connection successful
[04-Sep-2025 00:44:52 Europe/Berlin] Token received: 5f706a6cc1f8c66927ee52833cb26474cbac69644030779807370875ca350540
[04-Sep-2025 00:44:52 Europe/Berlin] Token validated successfully
[04-Sep-2025 00:44:52 Europe/Berlin] Moving file from C:\xampp\tmp\phpBE4B.tmp to uploads/interviews/3/conversation_turn_4_essential_answer.webm
[04-Sep-2025 00:44:52 Europe/Berlin] Database SQL: INSERT INTO tblinterviewrecordings 
            (REGISTRATIONID, QUESTION_NUMBER, FILE_PATH, DURATION, RECORDED_AT, CONVERSATION_TURN, QUESTION_TYPE, TRANSCRIPT) 
            VALUES 
            ('3', 2, 'uploads/interviews/3/conversation_turn_4_essential_answer.webm', 17.124, NOW(), 4, 'essential_answer', '')
[04-Sep-2025 00:44:52 Europe/Berlin] Upload completed successfully
[04-Sep-2025 00:44:52 Europe/Berlin] === Simple Upload Working Ended ===
[04-Sep-2025 00:45:27 Europe/Berlin] === Simple Upload Working Started ===
[04-Sep-2025 00:45:27 Europe/Berlin] Request Method: POST
[04-Sep-2025 00:45:27 Europe/Berlin] POST Data: {"conversationTurn":"5","questionType":"essential_answer","currentEssentialQuestion":"3","duration":"15.717","token":"5f706a6cc1f8c66927ee52833cb26474cbac69644030779807370875ca350540","registrationId":"3","transcript":""}
[04-Sep-2025 00:45:27 Europe/Berlin] FILES Data: {"video":{"name":"conversation_turn_5_essential_answer.webm","full_path":"conversation_turn_5_essential_answer.webm","type":"video\/webm","tmp_name":"C:\\xampp\\tmp\\php45EB.tmp","error":0,"size":1086532}}
[04-Sep-2025 00:45:27 Europe/Berlin] Database connection successful
[04-Sep-2025 00:45:27 Europe/Berlin] Token received: 5f706a6cc1f8c66927ee52833cb26474cbac69644030779807370875ca350540
[04-Sep-2025 00:45:27 Europe/Berlin] Token validated successfully
[04-Sep-2025 00:45:27 Europe/Berlin] Moving file from C:\xampp\tmp\php45EB.tmp to uploads/interviews/3/conversation_turn_5_essential_answer.webm
[04-Sep-2025 00:45:27 Europe/Berlin] Database SQL: INSERT INTO tblinterviewrecordings 
            (REGISTRATIONID, QUESTION_NUMBER, FILE_PATH, DURATION, RECORDED_AT, CONVERSATION_TURN, QUESTION_TYPE, TRANSCRIPT) 
            VALUES 
            ('3', 3, 'uploads/interviews/3/conversation_turn_5_essential_answer.webm', 15.717, NOW(), 5, 'essential_answer', '')
[04-Sep-2025 00:45:27 Europe/Berlin] Upload completed successfully
[04-Sep-2025 00:45:27 Europe/Berlin] === Simple Upload Working Ended ===
[04-Sep-2025 00:45:56 Europe/Berlin] === Simple Upload Working Started ===
[04-Sep-2025 00:45:56 Europe/Berlin] Request Method: POST
[04-Sep-2025 00:45:56 Europe/Berlin] POST Data: {"conversationTurn":"6","questionType":"essential_answer","currentEssentialQuestion":"4","duration":"8.228","token":"5f706a6cc1f8c66927ee52833cb26474cbac69644030779807370875ca350540","registrationId":"3","transcript":""}
[04-Sep-2025 00:45:56 Europe/Berlin] FILES Data: {"video":{"name":"conversation_turn_6_essential_answer.webm","full_path":"conversation_turn_6_essential_answer.webm","type":"video\/webm","tmp_name":"C:\\xampp\\tmp\\phpB59E.tmp","error":0,"size":568941}}
[04-Sep-2025 00:45:56 Europe/Berlin] Database connection successful
[04-Sep-2025 00:45:56 Europe/Berlin] Token received: 5f706a6cc1f8c66927ee52833cb26474cbac69644030779807370875ca350540
[04-Sep-2025 00:45:56 Europe/Berlin] Token validated successfully
[04-Sep-2025 00:45:56 Europe/Berlin] Moving file from C:\xampp\tmp\phpB59E.tmp to uploads/interviews/3/conversation_turn_6_essential_answer.webm
[04-Sep-2025 00:45:56 Europe/Berlin] Database SQL: INSERT INTO tblinterviewrecordings 
            (REGISTRATIONID, QUESTION_NUMBER, FILE_PATH, DURATION, RECORDED_AT, CONVERSATION_TURN, QUESTION_TYPE, TRANSCRIPT) 
            VALUES 
            ('3', 4, 'uploads/interviews/3/conversation_turn_6_essential_answer.webm', 8.228, NOW(), 6, 'essential_answer', '')
[04-Sep-2025 00:45:56 Europe/Berlin] Upload completed successfully
[04-Sep-2025 00:45:56 Europe/Berlin] === Simple Upload Working Ended ===
[04-Sep-2025 00:46:24 Europe/Berlin] === Simple Upload Working Started ===
[04-Sep-2025 00:46:24 Europe/Berlin] Request Method: POST
[04-Sep-2025 00:46:24 Europe/Berlin] POST Data: {"conversationTurn":"7","questionType":"essential_answer","currentEssentialQuestion":"5","duration":"9.514","token":"5f706a6cc1f8c66927ee52833cb26474cbac69644030779807370875ca350540","registrationId":"3","transcript":""}
[04-Sep-2025 00:46:24 Europe/Berlin] FILES Data: {"video":{"name":"conversation_turn_7_essential_answer.webm","full_path":"conversation_turn_7_essential_answer.webm","type":"video\/webm","tmp_name":"C:\\xampp\\tmp\\php231E.tmp","error":0,"size":657539}}
[04-Sep-2025 00:46:24 Europe/Berlin] Database connection successful
[04-Sep-2025 00:46:24 Europe/Berlin] Token received: 5f706a6cc1f8c66927ee52833cb26474cbac69644030779807370875ca350540
[04-Sep-2025 00:46:24 Europe/Berlin] Token validated successfully
[04-Sep-2025 00:46:24 Europe/Berlin] Moving file from C:\xampp\tmp\php231E.tmp to uploads/interviews/3/conversation_turn_7_essential_answer.webm
[04-Sep-2025 00:46:24 Europe/Berlin] Database SQL: INSERT INTO tblinterviewrecordings 
            (REGISTRATIONID, QUESTION_NUMBER, FILE_PATH, DURATION, RECORDED_AT, CONVERSATION_TURN, QUESTION_TYPE, TRANSCRIPT) 
            VALUES 
            ('3', 5, 'uploads/interviews/3/conversation_turn_7_essential_answer.webm', 9.514, NOW(), 7, 'essential_answer', '')
[04-Sep-2025 00:46:24 Europe/Berlin] Upload completed successfully
[04-Sep-2025 00:46:24 Europe/Berlin] === Simple Upload Working Ended ===
[04-Sep-2025 00:46:52 Europe/Berlin] === Simple Upload Working Started ===
[04-Sep-2025 00:46:52 Europe/Berlin] Request Method: POST
[04-Sep-2025 00:46:52 Europe/Berlin] POST Data: {"conversationTurn":"8","questionType":"essential_answer","currentEssentialQuestion":"6","duration":"8.585","token":"5f706a6cc1f8c66927ee52833cb26474cbac69644030779807370875ca350540","registrationId":"3","transcript":""}
[04-Sep-2025 00:46:52 Europe/Berlin] FILES Data: {"video":{"name":"conversation_turn_8_essential_answer.webm","full_path":"conversation_turn_8_essential_answer.webm","type":"video\/webm","tmp_name":"C:\\xampp\\tmp\\php908E.tmp","error":0,"size":597629}}
[04-Sep-2025 00:46:52 Europe/Berlin] Database connection successful
[04-Sep-2025 00:46:52 Europe/Berlin] Token received: 5f706a6cc1f8c66927ee52833cb26474cbac69644030779807370875ca350540
[04-Sep-2025 00:46:52 Europe/Berlin] Token validated successfully
[04-Sep-2025 00:46:52 Europe/Berlin] Moving file from C:\xampp\tmp\php908E.tmp to uploads/interviews/3/conversation_turn_8_essential_answer.webm
[04-Sep-2025 00:46:52 Europe/Berlin] Database SQL: INSERT INTO tblinterviewrecordings 
            (REGISTRATIONID, QUESTION_NUMBER, FILE_PATH, DURATION, RECORDED_AT, CONVERSATION_TURN, QUESTION_TYPE, TRANSCRIPT) 
            VALUES 
            ('3', 6, 'uploads/interviews/3/conversation_turn_8_essential_answer.webm', 8.585, NOW(), 8, 'essential_answer', '')
[04-Sep-2025 00:46:52 Europe/Berlin] Upload completed successfully
[04-Sep-2025 00:46:52 Europe/Berlin] === Simple Upload Working Ended ===
[04-Sep-2025 00:55:07 Europe/Berlin] === Simple Upload Working Started ===
[04-Sep-2025 00:55:07 Europe/Berlin] Request Method: POST
[04-Sep-2025 00:55:07 Europe/Berlin] POST Data: {"conversationTurn":"2","questionType":"essential_answer","currentEssentialQuestion":"0","duration":"13.765","token":"5f706a6cc1f8c66927ee52833cb26474cbac69644030779807370875ca350540","registrationId":"3","transcript":""}
[04-Sep-2025 00:55:07 Europe/Berlin] FILES Data: {"video":{"name":"conversation_turn_2_essential_answer.webm","full_path":"conversation_turn_2_essential_answer.webm","type":"video\/webm","tmp_name":"C:\\xampp\\tmp\\php2135.tmp","error":0,"size":945781}}
[04-Sep-2025 00:55:07 Europe/Berlin] Database connection successful
[04-Sep-2025 00:55:07 Europe/Berlin] Token received: 5f706a6cc1f8c66927ee52833cb26474cbac69644030779807370875ca350540
[04-Sep-2025 00:55:07 Europe/Berlin] Token validated successfully
[04-Sep-2025 00:55:07 Europe/Berlin] Moving file from C:\xampp\tmp\php2135.tmp to uploads/interviews/3/conversation_turn_2_essential_answer.webm
[04-Sep-2025 00:55:07 Europe/Berlin] Database SQL: INSERT INTO tblinterviewrecordings 
            (REGISTRATIONID, QUESTION_NUMBER, FILE_PATH, DURATION, RECORDED_AT, CONVERSATION_TURN, QUESTION_TYPE, TRANSCRIPT) 
            VALUES 
            ('3', 0, 'uploads/interviews/3/conversation_turn_2_essential_answer.webm', 13.765, NOW(), 2, 'essential_answer', '')
[04-Sep-2025 00:55:07 Europe/Berlin] Upload completed successfully
[04-Sep-2025 00:55:07 Europe/Berlin] === Simple Upload Working Ended ===
[04-Sep-2025 00:55:33 Europe/Berlin] === Simple Upload Working Started ===
[04-Sep-2025 00:55:33 Europe/Berlin] Request Method: POST
[04-Sep-2025 00:55:33 Europe/Berlin] POST Data: {"conversationTurn":"3","questionType":"essential_answer","currentEssentialQuestion":"1","duration":"6.123","token":"5f706a6cc1f8c66927ee52833cb26474cbac69644030779807370875ca350540","registrationId":"3","transcript":""}
[04-Sep-2025 00:55:33 Europe/Berlin] FILES Data: {"video":{"name":"conversation_turn_3_essential_answer.webm","full_path":"conversation_turn_3_essential_answer.webm","type":"video\/webm","tmp_name":"C:\\xampp\\tmp\\php83C8.tmp","error":0,"size":426580}}
[04-Sep-2025 00:55:33 Europe/Berlin] Database connection successful
[04-Sep-2025 00:55:33 Europe/Berlin] Token received: 5f706a6cc1f8c66927ee52833cb26474cbac69644030779807370875ca350540
[04-Sep-2025 00:55:33 Europe/Berlin] Token validated successfully
[04-Sep-2025 00:55:33 Europe/Berlin] Moving file from C:\xampp\tmp\php83C8.tmp to uploads/interviews/3/conversation_turn_3_essential_answer.webm
[04-Sep-2025 00:55:33 Europe/Berlin] Database SQL: INSERT INTO tblinterviewrecordings 
            (REGISTRATIONID, QUESTION_NUMBER, FILE_PATH, DURATION, RECORDED_AT, CONVERSATION_TURN, QUESTION_TYPE, TRANSCRIPT) 
            VALUES 
            ('3', 1, 'uploads/interviews/3/conversation_turn_3_essential_answer.webm', 6.123, NOW(), 3, 'essential_answer', '')
[04-Sep-2025 00:55:33 Europe/Berlin] Upload completed successfully
[04-Sep-2025 00:55:33 Europe/Berlin] === Simple Upload Working Ended ===
[04-Sep-2025 00:56:09 Europe/Berlin] === Simple Upload Working Started ===
[04-Sep-2025 00:56:09 Europe/Berlin] Request Method: POST
[04-Sep-2025 00:56:09 Europe/Berlin] POST Data: {"conversationTurn":"4","questionType":"essential_answer","currentEssentialQuestion":"2","duration":"15.265","token":"5f706a6cc1f8c66927ee52833cb26474cbac69644030779807370875ca350540","registrationId":"3","transcript":""}
[04-Sep-2025 00:56:09 Europe/Berlin] FILES Data: {"video":{"name":"conversation_turn_4_essential_answer.webm","full_path":"conversation_turn_4_essential_answer.webm","type":"video\/webm","tmp_name":"C:\\xampp\\tmp\\php11C1.tmp","error":0,"size":1054398}}
[04-Sep-2025 00:56:09 Europe/Berlin] Database connection successful
[04-Sep-2025 00:56:09 Europe/Berlin] Token received: 5f706a6cc1f8c66927ee52833cb26474cbac69644030779807370875ca350540
[04-Sep-2025 00:56:09 Europe/Berlin] Token validated successfully
[04-Sep-2025 00:56:09 Europe/Berlin] Moving file from C:\xampp\tmp\php11C1.tmp to uploads/interviews/3/conversation_turn_4_essential_answer.webm
[04-Sep-2025 00:56:09 Europe/Berlin] Database SQL: INSERT INTO tblinterviewrecordings 
            (REGISTRATIONID, QUESTION_NUMBER, FILE_PATH, DURATION, RECORDED_AT, CONVERSATION_TURN, QUESTION_TYPE, TRANSCRIPT) 
            VALUES 
            ('3', 2, 'uploads/interviews/3/conversation_turn_4_essential_answer.webm', 15.265, NOW(), 4, 'essential_answer', '')
[04-Sep-2025 00:56:09 Europe/Berlin] Upload completed successfully
[04-Sep-2025 00:56:09 Europe/Berlin] === Simple Upload Working Ended ===
[04-Sep-2025 00:56:42 Europe/Berlin] === Simple Upload Working Started ===
[04-Sep-2025 00:56:42 Europe/Berlin] Request Method: POST
[04-Sep-2025 00:56:42 Europe/Berlin] POST Data: {"conversationTurn":"5","questionType":"essential_answer","currentEssentialQuestion":"3","duration":"12.301","token":"5f706a6cc1f8c66927ee52833cb26474cbac69644030779807370875ca350540","registrationId":"3","transcript":""}
[04-Sep-2025 00:56:42 Europe/Berlin] FILES Data: {"video":{"name":"conversation_turn_5_essential_answer.webm","full_path":"conversation_turn_5_essential_answer.webm","type":"video\/webm","tmp_name":"C:\\xampp\\tmp\\php92B9.tmp","error":0,"size":850914}}
[04-Sep-2025 00:56:42 Europe/Berlin] Database connection successful
[04-Sep-2025 00:56:42 Europe/Berlin] Token received: 5f706a6cc1f8c66927ee52833cb26474cbac69644030779807370875ca350540
[04-Sep-2025 00:56:42 Europe/Berlin] Token validated successfully
[04-Sep-2025 00:56:42 Europe/Berlin] Moving file from C:\xampp\tmp\php92B9.tmp to uploads/interviews/3/conversation_turn_5_essential_answer.webm
[04-Sep-2025 00:56:42 Europe/Berlin] Database SQL: INSERT INTO tblinterviewrecordings 
            (REGISTRATIONID, QUESTION_NUMBER, FILE_PATH, DURATION, RECORDED_AT, CONVERSATION_TURN, QUESTION_TYPE, TRANSCRIPT) 
            VALUES 
            ('3', 3, 'uploads/interviews/3/conversation_turn_5_essential_answer.webm', 12.301, NOW(), 5, 'essential_answer', '')
[04-Sep-2025 00:56:42 Europe/Berlin] Upload completed successfully
[04-Sep-2025 00:56:42 Europe/Berlin] === Simple Upload Working Ended ===
[04-Sep-2025 00:57:15 Europe/Berlin] === Simple Upload Working Started ===
[04-Sep-2025 00:57:15 Europe/Berlin] Request Method: POST
[04-Sep-2025 00:57:15 Europe/Berlin] POST Data: {"conversationTurn":"6","questionType":"essential_answer","currentEssentialQuestion":"4","duration":"12.595","token":"5f706a6cc1f8c66927ee52833cb26474cbac69644030779807370875ca350540","registrationId":"3","transcript":""}
[04-Sep-2025 00:57:15 Europe/Berlin] FILES Data: {"video":{"name":"conversation_turn_6_essential_answer.webm","full_path":"conversation_turn_6_essential_answer.webm","type":"video\/webm","tmp_name":"C:\\xampp\\tmp\\php126A.tmp","error":0,"size":869874}}
[04-Sep-2025 00:57:15 Europe/Berlin] Database connection successful
[04-Sep-2025 00:57:15 Europe/Berlin] Token received: 5f706a6cc1f8c66927ee52833cb26474cbac69644030779807370875ca350540
[04-Sep-2025 00:57:15 Europe/Berlin] Token validated successfully
[04-Sep-2025 00:57:15 Europe/Berlin] Moving file from C:\xampp\tmp\php126A.tmp to uploads/interviews/3/conversation_turn_6_essential_answer.webm
[04-Sep-2025 00:57:15 Europe/Berlin] Database SQL: INSERT INTO tblinterviewrecordings 
            (REGISTRATIONID, QUESTION_NUMBER, FILE_PATH, DURATION, RECORDED_AT, CONVERSATION_TURN, QUESTION_TYPE, TRANSCRIPT) 
            VALUES 
            ('3', 4, 'uploads/interviews/3/conversation_turn_6_essential_answer.webm', 12.595, NOW(), 6, 'essential_answer', '')
[04-Sep-2025 00:57:15 Europe/Berlin] Upload completed successfully
[04-Sep-2025 00:57:15 Europe/Berlin] === Simple Upload Working Ended ===
[04-Sep-2025 00:57:45 Europe/Berlin] === Simple Upload Working Started ===
[04-Sep-2025 00:57:45 Europe/Berlin] Request Method: POST
[04-Sep-2025 00:57:45 Europe/Berlin] POST Data: {"conversationTurn":"7","questionType":"essential_answer","currentEssentialQuestion":"5","duration":"11.91","token":"5f706a6cc1f8c66927ee52833cb26474cbac69644030779807370875ca350540","registrationId":"3","transcript":""}
[04-Sep-2025 00:57:45 Europe/Berlin] FILES Data: {"video":{"name":"conversation_turn_7_essential_answer.webm","full_path":"conversation_turn_7_essential_answer.webm","type":"video\/webm","tmp_name":"C:\\xampp\\tmp\\php8A2B.tmp","error":0,"size":821749}}
[04-Sep-2025 00:57:45 Europe/Berlin] Database connection successful
[04-Sep-2025 00:57:45 Europe/Berlin] Token received: 5f706a6cc1f8c66927ee52833cb26474cbac69644030779807370875ca350540
[04-Sep-2025 00:57:45 Europe/Berlin] Token validated successfully
[04-Sep-2025 00:57:45 Europe/Berlin] Moving file from C:\xampp\tmp\php8A2B.tmp to uploads/interviews/3/conversation_turn_7_essential_answer.webm
[04-Sep-2025 00:57:45 Europe/Berlin] Database SQL: INSERT INTO tblinterviewrecordings 
            (REGISTRATIONID, QUESTION_NUMBER, FILE_PATH, DURATION, RECORDED_AT, CONVERSATION_TURN, QUESTION_TYPE, TRANSCRIPT) 
            VALUES 
            ('3', 5, 'uploads/interviews/3/conversation_turn_7_essential_answer.webm', 11.91, NOW(), 7, 'essential_answer', '')
[04-Sep-2025 00:57:45 Europe/Berlin] Upload completed successfully
[04-Sep-2025 00:57:45 Europe/Berlin] === Simple Upload Working Ended ===
[04-Sep-2025 00:58:11 Europe/Berlin] === Simple Upload Working Started ===
[04-Sep-2025 00:58:11 Europe/Berlin] Request Method: POST
[04-Sep-2025 00:58:11 Europe/Berlin] POST Data: {"conversationTurn":"8","questionType":"essential_answer","currentEssentialQuestion":"6","duration":"6.615","token":"5f706a6cc1f8c66927ee52833cb26474cbac69644030779807370875ca350540","registrationId":"3","transcript":""}
[04-Sep-2025 00:58:11 Europe/Berlin] FILES Data: {"video":{"name":"conversation_turn_8_essential_answer.webm","full_path":"conversation_turn_8_essential_answer.webm","type":"video\/webm","tmp_name":"C:\\xampp\\tmp\\phpEEE1.tmp","error":0,"size":459520}}
[04-Sep-2025 00:58:11 Europe/Berlin] Database connection successful
[04-Sep-2025 00:58:11 Europe/Berlin] Token received: 5f706a6cc1f8c66927ee52833cb26474cbac69644030779807370875ca350540
[04-Sep-2025 00:58:11 Europe/Berlin] Token validated successfully
[04-Sep-2025 00:58:11 Europe/Berlin] Moving file from C:\xampp\tmp\phpEEE1.tmp to uploads/interviews/3/conversation_turn_8_essential_answer.webm
[04-Sep-2025 00:58:11 Europe/Berlin] Database SQL: INSERT INTO tblinterviewrecordings 
            (REGISTRATIONID, QUESTION_NUMBER, FILE_PATH, DURATION, RECORDED_AT, CONVERSATION_TURN, QUESTION_TYPE, TRANSCRIPT) 
            VALUES 
            ('3', 6, 'uploads/interviews/3/conversation_turn_8_essential_answer.webm', 6.615, NOW(), 8, 'essential_answer', '')
[04-Sep-2025 00:58:11 Europe/Berlin] Upload completed successfully
[04-Sep-2025 00:58:11 Europe/Berlin] === Simple Upload Working Ended ===
[04-Sep-2025 01:48:04 Europe/Berlin] === Simple Upload Working Started ===
[04-Sep-2025 01:48:04 Europe/Berlin] Request Method: POST
[04-Sep-2025 01:48:04 Europe/Berlin] POST Data: {"conversationTurn":"2","questionType":"essential_answer","currentEssentialQuestion":"0","duration":"7.503","token":"822be630d1f9d890c597fc9dd8e60a0c9ae3555a07780c74730ab4571d7dfdf7","registrationId":"2","transcript":""}
[04-Sep-2025 01:48:04 Europe/Berlin] FILES Data: {"video":{"name":"conversation_turn_2_essential_answer.webm","full_path":"conversation_turn_2_essential_answer.webm","type":"video\/webm","tmp_name":"C:\\xampp\\tmp\\php9B25.tmp","error":0,"size":530378}}
[04-Sep-2025 01:48:04 Europe/Berlin] Database connection successful
[04-Sep-2025 01:48:04 Europe/Berlin] Token received: 822be630d1f9d890c597fc9dd8e60a0c9ae3555a07780c74730ab4571d7dfdf7
[04-Sep-2025 01:48:04 Europe/Berlin] Token validated successfully
[04-Sep-2025 01:48:04 Europe/Berlin] Moving file from C:\xampp\tmp\php9B25.tmp to uploads/interviews/2/conversation_turn_2_essential_answer.webm
[04-Sep-2025 01:48:04 Europe/Berlin] Database SQL: INSERT INTO tblinterviewrecordings 
            (REGISTRATIONID, QUESTION_NUMBER, FILE_PATH, DURATION, RECORDED_AT, CONVERSATION_TURN, QUESTION_TYPE, TRANSCRIPT) 
            VALUES 
            ('2', 0, 'uploads/interviews/2/conversation_turn_2_essential_answer.webm', 7.503, NOW(), 2, 'essential_answer', '')
[04-Sep-2025 01:48:04 Europe/Berlin] Upload completed successfully
[04-Sep-2025 01:48:04 Europe/Berlin] === Simple Upload Working Ended ===
[04-Sep-2025 01:48:35 Europe/Berlin] === Simple Upload Working Started ===
[04-Sep-2025 01:48:35 Europe/Berlin] Request Method: POST
[04-Sep-2025 01:48:35 Europe/Berlin] POST Data: {"conversationTurn":"3","questionType":"essential_answer","currentEssentialQuestion":"1","duration":"9.904","token":"822be630d1f9d890c597fc9dd8e60a0c9ae3555a07780c74730ab4571d7dfdf7","registrationId":"2","transcript":""}
[04-Sep-2025 01:48:35 Europe/Berlin] FILES Data: {"video":{"name":"conversation_turn_3_essential_answer.webm","full_path":"conversation_turn_3_essential_answer.webm","type":"video\/webm","tmp_name":"C:\\xampp\\tmp\\php148C.tmp","error":0,"size":689711}}
[04-Sep-2025 01:48:35 Europe/Berlin] Database connection successful
[04-Sep-2025 01:48:35 Europe/Berlin] Token received: 822be630d1f9d890c597fc9dd8e60a0c9ae3555a07780c74730ab4571d7dfdf7
[04-Sep-2025 01:48:35 Europe/Berlin] Token validated successfully
[04-Sep-2025 01:48:35 Europe/Berlin] Moving file from C:\xampp\tmp\php148C.tmp to uploads/interviews/2/conversation_turn_3_essential_answer.webm
[04-Sep-2025 01:48:35 Europe/Berlin] Database SQL: INSERT INTO tblinterviewrecordings 
            (REGISTRATIONID, QUESTION_NUMBER, FILE_PATH, DURATION, RECORDED_AT, CONVERSATION_TURN, QUESTION_TYPE, TRANSCRIPT) 
            VALUES 
            ('2', 1, 'uploads/interviews/2/conversation_turn_3_essential_answer.webm', 9.904, NOW(), 3, 'essential_answer', '')
[04-Sep-2025 01:48:35 Europe/Berlin] Upload completed successfully
[04-Sep-2025 01:48:35 Europe/Berlin] === Simple Upload Working Ended ===
[04-Sep-2025 01:49:04 Europe/Berlin] === Simple Upload Working Started ===
[04-Sep-2025 01:49:04 Europe/Berlin] Request Method: POST
[04-Sep-2025 01:49:04 Europe/Berlin] POST Data: {"conversationTurn":"4","questionType":"essential_answer","currentEssentialQuestion":"2","duration":"5.887","token":"822be630d1f9d890c597fc9dd8e60a0c9ae3555a07780c74730ab4571d7dfdf7","registrationId":"2","transcript":""}
[04-Sep-2025 01:49:04 Europe/Berlin] FILES Data: {"video":{"name":"conversation_turn_4_essential_answer.webm","full_path":"conversation_turn_4_essential_answer.webm","type":"video\/webm","tmp_name":"C:\\xampp\\tmp\\php8578.tmp","error":0,"size":410928}}
[04-Sep-2025 01:49:04 Europe/Berlin] Database connection successful
[04-Sep-2025 01:49:04 Europe/Berlin] Token received: 822be630d1f9d890c597fc9dd8e60a0c9ae3555a07780c74730ab4571d7dfdf7
[04-Sep-2025 01:49:04 Europe/Berlin] Token validated successfully
[04-Sep-2025 01:49:04 Europe/Berlin] Moving file from C:\xampp\tmp\php8578.tmp to uploads/interviews/2/conversation_turn_4_essential_answer.webm
[04-Sep-2025 01:49:04 Europe/Berlin] Database SQL: INSERT INTO tblinterviewrecordings 
            (REGISTRATIONID, QUESTION_NUMBER, FILE_PATH, DURATION, RECORDED_AT, CONVERSATION_TURN, QUESTION_TYPE, TRANSCRIPT) 
            VALUES 
            ('2', 2, 'uploads/interviews/2/conversation_turn_4_essential_answer.webm', 5.887, NOW(), 4, 'essential_answer', '')
[04-Sep-2025 01:49:04 Europe/Berlin] Upload completed successfully
[04-Sep-2025 01:49:04 Europe/Berlin] === Simple Upload Working Ended ===
[04-Sep-2025 01:49:31 Europe/Berlin] === Simple Upload Working Started ===
[04-Sep-2025 01:49:31 Europe/Berlin] Request Method: POST
[04-Sep-2025 01:49:31 Europe/Berlin] POST Data: {"conversationTurn":"5","questionType":"essential_answer","currentEssentialQuestion":"3","duration":"6.722","token":"822be630d1f9d890c597fc9dd8e60a0c9ae3555a07780c74730ab4571d7dfdf7","registrationId":"2","transcript":""}
[04-Sep-2025 01:49:31 Europe/Berlin] FILES Data: {"video":{"name":"conversation_turn_5_essential_answer.webm","full_path":"conversation_turn_5_essential_answer.webm","type":"video\/webm","tmp_name":"C:\\xampp\\tmp\\phpEE25.tmp","error":0,"size":472291}}
[04-Sep-2025 01:49:31 Europe/Berlin] Database connection successful
[04-Sep-2025 01:49:31 Europe/Berlin] Token received: 822be630d1f9d890c597fc9dd8e60a0c9ae3555a07780c74730ab4571d7dfdf7
[04-Sep-2025 01:49:31 Europe/Berlin] Token validated successfully
[04-Sep-2025 01:49:31 Europe/Berlin] Moving file from C:\xampp\tmp\phpEE25.tmp to uploads/interviews/2/conversation_turn_5_essential_answer.webm
[04-Sep-2025 01:49:31 Europe/Berlin] Database SQL: INSERT INTO tblinterviewrecordings 
            (REGISTRATIONID, QUESTION_NUMBER, FILE_PATH, DURATION, RECORDED_AT, CONVERSATION_TURN, QUESTION_TYPE, TRANSCRIPT) 
            VALUES 
            ('2', 3, 'uploads/interviews/2/conversation_turn_5_essential_answer.webm', 6.722, NOW(), 5, 'essential_answer', '')
[04-Sep-2025 01:49:31 Europe/Berlin] Upload completed successfully
[04-Sep-2025 01:49:31 Europe/Berlin] === Simple Upload Working Ended ===
[04-Sep-2025 01:50:00 Europe/Berlin] === Simple Upload Working Started ===
[04-Sep-2025 01:50:00 Europe/Berlin] Request Method: POST
[04-Sep-2025 01:50:00 Europe/Berlin] POST Data: {"conversationTurn":"6","questionType":"essential_answer","currentEssentialQuestion":"4","duration":"6.155","token":"822be630d1f9d890c597fc9dd8e60a0c9ae3555a07780c74730ab4571d7dfdf7","registrationId":"2","transcript":""}
[04-Sep-2025 01:50:00 Europe/Berlin] FILES Data: {"video":{"name":"conversation_turn_6_essential_answer.webm","full_path":"conversation_turn_6_essential_answer.webm","type":"video\/webm","tmp_name":"C:\\xampp\\tmp\\php5D7A.tmp","error":0,"size":431465}}
[04-Sep-2025 01:50:00 Europe/Berlin] Database connection successful
[04-Sep-2025 01:50:00 Europe/Berlin] Token received: 822be630d1f9d890c597fc9dd8e60a0c9ae3555a07780c74730ab4571d7dfdf7
[04-Sep-2025 01:50:00 Europe/Berlin] Token validated successfully
[04-Sep-2025 01:50:00 Europe/Berlin] Moving file from C:\xampp\tmp\php5D7A.tmp to uploads/interviews/2/conversation_turn_6_essential_answer.webm
[04-Sep-2025 01:50:00 Europe/Berlin] Database SQL: INSERT INTO tblinterviewrecordings 
            (REGISTRATIONID, QUESTION_NUMBER, FILE_PATH, DURATION, RECORDED_AT, CONVERSATION_TURN, QUESTION_TYPE, TRANSCRIPT) 
            VALUES 
            ('2', 4, 'uploads/interviews/2/conversation_turn_6_essential_answer.webm', 6.155, NOW(), 6, 'essential_answer', '')
[04-Sep-2025 01:50:00 Europe/Berlin] Upload completed successfully
[04-Sep-2025 01:50:00 Europe/Berlin] === Simple Upload Working Ended ===
[04-Sep-2025 01:50:22 Europe/Berlin] === Simple Upload Working Started ===
[04-Sep-2025 01:50:22 Europe/Berlin] Request Method: POST
[04-Sep-2025 01:50:22 Europe/Berlin] POST Data: {"conversationTurn":"7","questionType":"essential_answer","currentEssentialQuestion":"5","duration":"2.54","token":"822be630d1f9d890c597fc9dd8e60a0c9ae3555a07780c74730ab4571d7dfdf7","registrationId":"2","transcript":""}
[04-Sep-2025 01:50:22 Europe/Berlin] FILES Data: {"video":{"name":"conversation_turn_7_essential_answer.webm","full_path":"conversation_turn_7_essential_answer.webm","type":"video\/webm","tmp_name":"C:\\xampp\\tmp\\phpB446.tmp","error":0,"size":154643}}
[04-Sep-2025 01:50:22 Europe/Berlin] Database connection successful
[04-Sep-2025 01:50:22 Europe/Berlin] Token received: 822be630d1f9d890c597fc9dd8e60a0c9ae3555a07780c74730ab4571d7dfdf7
[04-Sep-2025 01:50:22 Europe/Berlin] Token validated successfully
[04-Sep-2025 01:50:22 Europe/Berlin] Moving file from C:\xampp\tmp\phpB446.tmp to uploads/interviews/2/conversation_turn_7_essential_answer.webm
[04-Sep-2025 01:50:22 Europe/Berlin] Database SQL: INSERT INTO tblinterviewrecordings 
            (REGISTRATIONID, QUESTION_NUMBER, FILE_PATH, DURATION, RECORDED_AT, CONVERSATION_TURN, QUESTION_TYPE, TRANSCRIPT) 
            VALUES 
            ('2', 5, 'uploads/interviews/2/conversation_turn_7_essential_answer.webm', 2.54, NOW(), 7, 'essential_answer', '')
[04-Sep-2025 01:50:22 Europe/Berlin] Upload completed successfully
[04-Sep-2025 01:50:22 Europe/Berlin] === Simple Upload Working Ended ===
[04-Sep-2025 01:50:47 Europe/Berlin] === Simple Upload Working Started ===
[04-Sep-2025 01:50:47 Europe/Berlin] Request Method: POST
[04-Sep-2025 01:50:47 Europe/Berlin] POST Data: {"conversationTurn":"8","questionType":"essential_answer","currentEssentialQuestion":"6","duration":"3.71","token":"822be630d1f9d890c597fc9dd8e60a0c9ae3555a07780c74730ab4571d7dfdf7","registrationId":"2","transcript":""}
[04-Sep-2025 01:50:47 Europe/Berlin] FILES Data: {"video":{"name":"conversation_turn_8_essential_answer.webm","full_path":"conversation_turn_8_essential_answer.webm","type":"video\/webm","tmp_name":"C:\\xampp\\tmp\\php160E.tmp","error":0,"size":258155}}
[04-Sep-2025 01:50:47 Europe/Berlin] Database connection successful
[04-Sep-2025 01:50:47 Europe/Berlin] Token received: 822be630d1f9d890c597fc9dd8e60a0c9ae3555a07780c74730ab4571d7dfdf7
[04-Sep-2025 01:50:47 Europe/Berlin] Token validated successfully
[04-Sep-2025 01:50:47 Europe/Berlin] Moving file from C:\xampp\tmp\php160E.tmp to uploads/interviews/2/conversation_turn_8_essential_answer.webm
[04-Sep-2025 01:50:47 Europe/Berlin] Database SQL: INSERT INTO tblinterviewrecordings 
            (REGISTRATIONID, QUESTION_NUMBER, FILE_PATH, DURATION, RECORDED_AT, CONVERSATION_TURN, QUESTION_TYPE, TRANSCRIPT) 
            VALUES 
            ('2', 6, 'uploads/interviews/2/conversation_turn_8_essential_answer.webm', 3.71, NOW(), 8, 'essential_answer', '')
[04-Sep-2025 01:50:47 Europe/Berlin] Upload completed successfully
[04-Sep-2025 01:50:47 Europe/Berlin] === Simple Upload Working Ended ===
[04-Sep-2025 01:55:01 Europe/Berlin] === Simple Upload Working Started ===
[04-Sep-2025 01:55:01 Europe/Berlin] Request Method: POST
[04-Sep-2025 01:55:01 Europe/Berlin] POST Data: {"conversationTurn":"2","questionType":"essential_answer","currentEssentialQuestion":"0","duration":"6.967","token":"822be630d1f9d890c597fc9dd8e60a0c9ae3555a07780c74730ab4571d7dfdf7","registrationId":"2","transcript":""}
[04-Sep-2025 01:55:01 Europe/Berlin] FILES Data: {"video":{"name":"conversation_turn_2_essential_answer.webm","full_path":"conversation_turn_2_essential_answer.webm","type":"video\/webm","tmp_name":"C:\\xampp\\tmp\\phpF5AF.tmp","error":0,"size":481733}}
[04-Sep-2025 01:55:01 Europe/Berlin] Database connection successful
[04-Sep-2025 01:55:01 Europe/Berlin] Token received: 822be630d1f9d890c597fc9dd8e60a0c9ae3555a07780c74730ab4571d7dfdf7
[04-Sep-2025 01:55:01 Europe/Berlin] Token validated successfully
[04-Sep-2025 01:55:01 Europe/Berlin] Moving file from C:\xampp\tmp\phpF5AF.tmp to uploads/interviews/2/conversation_turn_2_essential_answer.webm
[04-Sep-2025 01:55:01 Europe/Berlin] Database SQL: INSERT INTO tblinterviewrecordings 
            (REGISTRATIONID, QUESTION_NUMBER, FILE_PATH, DURATION, RECORDED_AT, CONVERSATION_TURN, QUESTION_TYPE, TRANSCRIPT) 
            VALUES 
            ('2', 0, 'uploads/interviews/2/conversation_turn_2_essential_answer.webm', 6.967, NOW(), 2, 'essential_answer', '')
[04-Sep-2025 01:55:01 Europe/Berlin] Upload completed successfully
[04-Sep-2025 01:55:01 Europe/Berlin] === Simple Upload Working Ended ===
[04-Sep-2025 01:55:24 Europe/Berlin] === Simple Upload Working Started ===
[04-Sep-2025 01:55:24 Europe/Berlin] Request Method: POST
[04-Sep-2025 01:55:24 Europe/Berlin] POST Data: {"conversationTurn":"2","questionType":"essential_answer","currentEssentialQuestion":"1","duration":"1.826","token":"822be630d1f9d890c597fc9dd8e60a0c9ae3555a07780c74730ab4571d7dfdf7","registrationId":"2","transcript":""}
[04-Sep-2025 01:55:24 Europe/Berlin] FILES Data: {"video":{"name":"conversation_turn_2_essential_answer.webm","full_path":"conversation_turn_2_essential_answer.webm","type":"video\/webm","tmp_name":"C:\\xampp\\tmp\\php4F2A.tmp","error":0,"size":103127}}
[04-Sep-2025 01:55:24 Europe/Berlin] Database connection successful
[04-Sep-2025 01:55:24 Europe/Berlin] Token received: 822be630d1f9d890c597fc9dd8e60a0c9ae3555a07780c74730ab4571d7dfdf7
[04-Sep-2025 01:55:24 Europe/Berlin] Token validated successfully
[04-Sep-2025 01:55:24 Europe/Berlin] Moving file from C:\xampp\tmp\php4F2A.tmp to uploads/interviews/2/conversation_turn_2_essential_answer.webm
[04-Sep-2025 01:55:24 Europe/Berlin] Database SQL: INSERT INTO tblinterviewrecordings 
            (REGISTRATIONID, QUESTION_NUMBER, FILE_PATH, DURATION, RECORDED_AT, CONVERSATION_TURN, QUESTION_TYPE, TRANSCRIPT) 
            VALUES 
            ('2', 1, 'uploads/interviews/2/conversation_turn_2_essential_answer.webm', 1.826, NOW(), 2, 'essential_answer', '')
[04-Sep-2025 01:55:24 Europe/Berlin] Upload completed successfully
[04-Sep-2025 01:55:24 Europe/Berlin] === Simple Upload Working Ended ===
